date,ticker,company_name,asset_class,sector,open,high,low,close,volume,daily_return,hv_21d,hv_30d,hv_60d,iv_atm_30d,vol_risk_premium,yield_10y,yield_2y,yield_spread_10y2y,fed_funds_rate,cpi_index,source
2026-09-18,AAPL,Apple Inc.,Equity,Consumer Electronics,337.905,338.49,332.53,336.13,86588203,-0.002582,0.2244774565814866,0.21341078399305255,0.32411786016306393,,,,,0.25,,,polygon
2026-09-17,AAPL,Apple Inc.,Equity,Consumer Electronics,334.77,338.34,330.1833,337.0,36700225,0.013808,0.23272386423987937,0.21295048819604245,0.32423447309491443,,,4.94,4.67,0.27,,,polygon
2026-09-16,AAPL,Apple Inc.,Equity,Consumer Electronics,332.53,335.48,330.7,332.41,35981000,0.003229,0.23311154794487524,0.21053443045021827,0.32417224994674915,,,5.01,4.74,0.27,,,polygon
2026-09-15,AAPL,Apple Inc.,Equity,Consumer Electronics,330.135,331.78,328.35,331.34,31748183,-0.005224,0.2337777680198519,0.2162666016128524,0.3243362321571769,,,5.0,4.67,0.33,,,polygon
2026-09-14,AAPL,Apple Inc.,Equity,Consumer Electronics,334.79,335.5,331.34,333.08,39269147,0.002438,0.23156515930977298,0.22344516394529185,0.324172824762631,,,4.97,4.65,0.32,,,polygon
2026-09-11,AAPL,Apple Inc.,Equity,Consumer Electronics,327.45,336.22,326.3,332.27,50716865,0.017454,0.23231264420367237,0.31971092452065175,0.3252672473389395,,,4.96,4.63,0.33,,,polygon
2026-09-10,AAPL,Apple Inc.,Equity,Consumer Electronics,316.67,326.74,316.51,326.57,70011913,0.035612,0.23177181634176042,0.317818661980907,0.32406061588044194,,,4.95,4.56,0.39,,,polygon
2026-09-09,AAPL,Apple Inc.,Equity,Consumer Electronics,315.485,319.15,309.9,315.34,65639962,-0.002783,0.2056947171149945,0.29889759796141274,0.31840842798549246,,,4.83,4.43,0.4,,,polygon
2026-09-08,AAPL,Apple Inc.,Equity,Consumer Electronics,317.1,320.7,314.9,316.22,35477090,-0.01172,0.21406648994071606,0.30087096794533513,0.3201362375318794,,,4.8,4.39,0.41,,,polygon
2026-09-04,AAPL,Apple Inc.,Equity,Consumer Electronics,328.305,328.93,317.86,319.97,39606884,-0.025106,0.20949886910843077,0.3019738101269414,0.3200226388592963,,,4.78,4.37,0.41,,,polygon
2026-09-03,AAPL,Apple Inc.,Equity,Consumer Electronics,324.87,330.81,324.11,328.21,37225838,0.010001,0.18602183194854777,0.3104562742186405,0.3150615213081457,,,4.77,4.34,0.43,,,polygon
2026-09-02,AAPL,Apple Inc.,Equity,Consumer Electronics,326.865,328.4,323.53,324.96,33776370,-0.000523,0.18436974522161564,0.3116425920916549,0.324634211587874,,,4.79,4.39,0.4,,,polygon
2026-09-01,AAPL,Apple Inc.,Equity,Consumer Electronics,316.98,327.3,314.73,325.13,53167388,0.026132,0.19323401522952394,0.3120593292265279,0.3272757658889159,,,4.79,4.39,0.4,,,polygon
2026-08-31,AAPL,Apple Inc.,Equity,Consumer Electronics,319.6,321.235,312.8,316.85,41242724,-0.008915,0.18837504347205558,0.3024214124750852,0.3242612857293512,,,4.75,4.34,0.41,,,polygon
2026-08-28,AAPL,Apple Inc.,Equity,Consumer Electronics,316.845,322.37,315.4504,319.7,38649398,0.016276,0.32758705829212637,0.3075190415737538,0.3237334801392229,,,4.73,4.34,0.39,,,polygon
2026-08-27,AAPL,Apple Inc.,Equity,Consumer Electronics,310.545,315.4,309.4001,314.58,32419233,0.003605,0.32323259246187286,0.3031373166965629,0.3237585085925241,,,4.67,4.2,0.47,,,polygon
2026-08-26,AAPL,Apple Inc.,Equity,Consumer Electronics,310.3,315.43,308.8001,313.45,34024486,0.011455,0.3222739828290482,0.30794167101581316,0.32897229492126795,,,4.66,4.19,0.47,,,polygon
2026-08-25,AAPL,Apple Inc.,Equity,Consumer Electronics,310.79,313.59,308.21,309.9,25869807,-0.001418,0.32113905675143545,0.3280955003556019,0.33042444873742016,,,4.64,4.17,0.47,,,polygon
2026-08-24,AAPL,Apple Inc.,Equity,Consumer Electronics,311.47,313.36,309.97,310.34,34673582,0.0032,0.3255905714905406,0.3287573198931605,0.3304248255539556,,,4.7,4.24,0.46,,,polygon
2026-08-21,AAPL,Apple Inc.,Equity,Consumer Electronics,312.05,312.38,307.01,309.35,46876815,-0.006264,0.35089893270532985,0.3292015412449447,0.3305448663930342,,,4.74,4.24,0.5,,,polygon
2026-08-20,AAPL,Apple Inc.,Equity,Consumer Electronics,317.455,320.28,310.65,311.3,40959184,-0.017454,0.3527578607765875,0.32883998455543434,0.3307104143954351,,,4.69,4.19,0.5,,,polygon
2026-08-19,AAPL,Apple Inc.,Equity,Consumer Electronics,310.14,319.2799,309.6,316.83,50505646,0.021933,0.3485774566186848,0.32585343428906755,0.3286574596259559,,,4.65,4.19,0.46,,,polygon
2026-08-18,AAPL,Apple Inc.,Equity,Consumer Electronics,307.58,311.49,305.74,310.03,53424535,0.014529,0.3388122926460776,0.32060648864632196,0.326646452993578,,,4.71,4.19,0.52,,,polygon
2026-08-17,AAPL,Apple Inc.,Equity,Consumer Electronics,306.21,307.66,302.939,305.59,38169263,-0.001111,0.33918640955621193,0.31810054601093657,0.32583364583443863,,,4.72,4.19,0.53,,,polygon
2026-08-14,AAPL,Apple Inc.,Equity,Consumer Electronics,306.0,307.49,304.3,305.93,28229375,0.002195,0.33959359652211957,0.3205758511374759,0.3265603907642943,,,4.68,4.17,0.51,,,polygon
2026-08-13,AAPL,Apple Inc.,Equity,Consumer Electronics,304.21,306.0,302.05,305.26,40349289,0.009959,0.34715852355400006,0.3489784733815773,0.32661445400734634,,,4.63,4.15,0.48,,,polygon
2026-08-12,AAPL,Apple Inc.,Equity,Consumer Electronics,305.1,305.66,300.57,302.25,41657768,-0.008724,0.37518885466550206,0.3511904302154533,0.32645111585097747,,,4.68,4.2,0.48,,,polygon
2026-08-11,AAPL,Apple Inc.,Equity,Consumer Electronics,307.75,309.97,302.79,304.91,37476746,-0.010867,0.3749737167643319,0.3572075846921131,0.32619798495870034,,,4.7,4.22,0.48,,,polygon
2026-08-10,AAPL,Apple Inc.,Equity,Consumer Electronics,306.83,308.26,304.61,308.26,44812503,-0.016181,0.3744934297625844,0.35614334312032714,0.3253967575773778,,,4.72,4.25,0.47,,,polygon
2026-08-07,AAPL,Apple Inc.,Equity,Consumer Electronics,311.45,314.81,310.74,313.33,34437191,0.002945,0.3704748083997191,0.3604244483845406,0.32458122803834677,,,4.65,4.19,0.46,,,polygon
2026-08-06,AAPL,Apple Inc.,Equity,Consumer Electronics,314.34,316.2894,309.23,312.41,46139901,0.004534,0.3717601434369847,0.41008603102960717,0.3248077974871617,,,4.69,4.25,0.44,,,polygon
2026-08-05,AAPL,Apple Inc.,Equity,Consumer Electronics,309.36,311.71,305.67,311.0,49438763,0.005236,0.37271637149420855,0.4104168132603869,0.3247956044398389,,,4.63,4.18,0.45,,,polygon
2026-08-04,AAPL,Apple Inc.,Equity,Consumer Electronics,302.725,310.42,301.32,309.38,68000969,0.019643,0.3728628315554593,0.41150350196958835,0.3270869064594591,,,4.63,4.2,0.43,,,polygon
2026-08-03,AAPL,Apple Inc.,Equity,Consumer Electronics,309.58,311.8,302.56,303.42,75051951,-0.017772,0.36915090522193866,0.4080854462522467,0.3248823796974691,,,4.7,4.25,0.45,,,polygon
2026-07-31,AAPL,Apple Inc.,Equity,Consumer Electronics,304.81,310.69,300.0,308.91,132489137,-0.073539,0.39894626770023,0.4046224184257291,0.3232115034518245,,,4.75,4.28,0.47,3.63,332.813,polygon
2026-07-30,AAPL,Apple Inc.,Equity,Consumer Electronics,333.1,334.75,329.59,333.43,74817792,-0.014075,0.2805488499195404,0.33350356582297846,0.283744606811123,,,4.68,4.23,0.45,3.63,332.813,polygon
2026-07-29,AAPL,Apple Inc.,Equity,Consumer Electronics,339.73,344.5699,337.3501,338.19,56090840,-0.005558,0.2778427777254642,0.3295662907796005,0.2831875846752108,,,4.67,4.22,0.45,3.63,332.813,polygon
2026-07-28,AAPL,Apple Inc.,Equity,Consumer Electronics,340.03,342.89,335.6,340.08,51859042,0.009409,0.27896102295419345,0.3304541073225721,0.2886164852211414,,,4.61,4.26,0.35,3.63,332.813,polygon
2026-07-27,AAPL,Apple Inc.,Equity,Consumer Electronics,334.54,339.57,334.02,336.91,49604297,0.011681,0.28944853515415414,0.3354543564576083,0.28838369386565127,,,4.65,4.31,0.34,3.63,332.813,polygon
2026-07-24,AAPL,Apple Inc.,Equity,Consumer Electronics,321.79,334.37,321.62,333.02,47489415,0.035317,0.3835444699882482,0.3359235421923125,0.2881331726525545,,,4.69,4.33,0.36,3.63,332.813,polygon
2026-07-23,AAPL,Apple Inc.,Equity,Consumer Electronics,321.73,323.3,319.35,321.66,40840778,-0.01298,0.37040166148766096,0.32342525652853016,0.2812256464590988,,,4.71,4.37,0.34,3.63,332.813,polygon
2026-07-22,AAPL,Apple Inc.,Equity,Consumer Electronics,327.87,328.9995,323.34,325.89,38755929,-0.005645,0.3683481079815276,0.34109942151938716,0.2811635769154935,,,4.67,4.31,0.36,3.63,332.813,polygon
2026-07-21,AAPL,Apple Inc.,Equity,Consumer Electronics,323.13,329.6,322.2204,327.74,41338917,0.003521,0.36764073022951127,0.3460852609360172,0.2816362564993761,,,4.63,4.26,0.37,3.63,332.813,polygon
2026-07-20,AAPL,Apple Inc.,Equity,Consumer Electronics,333.505,333.71,323.68,326.59,53468008,-0.021424,0.36771296364227957,0.3486637595854211,0.2816659993589931,,,4.6,4.21,0.39,3.63,332.813,polygon
2026-07-17,AAPL,Apple Inc.,Equity,Consumer Electronics,331.98,334.99,329.0006,333.74,63407059,0.00144,0.35989244872723347,0.341622899720575,0.2807819533853821,,,4.55,4.18,0.37,3.63,332.813,polygon
2026-07-16,AAPL,Apple Inc.,Equity,Consumer Electronics,328.005,334.68,326.79,333.26,62970617,0.017588,0.3599112070495186,0.3456862085127815,0.2871025415864233,,,4.57,4.16,0.41,3.63,332.813,polygon
2026-07-15,AAPL,Apple Inc.,Equity,Consumer Electronics,317.615,328.73,317.32,327.5,60957644,0.040145,0.36015424646612415,0.3515298888262411,0.28598326034372246,,,4.55,4.13,0.42,3.63,332.813,polygon
2026-07-14,AAPL,Apple Inc.,Equity,Consumer Electronics,313.76,316.19,311.91,314.86,36336829,-0.007721,0.34509020679539854,0.33821540420022445,0.2798779260556015,,,4.58,4.18,0.4,3.63,332.813,polygon
2026-07-13,AAPL,Apple Inc.,Equity,Consumer Electronics,317.015,323.45,315.78,317.31,43257804,0.006311,0.3447026817450797,0.33740397668779776,0.2805824417521941,,,4.62,4.26,0.36,3.63,332.813,polygon
2026-07-10,AAPL,Apple Inc.,Equity,Consumer Electronics,314.72,316.91,312.17,315.32,34132321,-0.002846,0.3446067230223749,0.3372717856386818,0.28554268133519534,,,4.56,4.21,0.35,3.63,332.813,polygon
2026-07-09,AAPL,Apple Inc.,Equity,Consumer Electronics,310.51,316.53,308.16,316.22,48124490,0.00903,0.3723971446665936,0.33783358815555464,0.28542694088271636,,,4.54,4.16,0.38,3.63,332.813,polygon
2026-07-08,AAPL,Apple Inc.,Equity,Consumer Electronics,311.91,314.82,307.05,313.39,41323480,0.008788,0.3786325827317594,0.3370068389521056,0.28566968442467455,,,4.56,4.21,0.35,3.63,332.813,polygon
2026-07-07,AAPL,Apple Inc.,Equity,Consumer Electronics,315.29,315.48,310.15,310.66,42490002,-0.006397,0.3802858581962377,0.3379733130621877,0.2854926902199062,,,4.55,4.19,0.36,3.63,332.813,polygon
2026-07-06,AAPL,Apple Inc.,Equity,Consumer Electronics,307.36,314.2,307.0,312.66,53589977,0.013058,0.3797204396708364,0.3381448827819274,0.2848940846870597,,,4.48,4.13,0.35,3.63,332.813,polygon
2026-07-02,AAPL,Apple Inc.,Equity,Consumer Electronics,294.12,309.42,293.68,308.63,75400626,0.048407,0.38076310667969526,0.33756959099359624,0.2865676464582248,,,4.49,4.14,0.35,3.63,332.813,polygon
2026-07-01,AAPL,Apple Inc.,Equity,Consumer Electronics,293.44,296.59,289.195,294.38,50164232,0.017349,0.35560795377258003,0.30807982227821623,0.27572807448253694,,,4.48,4.17,0.31,3.63,332.813,polygon
2026-06-30,AAPL,Apple Inc.,Equity,Consumer Electronics,281.17,289.94,280.695,289.36,65100155,0.027046,0.3530044664178937,0.3042091263077589,0.2746326054727008,,,4.44,4.14,0.3,3.63,332.568,polygon
2026-06-29,AAPL,Apple Inc.,Equity,Consumer Electronics,286.73,288.3697,279.85,281.74,66427002,-0.007189,0.33562001168172,0.2936145353307843,0.26979056847515254,,,4.38,4.1,0.28,3.63,332.568,polygon
2026-06-26,AAPL,Apple Inc.,Equity,Consumer Electronics,275.0,285.95,274.21,283.78,261775450,0.031365,0.3373541663319068,0.2931844108994898,0.2693933256195822,,,4.38,4.07,0.31,3.63,332.568,polygon
2026-06-25,AAPL,Apple Inc.,Equity,Consumer Electronics,287.4,288.8,273.75,275.15,107253659,-0.061178,0.31595643029987297,0.280539201367712,0.2683892669215909,,,4.4,4.09,0.31,3.63,332.568,polygon
2026-06-24,AAPL,Apple Inc.,Equity,Consumer Electronics,295.355,299.7,292.94,293.08,53081859,-0.004145,0.23618040533844872,0.21424697867146722,0.23298316589206228,,,4.41,4.11,0.3,3.63,332.568,polygon
2026-06-23,AAPL,Apple Inc.,Equity,Consumer Electronics,297.538,301.64,294.18,294.3,52010929,-0.009124,0.24166974097097124,0.21398737320598707,0.23583013245178663,,,4.5,4.16,0.34,3.63,332.568,polygon
2026-06-22,AAPL,Apple Inc.,Equity,Consumer Electronics,297.31,302.42,296.76,297.01,44879914,-0.003356,0.24280052096351754,0.21980976297680108,0.23459209107262158,,,4.51,4.24,0.27,3.63,332.568,polygon
2026-06-18,AAPL,Apple Inc.,Equity,Consumer Electronics,298.11,300.57,295.62,298.01,85962201,0.006961,0.24594134420147157,0.21944635513544788,0.23426253091991586,,,4.46,4.19,0.27,3.63,332.568,polygon
2026-06-17,AAPL,Apple Inc.,Equity,Consumer Electronics,300.845,302.07,294.36,295.95,42745060,-0.010995,0.24503768199150555,0.22093791974808802,0.23414685322326395,,,4.49,4.2,0.29,3.63,332.568,polygon
2026-06-16,AAPL,Apple Inc.,Equity,Consumer Electronics,295.245,300.48,293.97,299.24,39874404,0.009514,0.24356951761302156,0.22899838321013075,0.2334863133481385,,,4.43,4.05,0.38,3.63,332.568,polygon
2026-06-15,AAPL,Apple Inc.,Equity,Consumer Electronics,294.12,297.78,291.7,296.42,45732573,0.018171,0.2423953672341074,0.2317751348085198,0.23354431859680477,,,4.47,4.07,0.4,3.63,332.568,polygon
2026-06-12,AAPL,Apple Inc.,Equity,Consumer Electronics,296.03,297.14,289.62,291.13,38784789,-0.015222,0.2331093587311137,0.24335941480771417,0.23180711891411,,,4.48,4.09,0.39,3.63,332.568,polygon
2026-06-11,AAPL,Apple Inc.,Equity,Consumer Electronics,293.72,297.0,289.59,295.63,42572497,0.01389,0.23270731042205048,0.23754817099828276,0.23238537677780657,,,4.45,4.05,0.4,3.63,332.568,polygon
2026-06-10,AAPL,Apple Inc.,Equity,Consumer Electronics,290.74,294.75,287.38,291.58,52793266,0.003545,0.22892729283323482,0.23571572809212096,0.23128847539687486,,,4.55,4.13,0.42,3.63,332.568,polygon
2026-06-09,AAPL,Apple Inc.,Equity,Consumer Electronics,300.275,300.75,287.78,290.55,70108847,-0.036446,0.22861435969556218,0.2371583295696217,0.23191247963738526,,,4.53,4.13,0.4,3.63,332.568,polygon
2026-06-08,AAPL,Apple Inc.,Equity,Consumer Electronics,308.739,317.4,301.17,301.54,77949082,-0.018872,0.1968281946513978,0.21062302153097143,0.22290744726537104,,,4.56,4.15,0.41,3.63,332.568,polygon
2026-06-05,AAPL,Apple Inc.,Equity,Consumer Electronics,312.86,315.17,307.15,307.34,65310502,-0.012499,0.1813159462925025,0.20296978319179065,0.22311883184589043,,,4.55,4.17,0.38,3.63,332.568,polygon
2026-06-04,AAPL,Apple Inc.,Equity,Consumer Electronics,313.23,313.54,309.65,311.23,44869134,0.003126,0.17407185372824174,0.19713106022390026,0.22091414408555077,,,4.47,4.05,0.42,3.63,332.568,polygon
2026-06-03,AAPL,Apple Inc.,Equity,Consumer Electronics,314.175,316.94,308.85,310.26,50836705,-0.015673,0.18971546435007317,0.20677272020250567,0.22091859356428817,,,4.49,4.08,0.41,3.63,332.568,polygon
2026-06-02,AAPL,Apple Inc.,Equity,Consumer Electronics,307.46,315.45,306.685,315.2,44534716,0.029023,0.18461757671645185,0.21698325977906685,0.21779233474906856,,,4.46,4.05,0.41,3.63,332.568,polygon
2026-06-01,AAPL,Apple Inc.,Equity,Consumer Electronics,309.625,310.94,305.02,306.31,48849933,-0.018426,0.19001840137484585,0.2057311201600399,0.2132504129217976,,,4.47,4.05,0.42,3.63,332.568,polygon
2026-05-29,AAPL,Apple Inc.,Equity,Consumer Electronics,311.775,315.0,309.53,312.06,70026752,-0.00144,0.16832606865655633,0.20307585301582698,0.2099254972991295,,,4.45,3.98,0.47,3.63,333.979,polygon
2026-05-28,AAPL,Apple Inc.,Equity,Consumer Electronics,310.68,312.8,309.57,312.51,48220390,0.00534,0.16868219659131017,0.2081137928208041,0.21031406875384803,,,4.45,3.99,0.46,3.63,333.979,polygon
2026-05-27,AAPL,Apple Inc.,Equity,Consumer Electronics,308.33,313.26,308.3,310.85,50430919,0.008173,0.1693453666596725,0.21908647587077382,0.2106654607396205,,,4.48,4.0,0.48,3.63,333.979,polygon
2026-05-26,AAPL,Apple Inc.,Equity,Consumer Electronics,309.56,311.82,307.67,308.33,48000493,-0.001587,0.1827908244248734,0.22006701678498491,0.21036055638354872,,,4.5,4.01,0.49,3.63,333.979,polygon
2026-05-22,AAPL,Apple Inc.,Equity,Consumer Electronics,306.12,311.4,305.84,308.82,43670223,0.012558,0.18816362251494484,0.22124845524772968,0.22228603386645038,,,4.56,4.13,0.43,3.63,333.979,polygon
2026-05-21,AAPL,Apple Inc.,Equity,Consumer Electronics,301.055,305.54,300.4,304.99,42965126,0.009065,0.18723955348284751,0.22087703654179341,0.2216304078917178,,,4.57,4.08,0.49,3.63,333.979,polygon
2026-05-20,AAPL,Apple Inc.,Equity,Consumer Electronics,298.18,302.8,298.08,302.25,38229843,0.010971,0.20028011868668846,0.2206068966360835,0.22145618652684498,,,4.57,4.04,0.53,3.63,333.979,polygon
2026-05-19,AAPL,Apple Inc.,Equity,Consumer Electronics,296.97,300.51,296.35,298.97,42243561,0.003794,0.22710971860557755,0.2248372469604425,0.2246150352503187,,,4.67,4.13,0.54,3.63,333.979,polygon
2026-05-18,AAPL,Apple Inc.,Equity,Consumer Electronics,300.24,300.66,294.91,297.84,34482959,-0.007961,0.2280621462696746,0.2375211092271518,0.22474091624730172,,,4.61,4.07,0.54,3.63,333.979,polygon
2026-05-15,AAPL,Apple Inc.,Equity,Consumer Electronics,297.9,303.2,296.52,300.23,54862836,0.006774,0.23423536213818874,0.23517681726035125,0.22538162457670124,,,4.59,4.09,0.5,3.63,333.979,polygon
2026-05-14,AAPL,Apple Inc.,Equity,Consumer Electronics,299.82,300.45,295.38,298.21,35324922,-0.002208,0.24207097637471256,0.23544374376873417,0.2277664020123118,,,4.47,4.0,0.47,3.63,333.979,polygon
2026-05-13,AAPL,Apple Inc.,Equity,Consumer Electronics,293.5,300.92,293.5,298.87,52684260,0.013806,0.25356472473933706,0.2344715426007403,0.22759740795779024,,,4.46,3.98,0.48,3.63,333.979,polygon
2026-05-12,AAPL,Apple Inc.,Equity,Consumer Electronics,292.56,295.27,292.56,294.8,45748129,0.007243,0.2538259429516999,0.24286545085919808,0.23413199904455517,,,4.46,4.0,0.46,3.63,333.979,polygon
2026-05-11,AAPL,Apple Inc.,Equity,Consumer Electronics,291.979,293.88,290.23,292.68,42247285,-0.002182,0.25663973482510466,0.24652628878347507,0.2395822946716012,,,4.42,3.95,0.47,3.63,333.979,polygon
2026-05-08,AAPL,Apple Inc.,Equity,Consumer Electronics,290.01,294.76,290.0,293.32,52692761,0.020456,0.2559315444634081,0.253603990956264,0.26309318780126517,,,4.38,3.9,0.48,3.63,333.979,polygon
2026-05-07,AAPL,Apple Inc.,Equity,Consumer Electronics,289.27,292.13,285.78,287.44,45224300,-0.000243,0.2503977590707053,0.24960581344524957,0.2603124156079859,,,4.41,3.92,0.49,3.63,333.979,polygon
2026-05-06,AAPL,Apple Inc.,Equity,Consumer Electronics,281.915,288.03,281.07,287.51,58336072,0.011718,0.255632432582756,0.24923866860390329,0.2604496857625922,,,4.36,3.87,0.49,3.63,333.979,polygon
2026-05-05,AAPL,Apple Inc.,Equity,Consumer Electronics,276.925,284.57,276.501,284.18,49311712,0.026551,0.27099527532691503,0.24851877258064875,0.26087564260749063,,,4.43,3.93,0.5,3.63,333.979,polygon
2026-05-04,AAPL,Apple Inc.,Equity,Consumer Electronics,279.655,280.63,274.8601,276.83,46668401,-0.011816,0.2606811923378196,0.24149825012392853,0.2557877552601224,,,4.45,3.95,0.5,3.63,333.979,polygon
2026-05-01,AAPL,Apple Inc.,Equity,Consumer Electronics,278.855,287.22,278.37,280.14,79915442,0.032394,0.2546803115824331,0.238115591774572,0.25462000545278274,,,4.39,3.88,0.51,3.63,333.979,polygon
2026-04-30,AAPL,Apple Inc.,Equity,Consumer Electronics,270.5,276.0,268.14,271.35,91848230,0.004368,0.23464442939802402,0.22378098409644984,0.25162676912415405,,,4.4,3.88,0.52,3.64,332.407,polygon
2026-04-29,AAPL,Apple Inc.,Equity,Consumer Electronics,267.55,271.04,267.04,270.17,30047869,-0.001995,0.2506733704128913,0.23090061798334857,0.25150502186794954,,,4.42,3.92,0.5,3.64,332.407,polygon
2026-04-28,AAPL,Apple Inc.,Equity,Consumer Electronics,272.335,273.23,268.66,270.71,40018940,0.011584,0.2539020562447047,0.2307951729061068,0.2643268861464446,,,4.36,3.84,0.52,3.64,332.407,polygon
2026-04-27,AAPL,Apple Inc.,Equity,Consumer Electronics,266.09,268.36,265.07,267.61,41466762,-0.012728,0.261721373298527,0.2305346356308879,0.2634995993204157,,,4.35,3.78,0.57,3.64,332.407,polygon
2026-04-24,AAPL,Apple Inc.,Equity,Consumer Electronics,272.755,273.06,269.65,271.06,38157110,-0.008668,0.25570935297855335,0.23745870977966627,0.2623363054792173,,,4.31,3.78,0.53,3.64,332.407,polygon
2026-04-23,AAPL,Apple Inc.,Equity,Consumer Electronics,275.045,275.77,271.65,273.43,33399639,0.000952,0.25191861723252007,0.2436826360024406,0.26210655280804557,,,4.34,3.83,0.51,3.64,332.407,polygon
2026-04-22,AAPL,Apple Inc.,Equity,Consumer Electronics,267.82,273.74,266.87,273.17,43249204,0.026299,0.25197494868578535,0.2437237144031295,0.2629363254676966,,,4.3,3.79,0.51,3.64,332.407,polygon
2026-04-21,AAPL,Apple Inc.,Equity,Consumer Electronics,271.5,272.8,265.4,266.17,50209755,-0.025197,0.24202271810810314,0.23262516834491448,0.26436051010928385,,,4.3,3.78,0.52,3.64,332.407,polygon
2026-04-20,AAPL,Apple Inc.,Equity,Consumer Electronics,270.33,274.275,270.29,273.05,36590169,0.010436,0.2201039095811657,0.21995540575458064,0.2585068724996199,,,4.26,3.72,0.54,3.64,332.407,polygon
2026-04-17,AAPL,Apple Inc.,Equity,Consumer Electronics,266.96,272.3,266.72,270.23,61436228,0.02593,0.22078368289105377,0.2215325258308759,0.25787104459612004,,,4.26,3.71,0.55,3.64,332.407,polygon
2026-04-16,AAPL,Apple Inc.,Equity,Consumer Electronics,266.8,267.16,261.27,263.4,43323112,-0.011373,0.21688568909601658,0.210755644352305,0.2529783838956191,,,4.32,3.78,0.54,3.64,332.407,polygon
2026-04-15,AAPL,Apple Inc.,Equity,Consumer Electronics,258.16,266.56,257.81,266.43,49913510,0.029363,0.21185975402041177,0.20843380278723128,0.26249322100365313,,,4.29,3.76,0.53,3.64,332.407,polygon
2026-04-14,AAPL,Apple Inc.,Equity,Consumer Electronics,259.245,261.93,257.19,258.83,48370710,-0.001427,0.1916528220350148,0.19017591466607783,0.25673760747536906,,,4.26,3.76,0.5,3.64,332.407,polygon
2026-04-13,AAPL,Apple Inc.,Equity,Consumer Electronics,259.73,260.18,256.66,259.2,36234698,-0.004914,0.2087250817504322,0.1903342558041502,0.25709949806141563,,,4.3,3.78,0.52,3.64,332.407,polygon
2026-04-10,AAPL,Apple Inc.,Equity,Consumer Electronics,259.98,262.19,259.0231,260.48,31291473,-3.8e-05,0.21950764331118663,0.21155528434631624,0.25704387190889444,,,4.31,3.81,0.5,3.64,332.407,polygon
2026-04-09,AAPL,Apple Inc.,Equity,Consumer Electronics,259.0,261.12,256.07,260.49,28121574,0.006141,0.21950763525317782,0.21169292113420374,0.2571226581634137,,,4.29,3.78,0.51,3.64,332.407,polygon
2026-04-08,AAPL,Apple Inc.,Equity,Consumer Electronics,258.45,259.7499,256.53,258.9,41032772,0.021302,0.21879555164471934,0.2122300306131114,0.2569061666838961,,,4.29,3.79,0.5,3.64,332.407,polygon
2026-04-07,AAPL,Apple Inc.,Equity,Consumer Electronics,256.155,256.2,245.7,253.5,62148008,-0.020706,0.20794412025957326,0.21324246725566268,0.25313443527016033,,,4.33,3.81,0.52,3.64,332.407,polygon
2026-04-06,AAPL,Apple Inc.,Equity,Consumer Electronics,256.51,262.16,256.46,258.86,29329911,0.011488,0.19838423865036972,0.20624164033415154,0.24968685293887385,,,4.34,3.84,0.5,3.64,332.407,polygon
2026-04-02,AAPL,Apple Inc.,Equity,Consumer Electronics,254.2,256.13,250.65,255.92,31289369,0.001134,0.19559788224946467,0.20847657038822484,0.2490025401427103,,,4.31,3.79,0.52,3.64,332.407,polygon
2026-04-01,AAPL,Apple Inc.,Equity,Consumer Electronics,254.08,256.18,253.33,255.63,40059432,0.00725,0.19575478342451588,0.2121618129084826,0.2517187651796344,,,4.33,3.81,0.52,3.64,332.407,polygon
2026-03-31,AAPL,Apple Inc.,Equity,Consumer Electronics,247.91,255.48,247.101,253.79,49598091,0.029031,0.19326704920971707,0.2108845678883855,0.2525921755212411,,,4.3,3.79,0.51,3.64,330.293,polygon
2026-03-30,AAPL,Apple Inc.,Equity,Consumer Electronics,250.07,250.87,245.51,246.63,39446213,-0.008722,0.15911317910127284,0.21414424506074223,0.24490436431232135,,,4.35,3.82,0.53,3.64,330.293,polygon
2026-03-27,AAPL,Apple Inc.,Equity,Consumer Electronics,253.9,255.493,248.07,248.8,47899998,-0.016173,0.1883467847605907,0.22232166052271493,0.2445282990565558,,,4.44,3.88,0.56,3.64,330.293,polygon
2026-03-26,AAPL,Apple Inc.,Equity,Consumer Electronics,252.115,257.0,250.77,252.89,41796650,0.001069,0.18333537039599684,0.26188090430213284,0.24259959180362842,,,4.42,3.96,0.46,3.64,330.293,polygon
2026-03-25,AAPL,Apple Inc.,Equity,Consumer Electronics,254.095,255.0,251.6,252.62,28476668,0.003894,0.18694616546956652,0.26309751498505746,0.24261054278714117,,,4.33,3.84,0.49,3.64,330.293,polygon
2026-03-24,AAPL,Apple Inc.,Equity,Consumer Electronics,250.35,254.825,249.55,251.64,45152288,0.000596,0.20583387983947837,0.2623667750654904,0.24236803269658533,,,4.39,3.9,0.49,3.64,330.293,polygon
2026-03-23,AAPL,Apple Inc.,Equity,Consumer Electronics,253.97,254.6,250.28,251.49,40546109,0.014113,0.2077730140992774,0.2636373951726423,0.24272668283321533,,,4.34,3.83,0.51,3.64,330.293,polygon
2026-03-20,AAPL,Apple Inc.,Equity,Consumer Electronics,247.975,249.1999,246.0,247.99,88331081,-0.003896,0.20902672702513933,0.2607459060536858,0.241003120868916,,,4.39,3.88,0.51,3.64,330.293,polygon
2026-03-19,AAPL,Apple Inc.,Equity,Consumer Electronics,249.4,251.83,247.3,248.96,34864082,-0.003921,0.21310233551146676,0.26077742164484663,0.24157582064307262,,,4.25,3.79,0.46,3.64,330.293,polygon
2026-03-18,AAPL,Apple Inc.,Equity,Consumer Electronics,252.625,254.94,249.0,249.94,35757874,-0.016874,0.21365708010873433,0.274128716381535,0.2419469215625263,,,4.26,3.76,0.5,3.64,330.293,polygon
2026-03-17,AAPL,Apple Inc.,Equity,Consumer Electronics,252.955,255.13,252.18,254.23,32361607,0.005577,0.23662693241747634,0.27065499405660187,0.23980559830373868,,,4.2,3.68,0.52,3.64,330.293,polygon
2026-03-16,AAPL,Apple Inc.,Equity,Consumer Electronics,252.105,253.885,249.88,252.82,32074209,0.010795,0.24812877748665374,0.29595676711541247,0.24009658916389537,,,4.23,3.68,0.55,3.64,330.293,polygon
2026-03-13,AAPL,Apple Inc.,Equity,Consumer Electronics,255.48,256.33,249.52,250.12,36929988,-0.022052,0.29724851466711943,0.29440220825613017,0.2388672816277709,,,4.28,3.73,0.55,3.64,330.293,polygon
2026-03-12,AAPL,Apple Inc.,Equity,Consumer Electronics,258.66,258.95,254.18,255.76,40794020,-0.019363,0.29240016378851913,0.2882577862642583,0.23663825474350011,,,4.27,3.76,0.51,3.64,330.293,polygon
2026-03-11,AAPL,Apple Inc.,Equity,Consumer Electronics,261.09,262.13,259.55,260.81,26218927,-7.7e-05,0.28632713210620864,0.28316800533678316,0.2336325140920619,,,4.21,3.64,0.57,3.64,330.293,polygon
2026-03-10,AAPL,Apple Inc.,Equity,Consumer Electronics,257.645,262.48,256.95,260.83,30590765,0.003656,0.2883219961263037,0.28488873332129333,0.23364676622900338,,,4.15,3.57,0.58,3.64,330.293,polygon
2026-03-09,AAPL,Apple Inc.,Equity,Consumer Electronics,255.69,261.15,253.6805,259.88,38218533,0.0094,0.2899757897624624,0.2966372246749001,0.23386982409919566,,,4.12,3.56,0.56,3.64,330.293,polygon
2026-03-06,AAPL,Apple Inc.,Equity,Consumer Electronics,258.63,258.77,254.37,257.46,41120042,-0.010872,0.2865957660164389,0.29580484450293665,0.23287288603802536,,,4.15,3.56,0.59,3.64,330.293,polygon
2026-03-05,AAPL,Apple Inc.,Equity,Consumer Electronics,260.79,261.555,257.25,260.29,49658626,-0.008495,0.30210856535704483,0.29358028961792626,0.23204058769189018,,,4.13,3.57,0.56,3.64,330.293,polygon
2026-03-04,AAPL,Apple Inc.,Equity,Consumer Electronics,264.65,266.15,261.42,262.52,39803119,-0.004664,0.30107935406365455,0.2920345001327588,0.2318389441892253,,,4.09,3.54,0.55,3.64,330.293,polygon
2026-03-03,AAPL,Apple Inc.,Equity,Consumer Electronics,263.48,265.56,260.13,263.75,38568921,-0.003664,0.3326058800386952,0.31091705655457996,0.23284629622621864,,,4.06,3.51,0.55,3.64,330.293,polygon
2026-03-02,AAPL,Apple Inc.,Equity,Consumer Electronics,262.41,266.53,260.2,264.72,41827946,0.002044,0.3324507700384668,0.3124244251139216,0.2331107296676193,,,4.05,3.47,0.58,3.64,330.293,polygon
2026-02-27,AAPL,Apple Inc.,Equity,Consumer Electronics,272.81,272.81,262.89,264.18,72366505,-0.03213,0.333089232702005,0.31316723845173583,0.23434691340014868,,,3.97,3.38,0.59,3.64,327.46,polygon
2026-02-26,AAPL,Apple Inc.,Equity,Consumer Electronics,274.945,276.11,270.795,272.95,32345114,-0.004668,0.3111975756379206,0.2974180897417963,0.2272627653843403,,,4.02,3.42,0.6,3.64,327.46,polygon
2026-02-25,AAPL,Apple Inc.,Equity,Consumer Electronics,271.78,274.94,271.05,274.23,33714342,0.00768,0.3113380257602559,0.29686985225859636,0.22731121069321805,,,4.05,3.45,0.6,3.64,327.46,polygon
2026-02-24,AAPL,Apple Inc.,Equity,Consumer Electronics,267.86,274.89,267.71,272.14,47014619,0.022391,0.3238365138926763,0.29638953799459633,0.22677601076579734,,,4.04,3.43,0.61,3.64,327.46,polygon
2026-02-23,AAPL,Apple Inc.,Equity,Consumer Electronics,263.49,269.43,263.381,266.18,37308155,0.006047,0.31778287962276525,0.28992202535508993,0.22209162149790557,,,4.03,3.43,0.6,3.64,327.46,polygon
2026-02-20,AAPL,Apple Inc.,Equity,Consumer Electronics,258.97,264.75,258.16,264.58,42070499,0.01535,0.3176302031329159,0.28998539788663197,0.22435017489009518,,,4.08,3.48,0.6,3.64,327.46,polygon
2026-02-19,AAPL,Apple Inc.,Equity,Consumer Electronics,262.6,264.48,260.05,260.58,30845294,-0.014261,0.3146061602055943,0.2875096002846384,0.22578422535052825,,,4.08,3.47,0.61,3.64,327.46,polygon
2026-02-18,AAPL,Apple Inc.,Equity,Consumer Electronics,263.6,266.82,262.45,264.35,34203337,0.001781,0.3362536955854782,0.28952203363950796,0.22456894849885403,,,4.09,3.47,0.62,3.64,327.46,polygon
2026-02-17,AAPL,Apple Inc.,Equity,Consumer Electronics,258.05,266.29,255.54,263.88,58469094,0.031668,0.3388304241478727,0.29208116384696897,0.22471597889545855,,,4.05,3.43,0.62,3.64,327.46,polygon
2026-02-13,AAPL,Apple Inc.,Equity,Consumer Electronics,262.01,262.23,255.45,255.78,56290673,-0.022733,0.32133981115103954,0.27582517141503216,0.21498045163099205,,,4.04,3.4,0.64,3.64,327.46,polygon
2026-02-12,AAPL,Apple Inc.,Equity,Consumer Electronics,275.59,275.72,260.18,261.73,81077229,-0.049982,0.3114009264376209,0.26872542498211394,0.21312532493032119,,,4.09,3.47,0.62,3.64,327.46,polygon
2026-02-11,AAPL,Apple Inc.,Equity,Consumer Electronics,274.695,280.18,274.45,275.5,51931283,0.00665,0.24904160719854224,0.22345467807231603,0.1852504706965539,,,4.18,3.52,0.66,3.64,327.46,polygon
2026-02-10,AAPL,Apple Inc.,Equity,Consumer Electronics,274.885,275.37,272.94,273.68,34376898,-0.003423,0.2486521752318478,0.22265806468490368,0.18480174042851674,,,4.16,3.45,0.71,3.64,327.46,polygon
2026-02-09,AAPL,Apple Inc.,Equity,Consumer Electronics,277.905,278.2,271.7,274.62,44623396,-0.012584,0.24775777787393372,0.22246739629335976,0.18515107496148278,,,4.22,3.48,0.74,3.64,327.46,polygon
2026-02-06,AAPL,Apple Inc.,Equity,Consumer Electronics,277.12,280.905,276.925,278.12,50453414,0.00801,0.24310284524930367,0.21958756253177755,0.18834884388409912,,,4.22,3.5,0.72,3.64,327.46,polygon
2026-02-05,AAPL,Apple Inc.,Equity,Consumer Electronics,278.13,279.5,273.23,275.91,52977441,-0.002098,0.24527022116576308,0.21891878014889635,0.18782011443472907,,,4.21,3.47,0.74,3.64,327.46,polygon
2026-02-04,AAPL,Apple Inc.,Equity,Consumer Electronics,272.285,278.95,272.285,276.49,90545710,0.026013,0.25543323041383303,0.2209195610611845,0.18806201820106086,,,4.29,3.57,0.72,3.64,327.46,polygon
2026-02-03,AAPL,Apple Inc.,Equity,Consumer Electronics,269.2,271.875,267.61,269.48,64394655,-0.001963,0.24506187434604643,0.2081626746773272,0.18055809322183092,,,4.28,3.57,0.71,3.64,327.46,polygon
2026-02-02,AAPL,Apple Inc.,Equity,Consumer Electronics,260.03,270.49,259.205,270.01,73913425,0.040581,0.2451968528136528,0.20815456917914102,0.1805152255019899,,,4.29,3.57,0.72,3.64,327.46,polygon
2026-01-30,AAPL,Apple Inc.,Equity,Consumer Electronics,255.165,261.8999,252.18,259.48,92443408,0.004646,0.19722589069911783,0.1719124966348894,0.1605966127485838,,,4.26,3.52,0.74,3.64,326.588,polygon
2026-01-29,AAPL,Apple Inc.,Equity,Consumer Electronics,258.0,259.65,254.41,258.28,67253009,0.007175,0.19554590521669843,0.1711765549033452,0.1604562338243272,,,4.24,3.53,0.71,3.64,326.588,polygon
2026-01-28,AAPL,Apple Inc.,Equity,Consumer Electronics,257.65,258.855,254.51,256.44,41287971,-0.007086,0.19284206410807905,0.1729973355956815,0.15971774933227204,,,4.26,3.56,0.7,3.64,326.588,polygon
2026-01-27,AAPL,Apple Inc.,Equity,Consumer Electronics,259.17,261.95,258.21,258.27,49648271,0.011198,0.19233214750329491,0.17278998185894018,0.15986801496336955,,,4.24,3.53,0.71,3.64,326.588,polygon
2026-01-26,AAPL,Apple Inc.,Equity,Consumer Electronics,251.48,256.56,249.8,255.41,55969234,0.029713,0.1880310504442993,0.16791636468482982,0.15811132402126427,,,4.22,3.56,0.66,3.64,326.588,polygon
2026-01-23,AAPL,Apple Inc.,Equity,Consumer Electronics,247.32,249.41,244.68,248.04,41688982,-0.001248,0.150564977200204,0.14028721424211688,0.14515689116984715,,,4.24,3.6,0.64,3.64,326.588,polygon
2026-01-22,AAPL,Apple Inc.,Equity,Consumer Electronics,249.2,251.0,248.15,248.35,39708340,0.002827,0.1514076509185425,0.1401394807987156,0.15318288720093098,,,4.26,3.61,0.65,3.64,326.588,polygon
2026-01-21,AAPL,Apple Inc.,Equity,Consumer Electronics,248.7,251.56,245.18,247.65,54641725,0.003851,0.153275082681777,0.13876686006537212,0.15543132397074527,,,4.26,3.6,0.66,3.64,326.588,polygon
2026-01-20,AAPL,Apple Inc.,Equity,Consumer Electronics,252.73,254.79,243.42,246.7,80267517,-0.034556,0.15177014498028787,0.1370021557102418,0.15550098141145646,,,4.3,3.6,0.7,3.64,326.588,polygon
2026-01-16,AAPL,Apple Inc.,Equity,Consumer Electronics,257.9,258.9,254.93,255.53,72142773,-0.010379,0.10623313333448606,0.10432577011164963,0.1420232471786542,,,4.24,3.59,0.65,3.64,326.588,polygon
2026-01-15,AAPL,Apple Inc.,Equity,Consumer Electronics,260.65,261.04,257.05,258.21,39388564,-0.006732,0.10452130279124283,0.1028651126078528,0.1405758376926527,,,4.17,3.56,0.61,3.64,326.588,polygon
2026-01-14,AAPL,Apple Inc.,Equity,Consumer Electronics,259.49,261.82,256.71,259.96,40019421,-0.004175,0.11216970510432828,0.11031131331270277,0.16096745415243413,,,4.15,3.51,0.64,3.64,326.588,polygon
2026-01-13,AAPL,Apple Inc.,Equity,Consumer Electronics,258.72,261.81,258.39,261.05,45730847,0.003074,0.11301108728530726,0.12186290149247245,0.16522245846156136,,,4.18,3.53,0.65,3.64,326.588,polygon
2026-01-12,AAPL,Apple Inc.,Equity,Consumer Electronics,259.16,261.3,256.8,260.25,45263767,0.003393,0.11085354493263389,0.12255198866084192,0.16606844666187168,,,4.19,3.54,0.65,3.64,326.588,polygon
2026-01-09,AAPL,Apple Inc.,Equity,Consumer Electronics,259.075,260.21,256.22,259.37,39996967,0.001274,0.11293151895736163,0.12210057239991262,0.16637809422910843,,,4.18,3.54,0.64,3.64,326.588,polygon
2026-01-08,AAPL,Apple Inc.,Equity,Consumer Electronics,257.02,259.29,255.7,259.04,50419337,-0.004955,0.11180976566970394,0.1229390877493078,0.16637590369554967,,,4.19,3.49,0.7,3.64,326.588,polygon
2026-01-07,AAPL,Apple Inc.,Equity,Consumer Electronics,263.2,263.68,259.81,260.33,48309804,-0.007737,0.11165411296899559,0.13349176297901608,0.16693734803239504,,,4.15,3.47,0.68,3.64,326.588,polygon
2026-01-06,AAPL,Apple Inc.,Equity,Consumer Electronics,267.0,267.55,262.12,262.36,52352090,-0.018334,0.11123747274895013,0.1450657778588831,0.18182685241221472,,,4.18,3.47,0.71,3.64,326.588,polygon
2026-01-05,AAPL,Apple Inc.,Equity,Consumer Electronics,270.64,271.51,266.14,267.26,45647190,-0.013837,0.10210680034351004,0.1370147560201881,0.18065971520439128,,,4.17,3.46,0.71,3.64,326.588,polygon
2026-01-02,AAPL,Apple Inc.,Equity,Consumer Electronics,272.255,277.84,269.0,271.01,37838054,-0.003127,0.09536938577290688,0.13112437964807186,0.17844038484859231,,,4.19,3.47,0.72,3.64,326.588,polygon
2025-12-31,AAPL,Apple Inc.,Equity,Consumer Electronics,273.06,273.68,271.75,271.86,27293639,-0.004468,0.10608494142482347,0.130699081280476,0.17827904913287052,,,4.18,3.47,0.71,3.72,326.031,polygon
2025-12-30,AAPL,Apple Inc.,Equity,Consumer Electronics,272.81,274.08,272.28,273.08,22139617,-0.002484,0.12085845410577783,0.1410874476663607,0.17837452896348582,,,4.14,3.45,0.69,3.72,326.031,polygon
2025-12-29,AAPL,Apple Inc.,Equity,Consumer Electronics,272.69,274.36,272.35,273.76,23715213,0.001317,0.12228187603516125,0.14101490525773017,0.1783018276959207,,,4.12,3.45,0.67,3.72,326.031,polygon
2025-12-26,AAPL,Apple Inc.,Equity,Consumer Electronics,274.16,275.37,272.86,273.4,21521802,-0.001497,0.12246885333025985,0.1410821032872219,0.17865882272906963,,,4.14,3.46,0.68,3.72,326.031,polygon
2025-12-24,AAPL,Apple Inc.,Equity,Consumer Electronics,272.34,275.43,272.195,273.81,17910574,0.005324,0.12336015027509233,0.14227601005866958,0.17862357381687724,,,4.15,3.47,0.68,3.72,326.031,polygon
2025-12-23,AAPL,Apple Inc.,Equity,Consumer Electronics,270.84,272.5,269.56,272.36,29641999,0.00513,0.13487995826418206,0.15472670607833142,0.17842062393983266,,,4.18,3.48,0.7,3.72,326.031,polygon
2025-12-22,AAPL,Apple Inc.,Equity,Consumer Electronics,272.86,273.88,270.505,270.97,36571827,-0.009866,0.14989877632518073,0.15437803074666664,0.17853466401806475,,,4.17,3.44,0.73,3.72,326.031,polygon
2025-12-19,AAPL,Apple Inc.,Equity,Consumer Electronics,272.145,274.6,269.9,273.67,144632048,0.005437,0.14880658161921337,0.15213914458401467,0.17761124435876285,,,4.16,3.48,0.68,3.72,326.031,polygon
2025-12-18,AAPL,Apple Inc.,Equity,Consumer Electronics,273.605,273.63,266.95,272.19,51630721,0.001288,0.14839188565610822,0.15149337124399212,0.18073936644778812,,,4.12,3.46,0.66,3.72,326.031,polygon
2025-12-17,AAPL,Apple Inc.,Equity,Consumer Electronics,275.01,276.16,271.64,271.84,50138743,-0.010087,0.14841500053003248,0.15146226160976564,0.18181387351705242,,,4.16,3.49,0.67,3.72,326.031,polygon
2025-12-16,AAPL,Apple Inc.,Equity,Consumer Electronics,272.82,275.5,271.79,274.61,37648628,0.001824,0.15839413808498387,0.1485142254138311,0.18099768878857384,,,4.15,3.48,0.67,3.72,326.031,polygon
2025-12-15,AAPL,Apple Inc.,Equity,Consumer Electronics,280.15,280.15,272.84,274.11,50409078,-0.014985,0.1585064627361754,0.149339471574556,,,,4.18,3.51,0.67,3.72,326.031,polygon
2025-12-12,AAPL,Apple Inc.,Equity,Consumer Electronics,277.9,279.22,276.82,278.28,39532887,0.000899,0.1487482533808923,0.1425488195700401,,,,4.19,3.52,0.67,3.72,326.031,polygon
2025-12-11,AAPL,Apple Inc.,Equity,Consumer Electronics,279.095,279.59,273.81,278.03,33247986,-0.00269,0.15089081977133487,0.14342156654073918,,,,4.14,3.52,0.62,3.72,326.031,polygon
2025-12-10,AAPL,Apple Inc.,Equity,Consumer Electronics,277.75,279.75,276.44,278.78,33038318,0.005772,0.16671434305895516,0.1430524042115658,,,,4.13,3.54,0.59,3.72,326.031,polygon
2025-12-09,AAPL,Apple Inc.,Equity,Consumer Electronics,278.16,280.03,276.92,277.18,32193256,-0.002555,0.1662029236147564,0.1423991539262524,,,,4.18,3.61,0.57,3.72,326.031,polygon
2025-12-08,AAPL,Apple Inc.,Equity,Consumer Electronics,278.13,279.6693,276.15,277.89,38211832,-0.003192,0.1670895758679567,0.15493714042695744,,,,4.17,3.57,0.6,3.72,326.031,polygon
2025-12-05,AAPL,Apple Inc.,Equity,Consumer Electronics,280.54,281.14,278.05,278.78,47265845,-0.00684,0.16657354856002987,0.15709645011757578,,,,4.14,3.56,0.58,3.72,326.031,polygon
2025-12-04,AAPL,Apple Inc.,Equity,Consumer Electronics,284.095,284.73,278.59,280.7,43989056,-0.012141,0.16386039143272818,0.1547086021281114,,,,4.11,3.52,0.59,3.72,326.031,polygon
2025-12-03,AAPL,Apple Inc.,Equity,Consumer Electronics,286.2,288.62,283.3,284.15,43538687,-0.007128,0.15572511115887283,0.15883646378832242,,,,4.06,3.49,0.57,3.72,326.031,polygon
2025-12-02,AAPL,Apple Inc.,Equity,Consumer Electronics,283.0,287.4,282.6301,286.19,53669532,0.010915,0.15413044053078037,0.1561400601544549,,,,4.09,3.51,0.58,3.72,326.031,polygon
2025-12-01,AAPL,Apple Inc.,Equity,Consumer Electronics,278.01,283.42,276.14,283.1,46587722,0.015241,0.15272460685218472,0.1863443092859963,,,,4.09,3.54,0.55,3.72,326.031,polygon
2025-11-28,AAPL,Apple Inc.,Equity,Consumer Electronics,277.26,279.0,275.9865,278.85,20135620,0.004684,0.14608330350015003,0.18896566377797672,,,,4.02,3.47,0.55,3.88,325.063,polygon
2025-11-26,AAPL,Apple Inc.,Equity,Consumer Electronics,276.96,279.53,276.63,277.55,33431423,0.002094,0.14570777264072568,0.19190535139638837,,,,4.0,3.45,0.55,3.88,325.063,polygon
2025-11-25,AAPL,Apple Inc.,Equity,Consumer Electronics,275.27,280.38,275.25,276.97,46914220,0.003805,0.14571469281408767,0.19201264104625004,,,,4.01,3.43,0.58,3.88,325.063,polygon
2025-11-24,AAPL,Apple Inc.,Equity,Consumer Electronics,270.9,277.0,270.9,275.92,65585796,0.016317,0.16299328013629233,0.1922457423858439,,,,4.04,3.46,0.58,3.88,325.063,polygon
2025-11-21,AAPL,Apple Inc.,Equity,Consumer Electronics,265.95,273.33,265.67,271.49,59030832,0.019681,0.1594265110294567,0.1894546045196394,,,,4.06,3.51,0.55,3.88,325.063,polygon
2025-11-20,AAPL,Apple Inc.,Equity,Consumer Electronics,270.83,275.43,265.92,266.25,45823568,-0.008601,0.14679106727537658,0.21369908238298257,,,,4.1,3.55,0.55,3.88,325.063,polygon
2025-11-19,AAPL,Apple Inc.,Equity,Consumer Electronics,265.525,272.21,265.5,268.56,40424492,0.004188,0.15593314608206088,0.21757398968410324,,,,4.13,3.58,0.55,3.88,325.063,polygon
2025-11-18,AAPL,Apple Inc.,Equity,Consumer Electronics,269.99,270.71,265.32,267.44,45677278,-7.5e-05,0.15556396234447228,0.21787145793915375,,,,4.12,3.58,0.54,3.88,325.063,polygon
2025-11-17,AAPL,Apple Inc.,Equity,Consumer Electronics,268.815,270.49,265.73,267.46,45018260,-0.018171,0.20307135308699717,0.21792570120234406,,,,4.13,3.6,0.53,3.88,325.063,polygon
2025-11-14,AAPL,Apple Inc.,Equity,Consumer Electronics,271.05,275.96,269.6,272.41,47431331,-0.001978,0.19553287259519828,0.2108022867941175,,,,4.14,3.62,0.52,3.88,325.063,polygon
2025-11-13,AAPL,Apple Inc.,Equity,Consumer Electronics,274.11,276.699,272.09,272.95,49602794,-0.001901,0.19885482696583245,0.21054172534737045,,,,4.11,3.58,0.53,3.88,325.063,polygon
2025-11-12,AAPL,Apple Inc.,Equity,Consumer Electronics,275.0,275.73,271.7,273.47,48397982,-0.006467,0.1976547273864234,0.2106096840609711,,,,4.08,3.56,0.52,3.88,325.063,polygon
2025-11-11,AAPL,Apple Inc.,Equity,Consumer Electronics,269.81,275.91,269.8,275.25,46208318,0.021601,0.19413846339493968,0.20897384744723027,,,,4.13,3.58,0.55,3.88,325.063,polygon
2025-11-10,AAPL,Apple Inc.,Equity,Consumer Electronics,268.96,273.73,267.455,269.43,41312412,0.003576,0.18578943768289907,0.20127717189459796,,,,4.13,3.58,0.55,3.88,325.063,polygon
2025-11-07,AAPL,Apple Inc.,Equity,Consumer Electronics,269.795,272.29,266.77,268.47,48227365,-0.004819,0.23102679724055422,0.20193902033664893,,,,4.11,3.55,0.56,3.88,325.063,polygon
2025-11-06,AAPL,Apple Inc.,Equity,Consumer Electronics,267.89,273.4,267.89,269.77,51204045,-0.00137,0.23840099836655834,0.2021364063167796,,,,4.11,3.57,0.54,3.88,325.063,polygon
2025-11-05,AAPL,Apple Inc.,Equity,Consumer Electronics,268.61,271.7,266.93,270.14,43683072,0.00037,0.23843805232711385,0.20730565424140426,,,,4.17,3.63,0.54,3.88,325.063,polygon
2025-11-04,AAPL,Apple Inc.,Equity,Consumer Electronics,268.325,271.486,267.615,270.04,49274846,0.00368,0.23860550424261381,0.20953836259179498,,,,4.1,3.58,0.52,3.88,325.063,polygon
2025-11-03,AAPL,Apple Inc.,Equity,Consumer Electronics,270.42,270.85,266.25,269.05,50194583,-0.004882,0.23997942372562459,0.21088411419947115,,,,4.13,3.6,0.53,3.88,325.063,polygon
2025-10-31,AAPL,Apple Inc.,Equity,Consumer Electronics,276.99,277.32,269.16,270.37,86167123,-0.003795,0.23869962859595475,,,,,4.11,3.6,0.51,4.09,324.245,polygon
2025-10-30,AAPL,Apple Inc.,Equity,Consumer Electronics,271.99,274.14,268.48,271.4,69886534,0.006303,0.23800911294301996,,,,,4.11,3.61,0.5,4.09,324.245,polygon
2025-10-29,AAPL,Apple Inc.,Equity,Consumer Electronics,269.275,271.41,267.11,269.7,51086742,0.002602,0.2376940631347779,,,,,4.08,3.59,0.49,4.09,324.245,polygon
2025-10-28,AAPL,Apple Inc.,Equity,Consumer Electronics,268.985,269.89,268.15,269.0,41534759,0.000707,0.23779040016039554,,,,,3.99,3.47,0.52,4.09,324.245,polygon
2025-10-27,AAPL,Apple Inc.,Equity,Consumer Electronics,264.88,269.12,264.6501,268.81,44888152,0.022791,0.23884579150031254,,,,,4.01,3.48,0.53,4.09,324.245,polygon
2025-10-24,AAPL,Apple Inc.,Equity,Consumer Electronics,261.19,264.13,259.18,262.82,38253717,0.012482,0.2286316818058572,,,,,4.02,3.48,0.54,4.09,324.245,polygon
2025-10-23,AAPL,Apple Inc.,Equity,Consumer Electronics,259.94,260.62,258.0101,259.58,32754941,0.004372,0.2328230313433298,,,,,4.01,3.48,0.53,4.09,324.245,polygon
2025-10-22,AAPL,Apple Inc.,Equity,Consumer Electronics,262.65,262.85,255.43,258.45,45015254,-0.01644,0.23491613509158984,,,,,3.97,3.45,0.52,4.09,324.245,polygon
2025-10-21,AAPL,Apple Inc.,Equity,Consumer Electronics,261.88,265.29,261.83,262.77,46695948,0.002021,0.22803091158482128,,,,,3.98,3.45,0.53,4.09,324.245,polygon
2025-10-20,AAPL,Apple Inc.,Equity,Consumer Electronics,255.885,264.375,255.63,262.24,90483029,0.039439,,,,,,4.0,3.46,0.54,4.09,324.245,polygon
2025-10-17,AAPL,Apple Inc.,Equity,Consumer Electronics,248.02,253.38,247.27,252.29,49146961,0.01956,,,,,,4.02,3.46,0.56,4.09,324.245,polygon
2025-10-16,AAPL,Apple Inc.,Equity,Consumer Electronics,248.25,249.04,245.13,247.45,39776974,-0.00758,,,,,,3.99,3.41,0.58,4.09,324.245,polygon
2025-10-15,AAPL,Apple Inc.,Equity,Consumer Electronics,249.485,251.82,247.47,249.34,33893611,0.006337,,,,,,4.05,3.5,0.55,4.09,324.245,polygon
2025-10-14,AAPL,Apple Inc.,Equity,Consumer Electronics,246.6,248.845,244.7,247.77,35477986,0.000444,,,,,,4.03,3.48,0.55,4.09,324.245,polygon
2025-10-13,AAPL,Apple Inc.,Equity,Consumer Electronics,249.38,249.69,245.56,247.66,38142942,0.009744,,,,,,4.05,3.52,0.53,4.09,324.245,polygon
2025-10-10,AAPL,Apple Inc.,Equity,Consumer Electronics,254.94,256.38,244.0,245.27,61999098,-0.034522,,,,,,4.05,3.52,0.53,4.09,324.245,polygon
2025-10-09,AAPL,Apple Inc.,Equity,Consumer Electronics,257.805,258.0,253.14,254.04,38322012,-0.015578,,,,,,4.14,3.6,0.54,4.09,324.245,polygon
2025-10-08,AAPL,Apple Inc.,Equity,Consumer Electronics,256.52,258.52,256.11,258.06,36496895,0.00616,,,,,,4.13,3.58,0.55,4.09,324.245,polygon
2025-10-07,AAPL,Apple Inc.,Equity,Consumer Electronics,256.805,257.4,255.43,256.48,31955776,-0.000818,,,,,,4.14,3.57,0.57,4.09,324.245,polygon
2025-10-06,AAPL,Apple Inc.,Equity,Consumer Electronics,257.99,259.07,255.05,256.69,44664118,-0.005155,,,,,,4.18,3.6,0.58,4.09,324.245,polygon
2025-10-03,AAPL,Apple Inc.,Equity,Consumer Electronics,254.665,259.24,253.95,258.02,49155614,0.003461,,,,,,4.13,3.58,0.55,4.09,324.245,polygon
2025-10-02,AAPL,Apple Inc.,Equity,Consumer Electronics,256.575,258.18,254.15,257.13,42630239,0.006577,,,,,,4.1,3.55,0.55,4.09,324.245,polygon
2025-10-01,AAPL,Apple Inc.,Equity,Consumer Electronics,255.04,258.79,254.93,255.45,48713940,0.00322,,,,,,4.12,3.55,0.57,4.09,324.245,polygon
2025-09-30,AAPL,Apple Inc.,Equity,Consumer Electronics,254.855,255.919,253.11,254.63,37704259,0.000786,,,,,,4.16,3.6,0.56,4.22,324.245,polygon
2025-09-29,AAPL,Apple Inc.,Equity,Consumer Electronics,254.56,255.0,253.01,254.43,40127687,-0.004032,,,,,,4.15,3.63,0.52,4.22,324.245,polygon
2025-09-26,AAPL,Apple Inc.,Equity,Consumer Electronics,254.095,257.6,253.78,255.46,46076258,-0.005489,,,,,,4.2,3.63,0.57,4.22,324.245,polygon
2025-09-25,AAPL,Apple Inc.,Equity,Consumer Electronics,253.205,257.17,251.712,256.87,55202075,0.018073,,,,,,4.18,3.64,0.54,4.22,324.245,polygon
2025-09-24,AAPL,Apple Inc.,Equity,Consumer Electronics,255.22,255.74,251.04,252.31,42303710,-0.008332,,,,,,4.16,3.57,0.59,4.22,324.245,polygon
2025-09-23,AAPL,Apple Inc.,Equity,Consumer Electronics,255.875,257.34,253.58,254.43,60275187,-0.006443,,,,,,4.12,3.53,0.59,4.22,324.245,polygon
2025-09-22,AAPL,Apple Inc.,Equity,Consumer Electronics,248.3,256.64,248.12,256.08,105517416,,,,,,,4.15,3.61,0.54,4.22,324.245,polygon
2026-09-18,AMZN,"Amazon.com, Inc.",Equity,E-Commerce & Cloud,252.92,255.43,251.88,253.71,52274713,0.010032,0.26421330199489235,0.2523300269324346,0.41188322793503734,,,,,0.25,,,polygon
2026-09-17,AMZN,"Amazon.com, Inc.",Equity,E-Commerce & Cloud,251.065,252.73,249.24,251.19,30438790,0.021264,0.2769344242448795,0.24963582315903257,0.4114894504333717,,,4.94,4.67,0.27,,,polygon
2026-09-16,AMZN,"Amazon.com, Inc.",Equity,E-Commerce & Cloud,248.1,249.26,244.3,245.96,33488488,-0.009903,0.26492755887043795,0.24255971721303213,0.4095199970865193,,,5.01,4.74,0.27,,,polygon
2026-09-15,AMZN,"Amazon.com, Inc.",Equity,E-Commerce & Cloud,252.24,253.27,247.22,248.42,36275442,-0.020194,0.26382890645440404,0.24855500478506296,0.4214028726216724,,,5.0,4.67,0.33,,,polygon
2026-09-14,AMZN,"Amazon.com, Inc.",Equity,E-Commerce & Cloud,253.15,255.95,250.74,253.54,34352766,-0.012618,0.25717183116120723,0.2818168941858555,0.4230967323735562,,,4.97,4.65,0.32,,,polygon
2026-09-11,AMZN,"Amazon.com, Inc.",Equity,E-Commerce & Cloud,254.09,257.59,253.14,256.78,26724121,0.019413,0.25526983495893596,0.5037740148653735,0.4286917140499941,,,4.96,4.63,0.33,,,polygon
2026-09-10,AMZN,"Amazon.com, Inc.",Equity,E-Commerce & Cloud,250.11,253.15,249.58,251.89,25484814,-0.002021,0.24929428570667303,0.5121169377372657,0.4269531346336772,,,4.95,4.56,0.39,,,polygon
2026-09-09,AMZN,"Amazon.com, Inc.",Equity,E-Commerce & Cloud,253.12,254.69,250.65,252.4,33055487,-0.017784,0.25637339130104075,0.515844845073848,0.43144535675798723,,,4.83,4.43,0.4,,,polygon
2026-09-08,AMZN,"Amazon.com, Inc.",Equity,E-Commerce & Cloud,256.675,257.99,254.75,256.97,29397994,-0.005957,0.2585564030410374,0.5123122349607421,0.4305484966745688,,,4.8,4.39,0.41,,,polygon
2026-09-04,AMZN,"Amazon.com, Inc.",Equity,E-Commerce & Cloud,259.07,261.12,255.29,258.51,30749912,-0.001506,0.26120557353189033,0.5119188038504203,0.4311874546810647,,,4.78,4.37,0.41,,,polygon
2026-09-03,AMZN,"Amazon.com, Inc.",Equity,E-Commerce & Cloud,256.2,259.5,256.0,258.9,26891531,0.015374,0.2612092305286618,0.5125813515230807,0.4347086025301838,,,4.77,4.34,0.43,,,polygon
2026-09-02,AMZN,"Amazon.com, Inc.",Equity,E-Commerce & Cloud,254.255,256.24,253.4,254.98,24013334,0.000235,0.2577313432204066,0.5313225764769045,0.4338066180509116,,,4.79,4.39,0.4,,,polygon
2026-09-01,AMZN,"Amazon.com, Inc.",Equity,E-Commerce & Cloud,254.83,255.82,251.93,254.92,31700056,-0.01867,0.26579735703853363,0.5325176458019942,0.4338814788401749,,,4.79,4.39,0.4,,,polygon
2026-08-31,AMZN,"Amazon.com, Inc.",Equity,E-Commerce & Cloud,263.825,264.36,257.12,259.77,46089422,-0.024997,0.3118852282533393,0.530233102013788,0.4369278133730604,,,4.75,4.34,0.41,,,polygon
2026-08-28,AMZN,"Amazon.com, Inc.",Equity,E-Commerce & Cloud,258.32,267.56,257.78,266.43,49547427,0.039686,0.5807499743997553,0.5248387310930489,0.43459909291377163,,,4.73,4.34,0.39,,,polygon
2026-08-27,AMZN,"Amazon.com, Inc.",Equity,E-Commerce & Cloud,259.23,259.66,255.02,256.26,35927807,-0.015445,0.5803127861760662,0.5145148755193047,0.43070641932735104,,,4.67,4.2,0.47,,,polygon
2026-08-26,AMZN,"Amazon.com, Inc.",Equity,E-Commerce & Cloud,261.275,262.05,258.24,260.28,21528373,-0.002988,0.5817143543039962,0.5159321394477377,0.431165987922037,,,4.66,4.19,0.47,,,polygon
2026-08-25,AMZN,"Amazon.com, Inc.",Equity,E-Commerce & Cloud,262.51,263.89,259.83,261.06,25550214,-0.003854,0.5815875697450437,0.5225803773126472,0.43713692385512803,,,4.64,4.17,0.47,,,polygon
2026-08-24,AMZN,"Amazon.com, Inc.",Equity,E-Commerce & Cloud,259.6,263.32,259.05,262.07,28070483,0.013301,0.5814363802765803,0.5223191354857952,0.4377518035125844,,,4.7,4.24,0.46,,,polygon
2026-08-21,AMZN,"Amazon.com, Inc.",Equity,E-Commerce & Cloud,260.74,261.09,257.035,258.63,35722956,-0.00569,0.5823094077513994,0.5215584774602172,0.43716148096419427,,,4.74,4.24,0.5,,,polygon
2026-08-20,AMZN,"Amazon.com, Inc.",Equity,E-Commerce & Cloud,263.16,263.84,259.52,260.11,28374098,-0.021554,0.6084717932548931,0.5217191620502175,0.4400782005346969,,,4.69,4.19,0.5,,,polygon
2026-08-19,AMZN,"Amazon.com, Inc.",Equity,E-Commerce & Cloud,260.845,266.4,258.58,265.84,35762439,0.024629,0.6040821843248356,0.5179930788075456,0.4378726165950255,,,4.65,4.19,0.46,,,polygon
2026-08-18,AMZN,"Amazon.com, Inc.",Equity,E-Commerce & Cloud,260.63,262.18,257.73,259.45,33171263,-0.007118,0.6007407309961017,0.5151347842243599,0.43519516393696106,,,4.71,4.19,0.52,,,polygon
2026-08-17,AMZN,"Amazon.com, Inc.",Equity,E-Commerce & Cloud,265.44,265.75,258.339,261.31,43896516,-0.005102,0.6006550324407428,0.5146729038402064,0.43584438252423496,,,4.72,4.19,0.53,,,polygon
2026-08-14,AMZN,"Amazon.com, Inc.",Equity,E-Commerce & Cloud,264.875,265.81,262.42,262.65,27251660,-0.009354,0.6018741355727326,0.5143034285346647,0.4380057862526451,,,4.68,4.17,0.51,,,polygon
2026-08-13,AMZN,"Amazon.com, Inc.",Equity,E-Commerce & Cloud,267.235,269.58,264.705,265.13,32170151,-0.008044,0.6056345287505545,0.5130434365700114,0.4397474739687863,,,4.63,4.15,0.48,,,polygon
2026-08-12,AMZN,"Amazon.com, Inc.",Equity,E-Commerce & Cloud,273.18,273.46,267.1,267.28,29941093,-0.018327,0.6119479110084389,0.5128599070904141,0.43945535815178316,,,4.68,4.2,0.48,,,polygon
2026-08-11,AMZN,"Amazon.com, Inc.",Equity,E-Commerce & Cloud,278.69,278.84,271.36,272.27,31895708,-0.020928,0.6067778099471044,0.5096867588678398,0.43842745704772124,,,4.7,4.22,0.48,,,polygon
2026-08-10,AMZN,"Amazon.com, Inc.",Equity,E-Commerce & Cloud,274.01,280.14,273.6001,278.09,35731907,0.013152,0.5995629329141188,0.5097933347062676,0.4367767201522106,,,4.72,4.25,0.47,,,polygon
2026-08-07,AMZN,"Amazon.com, Inc.",Equity,E-Commerce & Cloud,272.87,278.31,272.75,274.48,33861436,0.008154,0.6005738232303637,0.51231909493133,0.4371915838614808,,,4.65,4.19,0.46,,,polygon
2026-08-06,AMZN,"Amazon.com, Inc.",Equity,E-Commerce & Cloud,272.765,275.48,271.061,272.26,30672901,-0.00143,0.6012909106350341,0.5238427430272978,0.4376274999195519,,,4.69,4.25,0.44,,,polygon
2026-08-05,AMZN,"Amazon.com, Inc.",Equity,E-Commerce & Cloud,281.59,282.79,270.73,272.65,45119804,-0.017194,0.6031173049731756,0.5236526270343804,0.43853431515751334,,,4.63,4.18,0.45,,,polygon
2026-08-04,AMZN,"Amazon.com, Inc.",Equity,E-Commerce & Cloud,276.06,281.07,275.82,277.42,69748055,-0.023238,0.5976850162998402,0.5193191912138098,0.43717536913375277,,,4.63,4.2,0.43,,,polygon
2026-08-03,AMZN,"Amazon.com, Inc.",Equity,E-Commerce & Cloud,278.29,287.2,278.0,284.02,90830221,0.045806,0.5879335029977191,0.5364761898464075,0.4353844078729852,,,4.7,4.25,0.45,,,polygon
2026-07-31,AMZN,"Amazon.com, Inc.",Equity,E-Commerce & Cloud,265.0,273.23,262.01,271.58,129054771,0.153206,0.572097149509519,0.5280301538133992,0.4256525615103781,,,4.75,4.28,0.47,3.63,332.813,polygon
2026-07-30,AMZN,"Amazon.com, Inc.",Equity,E-Commerce & Cloud,233.35,239.8236,231.06,235.5,101839774,0.039047,0.28601830612634666,0.34300083952371063,0.30503049210591315,,,4.68,4.23,0.45,3.63,332.813,polygon
2026-07-29,AMZN,"Amazon.com, Inc.",Equity,E-Commerce & Cloud,229.315,232.82,226.16,226.65,44957524,-0.018236,0.24922638399414004,0.32171955070867725,0.29508817632057466,,,4.67,4.22,0.45,3.63,332.813,polygon
2026-07-28,AMZN,"Amazon.com, Inc.",Equity,E-Commerce & Cloud,232.85,233.11,228.1,230.86,44521597,-0.002291,0.26893912523545027,0.33235296032870976,0.29480363785243935,,,4.61,4.26,0.35,3.63,332.813,polygon
2026-07-27,AMZN,"Amazon.com, Inc.",Equity,E-Commerce & Cloud,235.665,235.89,230.99,231.39,34999495,-0.003102,0.2824456016568999,0.33393792734830224,0.29550840679504875,,,4.65,4.31,0.34,3.63,332.813,polygon
2026-07-24,AMZN,"Amazon.com, Inc.",Equity,E-Commerce & Cloud,234.38,234.95,231.34,232.11,35017357,-0.006634,0.30382265536884895,0.33710833806797547,0.2970748692155902,,,4.69,4.33,0.36,3.63,332.813,polygon
2026-07-23,AMZN,"Amazon.com, Inc.",Equity,E-Commerce & Cloud,236.26,238.3499,232.0516,233.66,47465337,-0.045701,0.3029937174098296,0.3443905888320737,0.2970023651545283,,,4.71,4.37,0.34,3.63,332.813,polygon
2026-07-22,AMZN,"Amazon.com, Inc.",Equity,E-Commerce & Cloud,248.265,248.45,242.45,244.85,34112732,-0.010907,0.2512123315786302,0.31671099582031464,0.28257736421990004,,,4.67,4.31,0.36,3.63,332.813,polygon
2026-07-21,AMZN,"Amazon.com, Inc.",Equity,E-Commerce & Cloud,249.105,249.34,246.42,247.55,27732064,-0.00976,0.30466302899090164,0.31519028374246394,0.29105083743843324,,,4.63,4.26,0.37,3.63,332.813,polygon
2026-07-20,AMZN,"Amazon.com, Inc.",Equity,E-Commerce & Cloud,248.76,252.89,248.0,249.99,32406481,0.011164,0.3169146855357239,0.32685425660304707,0.29040762635673156,,,4.6,4.21,0.39,3.63,332.813,polygon
2026-07-17,AMZN,"Amazon.com, Inc.",Equity,E-Commerce & Cloud,244.46,250.24,243.59,247.23,43572361,-0.010645,0.34062161018188386,0.32823547432400857,0.2929537732791529,,,4.55,4.18,0.37,3.63,332.813,polygon
2026-07-16,AMZN,"Amazon.com, Inc.",Equity,E-Commerce & Cloud,255.12,258.0825,248.0,249.89,45343709,-0.019885,0.33830294145340406,0.33511984952329454,0.2924396343283777,,,4.57,4.16,0.41,3.63,332.813,polygon
2026-07-15,AMZN,"Amazon.com, Inc.",Equity,E-Commerce & Cloud,249.75,256.48,249.75,254.96,45240622,0.030183,0.3447249808940992,0.33427333801985337,0.2900622007198903,,,4.55,4.13,0.42,3.63,332.813,polygon
2026-07-14,AMZN,"Amazon.com, Inc.",Equity,E-Commerce & Cloud,245.55,248.56,243.8,247.49,30108054,0.000728,0.3345241815304567,0.33574263533209914,0.28359422260247824,,,4.58,4.18,0.4,3.63,332.813,polygon
2026-07-13,AMZN,"Amazon.com, Inc.",Equity,E-Commerce & Cloud,244.68,249.65,244.18,247.31,34636091,0.00803,0.33775123731005624,0.336623138957111,0.283771966148724,,,4.62,4.26,0.36,3.63,332.813,polygon
2026-07-10,AMZN,"Amazon.com, Inc.",Equity,E-Commerce & Cloud,249.55,251.03,244.41,245.34,31653997,-0.006881,0.3499239578737343,0.33658797657660566,0.28329818409927154,,,4.56,4.21,0.35,3.63,332.813,polygon
2026-07-09,AMZN,"Amazon.com, Inc.",Equity,E-Commerce & Cloud,239.82,247.5,238.25,247.04,38091688,0.014038,0.34935604569100714,0.3458902078271566,0.2932027395947675,,,4.54,4.16,0.38,3.63,332.813,polygon
2026-07-08,AMZN,"Amazon.com, Inc.",Equity,E-Commerce & Cloud,244.27,244.8,240.52,243.62,29653043,-0.009594,0.34599514065619597,0.3424240454012881,0.292122969060824,,,4.56,4.21,0.35,3.63,332.813,polygon
2026-07-07,AMZN,"Amazon.com, Inc.",Equity,E-Commerce & Cloud,246.975,248.93,242.7,245.98,40579603,0.007454,0.36078260642966503,0.3421796678557089,0.29410860671327405,,,4.55,4.19,0.36,3.63,332.813,polygon
2026-07-06,AMZN,"Amazon.com, Inc.",Equity,E-Commerce & Cloud,243.795,246.04,240.88,244.16,40044034,0.00614,0.3640605895728043,0.3439937197075799,0.3137871765835943,,,4.48,4.13,0.35,3.63,332.813,polygon
2026-07-02,AMZN,"Amazon.com, Inc.",Equity,E-Commerce & Cloud,241.605,246.72,241.08,242.67,48298137,0.004013,0.37263528883473407,0.3503386284836941,0.3207819244281064,,,4.49,4.14,0.35,3.63,332.813,polygon
2026-07-01,AMZN,"Amazon.com, Inc.",Equity,E-Commerce & Cloud,239.75,244.9,234.9,241.7,53829851,0.014098,0.3756246414857758,0.35398529509909377,0.3207990548539444,,,4.48,4.17,0.31,3.63,332.813,polygon
2026-06-30,AMZN,"Amazon.com, Inc.",Equity,E-Commerce & Cloud,237.35,241.54,237.171,238.34,66228262,-0.007496,0.38502449534319794,0.3507597708892008,0.32084626734934385,,,4.44,4.14,0.3,3.63,332.568,polygon
2026-06-29,AMZN,"Amazon.com, Inc.",Equity,E-Commerce & Cloud,234.215,249.71,233.8,240.14,77619228,0.032017,0.3856172024636341,0.3513706019877667,0.3204588340103438,,,4.38,4.1,0.28,3.63,332.568,polygon
2026-06-26,AMZN,"Amazon.com, Inc.",Equity,E-Commerce & Cloud,227.205,233.9,226.125,232.69,248372085,0.025021,0.36454297210646913,0.33572246789605337,0.3151524372806165,,,4.38,4.07,0.31,3.63,332.568,polygon
2026-06-25,AMZN,"Amazon.com, Inc.",Equity,E-Commerce & Cloud,232.02,232.32,225.55,227.01,77858478,-0.03099,0.3642265031147311,0.32997435566722666,0.31936948089243933,,,4.4,4.09,0.31,3.63,332.568,polygon
2026-06-24,AMZN,"Amazon.com, Inc.",Equity,E-Commerce & Cloud,233.845,242.4199,232.95,234.27,70282581,0.000683,0.35364997263612846,0.3212095687575117,0.3118382735172903,,,4.41,4.11,0.3,3.63,332.568,polygon
2026-06-23,AMZN,"Amazon.com, Inc.",Equity,E-Commerce & Cloud,232.55,236.87,232.0,234.11,60492560,0.00567,0.3528280458562355,0.321838192409205,0.32404453387104565,,,4.5,4.16,0.34,3.63,332.568,polygon
2026-06-22,AMZN,"Amazon.com, Inc.",Equity,E-Commerce & Cloud,240.08,242.0,232.24,232.79,68388526,-0.047465,0.35687112751267325,0.3218089513771348,0.32703258694027226,,,4.51,4.24,0.27,3.63,332.568,polygon
2026-06-18,AMZN,"Amazon.com, Inc.",Equity,E-Commerce & Cloud,240.12,245.73,236.02,244.39,75624415,0.029011,0.3337998008845223,0.29568155714226674,0.312251650241099,,,4.46,4.19,0.27,3.63,332.568,polygon
2026-06-17,AMZN,"Amazon.com, Inc.",Equity,E-Commerce & Cloud,244.9,245.91,236.0,237.5,44780767,-0.034553,0.3188871788538913,0.2807258596298256,0.30935713804953824,,,4.49,4.2,0.29,3.63,332.568,polygon
2026-06-16,AMZN,"Amazon.com, Inc.",Equity,E-Commerce & Cloud,248.0,249.51,245.4511,246.0,35187406,-8.1e-05,0.3004967647371831,0.26678629035726004,0.30235560232133535,,,4.43,4.05,0.38,3.63,332.568,polygon
2026-06-15,AMZN,"Amazon.com, Inc.",Equity,E-Commerce & Cloud,245.02,247.805,244.73,246.02,41711576,0.031314,0.3015448356181295,0.2713858288673092,0.3048992307501892,,,4.47,4.07,0.4,3.63,332.568,polygon
2026-06-12,AMZN,"Amazon.com, Inc.",Equity,E-Commerce & Cloud,243.21,243.36,233.59,238.55,51251141,-0.012256,0.27432432955578573,0.2561116749949102,0.2996245805969346,,,4.48,4.09,0.39,3.63,332.568,polygon
2026-06-11,AMZN,"Amazon.com, Inc.",Equity,E-Commerce & Cloud,237.93,242.14,235.18,241.51,41335399,0.014748,0.2834644032772806,0.25667960787707805,0.3033689996283957,,,4.45,4.05,0.4,3.63,332.568,polygon
2026-06-10,AMZN,"Amazon.com, Inc.",Equity,E-Commerce & Cloud,243.605,244.065,237.45,238.0,38590237,-0.025349,0.27559334420993375,0.25563232165277916,0.30366673673403843,,,4.55,4.13,0.42,3.63,332.568,polygon
2026-06-09,AMZN,"Amazon.com, Inc.",Equity,E-Commerce & Cloud,247.73,250.43,240.4,244.19,44425363,-0.0042,0.2677070587917848,0.24653876600496458,0.3001858163670003,,,4.53,4.13,0.4,3.63,332.568,polygon
2026-06-08,AMZN,"Amazon.com, Inc.",Equity,E-Commerce & Cloud,246.68,249.42,243.36,245.22,33899525,-0.003292,0.27031078930192354,0.24777330683662294,0.300802983089374,,,4.56,4.15,0.41,3.63,332.568,polygon
2026-06-05,AMZN,"Amazon.com, Inc.",Equity,E-Commerce & Cloud,254.255,256.38,245.78,246.03,55607844,-0.030576,0.2720982696545134,0.2697005588027066,0.30268278259470577,,,4.55,4.17,0.38,3.63,332.568,polygon
2026-06-04,AMZN,"Amazon.com, Inc.",Equity,E-Commerce & Cloud,253.12,255.83,251.75,253.79,35609769,0.015079,0.2574711384974423,0.2544329205674181,0.2953692279208319,,,4.47,4.05,0.42,3.63,332.568,polygon
2026-06-03,AMZN,"Amazon.com, Inc.",Equity,E-Commerce & Cloud,254.7,257.09,247.71,250.02,51394191,-0.025339,0.2508873592645989,0.25854396093747944,0.2942941998383407,,,4.49,4.08,0.41,3.63,332.568,polygon
2026-06-02,AMZN,"Amazon.com, Inc.",Equity,E-Commerce & Cloud,257.16,261.2025,254.37,256.52,41810982,-0.018143,0.2453597941247399,0.24735446152712523,0.2883476804856737,,,4.46,4.05,0.41,3.63,332.568,polygon
2026-06-01,AMZN,"Amazon.com, Inc.",Equity,E-Commerce & Cloud,266.285,266.63,260.7,261.26,53604380,-0.034659,0.24262815181915184,0.24248612885409504,0.29142393022525936,,,4.47,4.05,0.42,3.63,332.568,polygon
2026-05-29,AMZN,"Amazon.com, Inc.",Equity,E-Commerce & Cloud,271.29,274.75,269.64,270.64,54749561,-0.012263,0.2087271689451865,0.21614476199863555,0.2806092449189329,,,4.45,3.98,0.47,3.63,333.979,polygon
2026-05-28,AMZN,"Amazon.com, Inc.",Equity,E-Commerce & Cloud,272.27,274.5,267.44,274.0,40630385,0.007909,0.20608094623562917,0.21145140559173514,0.2872227126195294,,,4.45,3.99,0.46,3.63,333.979,polygon
2026-05-27,AMZN,"Amazon.com, Inc.",Equity,E-Commerce & Cloud,266.15,272.41,265.7001,271.85,40061864,0.024728,0.20691279810033075,0.21153184119365517,0.28719751325481957,,,4.48,4.0,0.48,3.63,333.979,polygon
2026-05-26,AMZN,"Amazon.com, Inc.",Equity,E-Commerce & Cloud,267.94,269.3,262.07,265.29,38028118,-0.003868,0.194316631435409,0.2257867382912061,0.2851828342674316,,,4.5,4.01,0.49,3.63,333.979,polygon
2026-05-22,AMZN,"Amazon.com, Inc.",Equity,E-Commerce & Cloud,268.655,269.785,266.235,266.32,27535526,-0.007971,0.22654301928897866,0.22488105414291695,0.284981659906883,,,4.56,4.13,0.43,3.63,333.979,polygon
2026-05-21,AMZN,"Amazon.com, Inc.",Equity,E-Commerce & Cloud,263.5,269.4899,261.37,268.46,36591743,0.013018,0.2239282190221383,0.2268849589003145,0.2860711423425699,,,4.57,4.08,0.49,3.63,333.979,polygon
2026-05-20,AMZN,"Amazon.com, Inc.",Equity,E-Commerce & Cloud,260.05,265.58,259.533,265.01,34933152,0.021863,0.23094740016113743,0.26835622074432064,0.2857377951754693,,,4.57,4.04,0.53,3.63,333.979,polygon
2026-05-19,AMZN,"Amazon.com, Inc.",Equity,E-Commerce & Cloud,262.04,262.25,255.19,259.34,40340697,-0.020841,0.22115137293563894,0.2772133290933673,0.28446631087801166,,,4.67,4.13,0.54,3.63,333.979,polygon
2026-05-18,AMZN,"Amazon.com, Inc.",Equity,E-Commerce & Cloud,263.865,268.85,262.53,264.86,33690787,0.002726,0.20895690236865724,0.26478920449489796,0.28534288348380915,,,4.61,4.07,0.54,3.63,333.979,polygon
2026-05-15,AMZN,"Amazon.com, Inc.",Equity,E-Commerce & Cloud,262.5,264.355,260.8901,264.14,40770344,-0.011526,0.20897504242131282,0.2651757868083983,0.28869184146853427,,,4.59,4.09,0.5,3.63,333.979,polygon
2026-05-14,AMZN,"Amazon.com, Inc.",Equity,E-Commerce & Cloud,269.15,270.7799,266.63,267.22,31338435,-0.010773,0.20248675585799278,0.2611877932142169,0.2869275966551796,,,4.47,4.0,0.47,3.63,333.979,polygon
2026-05-13,AMZN,"Amazon.com, Inc.",Equity,E-Commerce & Cloud,264.43,270.72,263.2,270.13,39670915,0.016214,0.1969014621851466,0.2551454260584676,0.2864463569309062,,,4.46,3.98,0.48,3.63,333.979,polygon
2026-05-12,AMZN,"Amazon.com, Inc.",Equity,E-Commerce & Cloud,266.71,267.65,262.63,265.82,36776221,-0.011785,0.22526055306196194,0.2662623824023722,0.2858670172756603,,,4.46,4.0,0.46,3.63,333.979,polygon
2026-05-11,AMZN,"Amazon.com, Inc.",Equity,E-Commerce & Cloud,269.835,273.63,268.48,268.99,38176696,-0.013532,0.21688251154293173,0.2586445771261307,0.2843656062537547,,,4.42,3.95,0.47,3.63,333.979,polygon
2026-05-08,AMZN,"Amazon.com, Inc.",Equity,E-Commerce & Cloud,271.63,274.0,269.95,272.68,34732681,0.005568,0.21023659654556842,0.28953724317389934,0.2872876625942519,,,4.38,3.9,0.48,3.63,333.979,polygon
2026-05-07,AMZN,"Amazon.com, Inc.",Equity,E-Commerce & Cloud,275.02,276.63,270.49,271.17,35892879,-0.013891,0.26600804173127374,0.3013954166262453,0.2898642347631502,,,4.41,3.92,0.49,3.63,333.979,polygon
2026-05-06,AMZN,"Amazon.com, Inc.",Equity,E-Commerce & Cloud,272.89,277.8,272.2076,274.99,44551955,0.005264,0.26454132155422927,0.29608854000052104,0.2885778574752309,,,4.36,3.87,0.49,3.63,333.979,polygon
2026-05-05,AMZN,"Amazon.com, Inc.",Equity,E-Commerce & Cloud,276.075,278.56,272.38,273.55,41908529,0.005514,0.2647614291943299,0.3035427352642451,0.289659478733424,,,4.43,3.93,0.5,3.63,333.979,polygon
2026-05-04,AMZN,"Amazon.com, Inc.",Equity,E-Commerce & Cloud,268.795,276.1,268.795,272.05,49083734,0.014128,0.26380786476338186,0.306105523291059,0.315894080975709,,,4.45,3.95,0.5,3.63,333.979,polygon
2026-05-01,AMZN,"Amazon.com, Inc.",Equity,E-Commerce & Cloud,265.58,273.315,262.74,268.26,50825231,0.012073,0.2695747412532417,0.31464860532252287,0.33033194197687105,,,4.39,3.88,0.51,3.63,333.979,polygon
2026-04-30,AMZN,"Amazon.com, Inc.",Equity,E-Commerce & Cloud,273.17,273.88,256.16,265.06,100974867,0.007679,0.2695754329441121,0.3168970486024563,0.33401721030174897,,,4.4,3.88,0.52,3.64,332.407,polygon
2026-04-29,AMZN,"Amazon.com, Inc.",Equity,E-Commerce & Cloud,257.99,265.91,257.7,263.04,72367910,0.012861,0.2818681399027541,0.3309036739806366,0.3362177234069521,,,4.42,3.92,0.5,3.64,332.407,polygon
2026-04-28,AMZN,"Amazon.com, Inc.",Equity,E-Commerce & Cloud,258.39,261.03,256.63,259.7,42204447,-0.005438,0.2823539080487216,0.33160053875735807,0.33660271396517394,,,4.36,3.84,0.52,3.64,332.407,polygon
2026-04-27,AMZN,"Amazon.com, Inc.",Equity,E-Commerce & Cloud,263.46,264.15,260.34,261.12,44906840,-0.010872,0.3319048604761926,0.33144281871686976,0.337139449490555,,,4.35,3.78,0.57,3.64,332.407,polygon
2026-04-24,AMZN,"Amazon.com, Inc.",Equity,E-Commerce & Cloud,259.98,264.5,257.685,263.99,53777353,0.03493,0.3406806503778993,0.3305123906770516,0.33646312246473775,,,4.31,3.78,0.53,3.64,332.407,polygon
2026-04-23,AMZN,"Amazon.com, Inc.",Equity,E-Commerce & Cloud,255.39,258.79,253.07,255.08,39091394,-0.001096,0.33209637600423264,0.32675432635058577,0.32975383288563737,,,4.34,3.83,0.51,3.64,332.407,polygon
2026-04-22,AMZN,"Amazon.com, Inc.",Equity,E-Commerce & Cloud,252.44,255.94,250.33,255.36,36065067,0.021808,0.3402908213433784,0.32862820909212725,0.3337505168680707,,,4.3,3.79,0.51,3.64,332.407,polygon
2026-04-21,AMZN,"Amazon.com, Inc.",Equity,E-Commerce & Cloud,255.09,255.09,249.1,249.91,42922398,0.006565,0.34095553634562137,0.32524854608939274,0.33111981856621814,,,4.3,3.78,0.52,3.64,332.407,polygon
2026-04-20,AMZN,"Amazon.com, Inc.",Equity,E-Commerce & Cloud,249.19,250.18,245.365,248.28,39463106,-0.0091,0.35237920927438104,0.32542112650081223,0.3333584456919,,,4.26,3.72,0.54,3.64,332.407,polygon
2026-04-17,AMZN,"Amazon.com, Inc.",Equity,E-Commerce & Cloud,254.985,256.18,250.11,250.56,52029291,0.003444,0.35023589383458537,0.3357528685113322,0.33358228466025086,,,4.26,3.71,0.55,3.64,332.407,polygon
2026-04-16,AMZN,"Amazon.com, Inc.",Equity,E-Commerce & Cloud,248.51,250.0,244.2,249.7,41895711,0.004829,0.368805944205336,0.336075575816482,0.33355342327321724,,,4.32,3.78,0.54,3.64,332.407,polygon
2026-04-15,AMZN,"Amazon.com, Inc.",Equity,E-Commerce & Cloud,249.25,250.44,247.2,248.5,43045160,-0.002088,0.37003417886429973,0.34967761663710917,0.34144194694401314,,,4.29,3.76,0.53,3.64,332.407,polygon
2026-04-14,AMZN,"Amazon.com, Inc.",Equity,E-Commerce & Cloud,241.78,252.18,241.78,249.02,72685026,0.038059,0.37041780829917054,0.3491126583550864,0.3414594967026423,,,4.26,3.76,0.5,3.64,332.407,polygon
2026-04-13,AMZN,"Amazon.com, Inc.",Equity,E-Commerce & Cloud,237.45,240.0,235.75,239.89,42166150,0.006334,0.3597622053819511,0.33812865734108744,0.33307738790983127,,,4.3,3.78,0.52,3.64,332.407,polygon
2026-04-10,AMZN,"Amazon.com, Inc.",Equity,E-Commerce & Cloud,235.295,240.43,235.21,238.38,56912842,0.020244,0.36720227410286305,0.3384687630179244,0.33674198777223013,,,4.31,3.81,0.5,3.64,332.407,polygon
2026-04-09,AMZN,"Amazon.com, Inc.",Equity,E-Commerce & Cloud,225.232,233.8,223.27,233.65,65964171,0.056045,0.36594374405806407,0.33887915328093665,0.33551179420675603,,,4.29,3.78,0.51,3.64,332.407,polygon
2026-04-08,AMZN,"Amazon.com, Inc.",Equity,E-Commerce & Cloud,223.79,226.1,219.62,221.25,51092698,0.034991,0.3167742861522464,0.30324537942510443,0.31502580439693517,,,4.29,3.79,0.5,3.64,332.407,polygon
2026-04-07,AMZN,"Amazon.com, Inc.",Equity,E-Commerce & Cloud,211.24,213.97,209.075,213.77,28154557,0.004605,0.2936399562433779,0.29053379641679716,0.30615676624111726,,,4.33,3.81,0.52,3.64,332.407,polygon
2026-04-06,AMZN,"Amazon.com, Inc.",Equity,E-Commerce & Cloud,209.795,212.95,209.59,212.79,25385495,0.014397,0.30714368850536566,0.2989586996767212,0.3090803668318891,,,4.34,3.84,0.5,3.64,332.407,polygon
2026-04-02,AMZN,"Amazon.com, Inc.",Equity,E-Commerce & Cloud,206.54,212.2125,204.9,209.77,31453039,-0.003799,0.304609911539703,0.30503927866846453,0.3073539810167429,,,4.31,3.79,0.52,3.64,332.407,polygon
2026-04-01,AMZN,"Amazon.com, Inc.",Equity,E-Commerce & Cloud,210.435,213.58,208.19,210.57,45955395,0.011043,0.3338162739324132,0.3047329493221719,0.31582873368082615,,,4.33,3.81,0.52,3.64,332.407,polygon
2026-03-31,AMZN,"Amazon.com, Inc.",Equity,E-Commerce & Cloud,204.845,210.28,204.14,208.27,58470078,0.036427,0.33165187522741885,0.30738056916477496,0.32085219596312337,,,4.3,3.79,0.51,3.64,330.293,polygon
2026-03-30,AMZN,"Amazon.com, Inc.",Equity,E-Commerce & Cloud,201.48,203.8,199.9802,200.95,46373797,0.008077,0.3056881882451279,0.2913515481793778,0.31326835983738127,,,4.35,3.82,0.53,3.64,330.293,polygon
2026-03-27,AMZN,"Amazon.com, Inc.",Equity,E-Commerce & Cloud,206.455,206.6,199.14,199.34,56009763,-0.03951,0.3065569670598943,0.29068960679667455,0.3126852898714247,,,4.44,3.88,0.56,3.64,330.293,polygon
2026-03-26,AMZN,"Amazon.com, Inc.",Equity,E-Commerce & Cloud,210.61,212.885,207.12,207.54,46745978,-0.019697,0.27670087303867347,0.27309173332178394,0.3027339559758492,,,4.42,3.96,0.46,3.64,330.293,polygon
2026-03-25,AMZN,"Amazon.com, Inc.",Equity,E-Commerce & Cloud,211.56,213.07,209.9,211.71,36388791,0.021569,0.269842389005677,0.26977654353425057,0.3003934462817639,,,4.33,3.84,0.49,3.64,330.293,polygon
2026-03-24,AMZN,"Amazon.com, Inc.",Equity,E-Commerce & Cloud,207.95,209.35,206.64,207.24,35351425,-0.0138,0.2652220463748583,0.2637798448175697,0.2966231312887404,,,4.39,3.9,0.49,3.64,330.293,polygon
2026-03-23,AMZN,"Amazon.com, Inc.",Equity,E-Commerce & Cloud,209.79,212.8,209.51,210.14,44277356,0.023226,0.27350982101566296,0.2615778040270484,0.29562228535476825,,,4.34,3.83,0.51,3.64,330.293,polygon
2026-03-20,AMZN,"Amazon.com, Inc.",Equity,E-Commerce & Cloud,207.4,207.54,204.316,205.37,63694603,-0.016239,0.2760963369489031,0.3005413024117205,0.2935114392603068,,,4.39,3.88,0.51,3.64,330.293,polygon
2026-03-19,AMZN,"Amazon.com, Inc.",Equity,E-Commerce & Cloud,207.06,209.12,206.05,208.76,36440622,-0.005289,0.2695103532654879,0.32274914782597725,0.2922125163564119,,,4.25,3.79,0.46,3.64,330.293,polygon
2026-03-18,AMZN,"Amazon.com, Inc.",Equity,E-Commerce & Cloud,213.925,215.1401,208.825,209.87,37846642,-0.024768,0.274726616424148,0.3280169850317691,0.2922129372192101,,,4.26,3.76,0.5,3.64,330.293,polygon
2026-03-17,AMZN,"Amazon.com, Inc.",Equity,E-Commerce & Cloud,212.82,215.7,212.43,215.2,44969943,0.016341,0.25808949931215763,0.3247505305172648,0.2926412198343752,,,4.2,3.68,0.52,3.64,330.293,polygon
2026-03-16,AMZN,"Amazon.com, Inc.",Equity,E-Commerce & Cloud,208.35,212.724,207.445,211.74,42209316,0.019598,0.25532610278310536,0.3242056608747145,0.2907565006900828,,,4.23,3.68,0.55,3.64,330.293,polygon
2026-03-13,AMZN,"Amazon.com, Inc.",Equity,E-Commerce & Cloud,209.605,210.56,206.22,207.67,35662137,-0.008877,0.26184375914186847,0.3168259862993702,0.28769213408875705,,,4.28,3.73,0.55,3.64,330.293,polygon
2026-03-12,AMZN,"Amazon.com, Inc.",Equity,E-Commerce & Cloud,210.39,211.71,208.15,209.53,44349501,-0.014672,0.26481274986964964,0.31661681071703934,0.28893143013677963,,,4.27,3.76,0.51,3.64,330.293,polygon
2026-03-11,AMZN,"Amazon.com, Inc.",Equity,E-Commerce & Cloud,215.705,217.0,211.35,212.65,34199303,-0.007838,0.2610732038752226,0.31530667625281156,0.28962912358178755,,,4.21,3.64,0.57,3.64,330.293,polygon
2026-03-10,AMZN,"Amazon.com, Inc.",Equity,E-Commerce & Cloud,214.19,215.65,212.43,214.33,35678834,0.003935,0.2609760683013703,0.3273112328404903,0.28951003731967495,,,4.15,3.57,0.58,3.64,330.293,polygon
2026-03-09,AMZN,"Amazon.com, Inc.",Equity,E-Commerce & Cloud,210.45,213.82,207.11,213.49,54642926,0.001313,0.3289590419063081,0.32654901373218226,0.2916957874013816,,,4.12,3.56,0.56,3.64,330.293,polygon
2026-03-06,AMZN,"Amazon.com, Inc.",Equity,E-Commerce & Cloud,214.99,217.32,212.53,213.21,51152716,-0.026172,0.36096688964452767,0.33372008606966663,0.29188340021071585,,,4.15,3.56,0.59,3.64,330.293,polygon
2026-03-05,AMZN,"Amazon.com, Inc.",Equity,E-Commerce & Cloud,215.98,220.47,215.59,218.94,60943447,0.009778,0.35902061006120517,0.3293034524901973,0.28788885593050934,,,4.13,3.57,0.56,3.64,330.293,polygon
2026-03-04,AMZN,"Amazon.com, Inc.",Equity,E-Commerce & Cloud,210.47,217.54,210.15,216.82,54731101,0.038758,0.35842352589149673,0.327637288324937,0.28711039176672265,,,4.09,3.54,0.55,3.64,330.293,polygon
2026-03-03,AMZN,"Amazon.com, Inc.",Equity,E-Commerce & Cloud,203.1,209.178,202.48,208.73,43184918,0.001632,0.3312357862260475,0.3177478683033776,0.27660527439773425,,,4.06,3.51,0.55,3.64,330.293,polygon
2026-03-02,AMZN,"Amazon.com, Inc.",Equity,E-Commerce & Cloud,204.55,209.73,203.46,208.39,46001010,-0.007667,0.33009512651428025,0.3182069590382404,0.2768741429376803,,,4.05,3.47,0.58,3.64,330.293,polygon
2026-02-27,AMZN,"Amazon.com, Inc.",Equity,E-Commerce & Cloud,206.83,210.33,205.2,210.0,57422777,0.010004,0.33014314538101086,0.3195911270832878,0.2767481064139733,,,3.97,3.38,0.59,3.64,327.46,polygon
2026-02-26,AMZN,"Amazon.com, Inc.",Equity,E-Commerce & Cloud,210.73,211.05,205.345,207.92,47756765,-0.012913,0.3243822863225945,0.32230035164766807,0.27583961948551733,,,4.02,3.42,0.6,3.64,327.46,polygon
2026-02-25,AMZN,"Amazon.com, Inc.",Equity,E-Commerce & Cloud,210.46,211.59,208.93,210.64,41346376,0.009973,0.34387878788417575,0.3230030620884374,0.2776983975669303,,,4.05,3.45,0.6,3.64,327.46,polygon
2026-02-24,AMZN,"Amazon.com, Inc.",Equity,E-Commerce & Cloud,205.47,210.36,203.25,208.56,41137162,0.016028,0.3392566268408993,0.31984544956953526,0.27669593602243586,,,4.04,3.43,0.61,3.64,327.46,polygon
2026-02-23,AMZN,"Amazon.com, Inc.",Equity,E-Commerce & Cloud,208.095,208.43,203.11,205.27,53581508,-0.023036,0.34329725433329705,0.31480100501170494,0.2764254291323143,,,4.03,3.43,0.6,3.64,327.46,polygon
2026-02-20,AMZN,"Amazon.com, Inc.",Equity,E-Commerce & Cloud,204.76,211.17,203.75,210.11,65881611,0.025627,0.3436927547563846,0.3187883368540169,0.2779710811359348,,,4.08,3.48,0.6,3.64,327.46,polygon
2026-02-19,AMZN,"Amazon.com, Inc.",Equity,E-Commerce & Cloud,203.8,205.6396,202.81,204.86,35669611,0.000342,0.32706369042859884,0.30681962968425935,0.2749305909189686,,,4.08,3.47,0.61,3.64,327.46,polygon
2026-02-18,AMZN,"Amazon.com, Inc.",Equity,E-Commerce & Cloud,202.07,206.86,201.51,204.79,51003299,0.018096,0.3409540397119228,0.32633814130004246,0.2793713901390453,,,4.09,3.47,0.62,3.64,327.46,polygon
2026-02-17,AMZN,"Amazon.com, Inc.",Equity,E-Commerce & Cloud,198.125,201.7362,196.0,201.15,69879200,0.011872,0.3311679632008216,0.33398773830412887,0.2764932700856598,,,4.05,3.43,0.62,3.64,327.46,polygon
2026-02-13,AMZN,"Amazon.com, Inc.",Equity,E-Commerce & Cloud,198.88,201.16,197.275,198.79,66321593,-0.004058,0.32762318965428805,0.3332502846795316,0.2890931496818303,,,4.04,3.4,0.64,3.64,327.46,polygon
2026-02-12,AMZN,"Amazon.com, Inc.",Equity,E-Commerce & Cloud,203.96,203.96,197.56,199.6,83975393,-0.021952,0.332107103333688,0.3333098166468543,0.2892720740185283,,,4.09,3.47,0.62,3.64,327.46,polygon
2026-02-11,AMZN,"Amazon.com, Inc.",Equity,E-Commerce & Cloud,208.06,208.57,202.49,204.08,65545455,-0.013916,0.3297123095117216,0.32987515455400057,0.2871171743913221,,,4.18,3.52,0.66,3.64,327.46,polygon
2026-02-10,AMZN,"Amazon.com, Inc.",Equity,E-Commerce & Cloud,208.795,212.6499,206.411,206.96,67175031,-0.008432,0.3296695817683065,0.3286345968470157,0.29072193341747277,,,4.16,3.45,0.71,3.64,327.46,polygon
2026-02-09,AMZN,"Amazon.com, Inc.",Equity,E-Commerce & Cloud,208.97,212.81,203.35,208.72,91178443,-0.007607,0.33269027454089134,0.3285860517593923,0.2926106481789078,,,4.22,3.48,0.74,3.64,327.46,polygon
2026-02-06,AMZN,"Amazon.com, Inc.",Equity,E-Commerce & Cloud,202.7,211.44,200.31,210.32,179210851,-0.055548,0.3458557439163782,0.32861659933080006,0.2926791877397678,,,4.22,3.5,0.72,3.64,327.46,polygon
2026-02-05,AMZN,"Amazon.com, Inc.",Equity,E-Commerce & Cloud,224.91,226.31,220.38,222.69,103509230,-0.044208,0.2938314740494208,0.2906838664064103,0.27236994631890993,,,4.21,3.47,0.74,3.64,327.46,polygon
2026-02-04,AMZN,"Amazon.com, Inc.",Equity,E-Commerce & Cloud,238.86,238.86,231.82,232.99,51299947,-0.023594,0.27963065632128037,0.25872948529817996,0.25705644411400963,,,4.29,3.57,0.72,3.64,327.46,polygon
2026-02-03,AMZN,"Amazon.com, Inc.",Equity,E-Commerce & Cloud,244.975,246.35,235.45,238.62,53831298,-0.017863,0.2822245989606809,0.24792491746548076,0.2592503346445206,,,4.28,3.57,0.71,3.64,327.46,polygon
2026-02-02,AMZN,"Amazon.com, Inc.",Equity,E-Commerce & Cloud,238.31,245.6299,238.17,242.96,37546102,0.015295,0.2830348464691069,0.24916479925428386,0.2568821778332637,,,4.29,3.57,0.72,3.64,327.46,polygon
2026-01-30,AMZN,"Amazon.com, Inc.",Equity,E-Commerce & Cloud,239.89,243.315,237.64,239.3,46585024,-0.010053,0.28102397074688873,0.2477583958966005,0.2574414630297493,,,4.26,3.52,0.74,3.64,326.588,polygon
2026-01-29,AMZN,"Amazon.com, Inc.",Equity,E-Commerce & Cloud,242.82,243.0,236.742,241.73,47229643,-0.005267,0.2779099437116145,0.24502841508205736,0.2695749108036723,,,4.24,3.53,0.71,3.64,326.588,polygon
2026-01-28,AMZN,"Amazon.com, Inc.",Equity,E-Commerce & Cloud,246.365,247.775,241.53,243.01,40882657,-0.006825,0.27705492850920893,0.25017576632510263,0.32833693455852886,,,4.26,3.56,0.7,3.64,326.588,polygon
2026-01-27,AMZN,"Amazon.com, Inc.",Equity,E-Commerce & Cloud,239.685,244.88,238.08,244.68,38029216,0.026256,0.27521839918387947,0.25572555530615837,0.33538496380724797,,,4.24,3.53,0.71,3.64,326.588,polygon
2026-01-26,AMZN,"Amazon.com, Inc.",Equity,E-Commerce & Cloud,239.98,240.95,237.54,238.42,32825530,-0.003094,0.2616556157327633,0.24649442245057585,0.3314436662643139,,,4.22,3.56,0.66,3.64,326.588,polygon
2026-01-23,AMZN,"Amazon.com, Inc.",Equity,E-Commerce & Cloud,234.955,240.45,234.57,239.16,33778478,0.020568,0.2660382684886983,0.2503731726976784,0.33189648394119303,,,4.24,3.6,0.64,3.64,326.588,polygon
2026-01-22,AMZN,"Amazon.com, Inc.",Equity,E-Commerce & Cloud,234.045,235.72,230.9,234.34,31913325,0.013099,0.2579737386885322,0.24419632110607306,0.33027254756118535,,,4.26,3.61,0.65,3.64,326.588,polygon
2026-01-21,AMZN,"Amazon.com, Inc.",Equity,E-Commerce & Cloud,231.085,232.3,226.88,231.31,47276090,0.001342,0.25458762730672635,0.24414759077662798,0.33043747365982934,,,4.26,3.6,0.66,3.64,326.588,polygon
2026-01-20,AMZN,"Amazon.com, Inc.",Equity,E-Commerce & Cloud,233.76,235.09,229.34,231.0,47737854,-0.033958,0.26736914289166336,0.24417064061293825,0.33160187737288754,,,4.3,3.6,0.7,3.64,326.588,polygon
2026-01-16,AMZN,"Amazon.com, Inc.",Equity,E-Commerce & Cloud,239.085,239.57,236.41,239.12,45888283,0.003947,0.23429466773585644,0.2253347062365974,0.32585341388773226,,,4.24,3.59,0.65,3.64,326.588,polygon
2026-01-15,AMZN,"Amazon.com, Inc.",Equity,E-Commerce & Cloud,239.31,240.65,236.63,238.18,43003571,0.006465,0.2345659942841358,0.22686605225913198,0.32953456839554074,,,4.17,3.56,0.61,3.64,326.588,polygon
2026-01-14,AMZN,"Amazon.com, Inc.",Equity,E-Commerce & Cloud,241.15,241.28,236.22,236.65,41410578,-0.024526,0.24366851837319686,0.22624482641589244,0.33071865289548746,,,4.15,3.51,0.64,3.64,326.588,polygon
2026-01-13,AMZN,"Amazon.com, Inc.",Equity,E-Commerce & Cloud,246.53,247.66,240.25,242.6,38371778,-0.015702,0.23504868555969485,0.21327850883740124,0.32655383566468454,,,4.18,3.53,0.65,3.64,326.588,polygon
2026-01-12,AMZN,"Amazon.com, Inc.",Equity,E-Commerce & Cloud,246.73,248.94,245.96,246.47,35867770,-0.003679,0.22800677687634122,0.21190953292999784,0.32478190035241844,,,4.19,3.54,0.65,3.64,326.588,polygon
2026-01-09,AMZN,"Amazon.com, Inc.",Equity,E-Commerce & Cloud,244.568,247.86,242.24,247.38,34559961,0.004426,0.23153358899647575,0.21158513024841635,0.3247906438536749,,,4.18,3.54,0.64,3.64,326.588,polygon
2026-01-08,AMZN,"Amazon.com, Inc.",Equity,E-Commerce & Cloud,243.06,246.41,241.88,246.29,39509844,0.019581,0.23153709892838892,0.2145665259821915,0.3270986649034387,,,4.19,3.49,0.7,3.64,326.588,polygon
2026-01-07,AMZN,"Amazon.com, Inc.",Equity,E-Commerce & Cloud,239.61,245.29,239.52,241.56,42236531,0.002615,0.2302836192125923,0.21891358224471186,0.326579186989342,,,4.15,3.47,0.68,3.64,326.588,polygon
2026-01-06,AMZN,"Amazon.com, Inc.",Equity,E-Commerce & Cloud,232.1,243.18,232.07,240.93,53764677,0.033768,0.23029183531256395,0.22222357658562455,0.3441883846857433,,,4.18,3.47,0.71,3.64,326.588,polygon
2026-01-05,AMZN,"Amazon.com, Inc.",Equity,E-Commerce & Cloud,228.84,234.0,227.18,233.06,49733348,0.028962,0.2078005221849752,0.21878060309586536,0.3382689808187672,,,4.17,3.46,0.71,3.64,326.588,polygon
2026-01-02,AMZN,"Amazon.com, Inc.",Equity,E-Commerce & Cloud,231.34,235.458,224.7,226.5,51456229,-0.018716,0.18212358225741038,0.20321256629023163,0.33467576232852375,,,4.19,3.47,0.72,3.64,326.588,polygon
2025-12-31,AMZN,"Amazon.com, Inc.",Equity,E-Commerce & Cloud,232.905,232.99,230.12,230.82,24383749,-0.007354,0.17129819694994658,0.23688602903076295,0.3323326103242861,,,4.18,3.47,0.71,3.72,326.031,polygon
2025-12-30,AMZN,"Amazon.com, Inc.",Equity,E-Commerce & Cloud,231.205,232.77,230.2,232.53,21910453,0.001982,0.16987068046709,0.23699393684102232,0.33208954753798614,,,4.14,3.45,0.69,3.72,326.031,polygon
2025-12-29,AMZN,"Amazon.com, Inc.",Equity,E-Commerce & Cloud,231.94,232.6,230.77,232.07,19797909,-0.001935,0.18056136743549872,0.23937200632135028,0.33333188186874124,,,4.12,3.45,0.67,3.72,326.031,polygon
2025-12-26,AMZN,"Amazon.com, Inc.",Equity,E-Commerce & Cloud,232.035,232.99,231.18,232.52,15994726,0.000602,0.18061470332299798,0.25158210870368264,0.3336202208795022,,,4.14,3.46,0.68,3.72,326.031,polygon
2025-12-24,AMZN,"Amazon.com, Inc.",Equity,E-Commerce & Cloud,232.13,232.95,231.33,232.38,11420543,0.001034,0.18726983779152676,0.2569389171420247,0.33371726743621377,,,4.15,3.47,0.68,3.72,326.031,polygon
2025-12-23,AMZN,"Amazon.com, Inc.",Equity,E-Commerce & Cloud,229.055,232.445,228.73,232.14,29230233,0.016241,0.20452365943804393,0.25719234043141304,0.33473307850554523,,,4.18,3.48,0.7,3.72,326.031,polygon
2025-12-22,AMZN,"Amazon.com, Inc.",Equity,E-Commerce & Cloud,228.61,229.48,226.71,228.43,32261329,0.00475,0.20461334215058302,0.2572435733275263,0.33386877492848005,,,4.17,3.44,0.73,3.72,326.031,polygon
2025-12-19,AMZN,"Amazon.com, Inc.",Equity,E-Commerce & Cloud,226.76,229.125,225.58,227.35,85544374,0.002602,0.22559633677531696,0.25746452056041597,0.3340564803482738,,,4.16,3.48,0.68,3.72,326.031,polygon
2025-12-18,AMZN,"Amazon.com, Inc.",Equity,E-Commerce & Cloud,225.705,229.225,224.41,226.76,50272419,0.024811,0.22552213728261958,0.268406298817452,0.3346677514330912,,,4.12,3.46,0.66,3.72,326.031,polygon
2025-12-17,AMZN,"Amazon.com, Inc.",Equity,E-Commerce & Cloud,224.655,225.19,220.99,221.27,44034418,-0.005796,0.2604322862876811,0.2561382697235928,0.33093747397974504,,,4.16,3.49,0.67,3.72,326.031,polygon
2025-12-16,AMZN,"Amazon.com, Inc.",Equity,E-Commerce & Cloud,223.035,223.66,221.1304,222.56,39298857,9e-05,0.260844039997855,0.2595905193792479,0.3367645672740237,,,4.15,3.48,0.67,3.72,326.031,polygon
2025-12-15,AMZN,"Amazon.com, Inc.",Equity,E-Commerce & Cloud,227.93,227.93,221.5,222.54,47286085,-0.016137,0.2627747156447438,0.2886840654408633,,,,4.18,3.51,0.67,3.72,326.031,polygon
2025-12-12,AMZN,"Amazon.com, Inc.",Equity,E-Commerce & Cloud,229.87,230.08,225.12,226.19,35639118,-0.017761,0.27253863983872406,0.3953112269561407,,,,4.19,3.52,0.67,3.72,326.031,polygon
2025-12-11,AMZN,"Amazon.com, Inc.",Equity,E-Commerce & Cloud,230.71,232.11,228.6901,230.28,28249599,-0.006472,0.27390283695758233,0.4036272516970453,,,,4.14,3.52,0.62,3.72,326.031,polygon
2025-12-10,AMZN,"Amazon.com, Inc.",Equity,E-Commerce & Cloud,228.805,232.42,228.46,231.78,38790736,0.016936,0.2746211407817506,0.40335494813388983,,,,4.13,3.54,0.59,3.72,326.031,polygon
2025-12-09,AMZN,"Amazon.com, Inc.",Equity,E-Commerce & Cloud,226.84,228.57,225.11,227.92,25841743,0.00454,0.274074692130395,0.40142544971974675,,,,4.18,3.61,0.57,3.72,326.031,polygon
2025-12-08,AMZN,"Amazon.com, Inc.",Equity,E-Commerce & Cloud,229.59,230.83,226.27,226.89,35019174,-0.011502,0.27449473980786543,0.4027766421968575,,,,4.17,3.57,0.6,3.72,326.031,polygon
2025-12-05,AMZN,"Amazon.com, Inc.",Equity,E-Commerce & Cloud,230.32,231.24,228.547,229.53,33117377,0.001833,0.28750439116624155,0.40299733509017005,,,,4.14,3.56,0.58,3.72,326.031,polygon
2025-12-04,AMZN,"Amazon.com, Inc.",Equity,E-Commerce & Cloud,232.77,233.5,226.8,229.11,45683224,-0.014072,0.2880039488189744,0.4047714563044689,,,,4.11,3.52,0.59,3.72,326.031,polygon
2025-12-03,AMZN,"Amazon.com, Inc.",Equity,E-Commerce & Cloud,233.35,233.38,230.61,232.38,35495058,-0.008702,0.2903666127178127,0.4064539980125662,,,,4.06,3.49,0.57,3.72,326.031,polygon
2025-12-02,AMZN,"Amazon.com, Inc.",Equity,E-Commerce & Cloud,235.005,238.97,233.55,234.42,45785363,0.002309,0.3263708048351608,0.41094367950696203,,,,4.09,3.51,0.58,3.72,326.031,polygon
2025-12-01,AMZN,"Amazon.com, Inc.",Equity,E-Commerce & Cloud,233.22,235.797,232.25,233.88,42903954,0.00283,0.46000999412526794,0.41276048716750247,,,,4.09,3.54,0.55,3.72,326.031,polygon
2025-11-28,AMZN,"Amazon.com, Inc.",Equity,E-Commerce & Cloud,231.24,233.285,230.22,233.22,20292329,0.017717,0.4758138955932616,0.4137378245141954,,,,4.02,3.47,0.55,3.88,325.063,polygon
2025-11-26,AMZN,"Amazon.com, Inc.",Equity,E-Commerce & Cloud,230.74,231.7474,228.77,229.16,38497922,-0.002221,0.4720922539386331,0.41192049615929527,,,,4.0,3.45,0.55,3.88,325.063,polygon
2025-11-25,AMZN,"Amazon.com, Inc.",Equity,E-Commerce & Cloud,226.38,230.52,223.8,229.67,39379339,0.014981,0.473269287888667,0.4120871541966043,,,,4.01,3.43,0.58,3.88,325.063,polygon
2025-11-24,AMZN,"Amazon.com, Inc.",Equity,E-Commerce & Cloud,222.555,227.33,222.27,226.28,54318395,0.02533,0.4723525548389562,0.41372535230736407,,,,4.04,3.46,0.58,3.88,325.063,polygon
2025-11-21,AMZN,"Amazon.com, Inc.",Equity,E-Commerce & Cloud,216.345,222.21,215.18,220.69,68490464,0.016349,0.46664332459776575,0.4102935938221392,,,,4.06,3.51,0.55,3.88,325.063,polygon
2025-11-20,AMZN,"Amazon.com, Inc.",Equity,E-Commerce & Cloud,227.05,227.41,216.74,217.14,50308962,-0.024923,0.465847785384625,0.43393930719664997,,,,4.1,3.55,0.55,3.88,325.063,polygon
2025-11-19,AMZN,"Amazon.com, Inc.",Equity,E-Commerce & Cloud,223.735,223.735,218.52,222.69,58335643,0.000629,0.4618717528465481,0.42949403307506717,,,,4.13,3.58,0.55,3.88,325.063,polygon
2025-11-18,AMZN,"Amazon.com, Inc.",Equity,E-Commerce & Cloud,228.1,230.2,222.42,222.55,60608442,-0.044317,0.47004389837904287,0.43191876585541733,,,,4.12,3.58,0.54,3.88,325.063,polygon
2025-11-17,AMZN,"Amazon.com, Inc.",Equity,E-Commerce & Cloud,233.25,234.6,229.19,232.87,59919018,-0.007755,0.44044461344172736,0.4099190230581688,,,,4.13,3.6,0.53,3.88,325.063,polygon
2025-11-14,AMZN,"Amazon.com, Inc.",Equity,E-Commerce & Cloud,235.06,238.73,232.89,234.69,38956669,-0.012164,0.44008410360380934,0.40910225221381796,,,,4.14,3.62,0.52,3.88,325.063,polygon
2025-11-13,AMZN,"Amazon.com, Inc.",Equity,E-Commerce & Cloud,243.05,243.75,236.5,237.58,41401738,-0.027109,0.4373966821629684,0.4093824323500731,,,,4.11,3.58,0.53,3.88,325.063,polygon
2025-11-12,AMZN,"Amazon.com, Inc.",Equity,E-Commerce & Cloud,250.235,250.37,243.75,244.2,31190063,-0.019671,0.42294260462715205,0.3998355495602915,,,,4.08,3.56,0.52,3.88,325.063,polygon
2025-11-11,AMZN,"Amazon.com, Inc.",Equity,E-Commerce & Cloud,248.41,249.7499,247.23,249.1,23564060,0.002818,0.4207721889245672,0.39371619872581354,,,,4.13,3.58,0.55,3.88,325.063,polygon
2025-11-10,AMZN,"Amazon.com, Inc.",Equity,E-Commerce & Cloud,248.34,251.75,245.59,248.4,36476514,0.016325,0.4223141059472317,0.3964245044991379,,,,4.13,3.58,0.55,3.88,325.063,polygon
2025-11-07,AMZN,"Amazon.com, Inc.",Equity,E-Commerce & Cloud,242.9,244.9,238.49,244.41,46374294,0.005637,0.465333118009177,0.39525888772719814,,,,4.11,3.55,0.56,3.88,325.063,polygon
2025-11-06,AMZN,"Amazon.com, Inc.",Equity,E-Commerce & Cloud,249.155,250.38,242.17,243.04,46004203,-0.028617,0.4660599264295909,0.39537756693867004,,,,4.11,3.57,0.54,3.88,325.063,polygon
2025-11-05,AMZN,"Amazon.com, Inc.",Equity,E-Commerce & Cloud,249.03,251.0,246.16,250.2,40610702,0.00353,0.4520300947102966,0.38525953161025084,,,,4.17,3.63,0.54,3.88,325.063,polygon
2025-11-04,AMZN,"Amazon.com, Inc.",Equity,E-Commerce & Cloud,250.38,257.01,248.66,249.32,51546311,-0.018425,0.4520048374495939,0.38572059417840704,,,,4.1,3.58,0.52,3.88,325.063,polygon
2025-11-03,AMZN,"Amazon.com, Inc.",Equity,E-Commerce & Cloud,255.36,258.6,252.9,254.0,95997816,0.040046,0.4432412115256775,0.3935479939065445,,,,4.13,3.6,0.53,3.88,325.063,polygon
2025-10-31,AMZN,"Amazon.com, Inc.",Equity,E-Commerce & Cloud,250.1,250.5,243.98,244.22,166340808,0.095845,0.43212885774882376,,,,,4.11,3.6,0.51,4.09,324.245,polygon
2025-10-30,AMZN,"Amazon.com, Inc.",Equity,E-Commerce & Cloud,227.06,228.44,222.75,222.86,102252937,-0.032306,0.29527827117621136,,,,,4.11,3.61,0.5,4.09,324.245,polygon
2025-10-29,AMZN,"Amazon.com, Inc.",Equity,E-Commerce & Cloud,231.672,232.82,227.76,230.3,52036151,0.00458,0.2694224737705966,,,,,4.08,3.59,0.49,4.09,324.245,polygon
2025-10-28,AMZN,"Amazon.com, Inc.",Equity,E-Commerce & Cloud,228.215,231.485,226.21,229.25,47100026,0.010045,0.2735813995956858,,,,,3.99,3.47,0.52,4.09,324.245,polygon
2025-10-27,AMZN,"Amazon.com, Inc.",Equity,E-Commerce & Cloud,227.66,228.4,225.54,226.97,38266995,0.01231,0.27391723720719374,,,,,4.01,3.48,0.53,4.09,324.245,polygon
2025-10-24,AMZN,"Amazon.com, Inc.",Equity,E-Commerce & Cloud,221.97,225.4,221.9,224.21,38685053,0.014112,0.27205531173918657,,,,,4.02,3.48,0.54,4.09,324.245,polygon
2025-10-23,AMZN,"Amazon.com, Inc.",Equity,E-Commerce & Cloud,219.0,221.3,218.18,221.09,31539999,0.014407,0.2703585963556259,,,,,4.01,3.48,0.53,4.09,324.245,polygon
2025-10-22,AMZN,"Amazon.com, Inc.",Equity,E-Commerce & Cloud,219.3,220.005,216.52,217.95,44308538,-0.018376,0.2655090050012949,,,,,3.97,3.45,0.52,4.09,324.245,polygon
2025-10-21,AMZN,"Amazon.com, Inc.",Equity,E-Commerce & Cloud,218.43,223.32,217.99,222.03,50494565,0.025637,0.279091886752123,,,,,3.98,3.45,0.53,4.09,324.245,polygon
2025-10-20,AMZN,"Amazon.com, Inc.",Equity,E-Commerce & Cloud,213.88,216.69,213.59,216.48,38882819,0.016147,,,,,,4.0,3.46,0.54,4.09,324.245,polygon
2025-10-17,AMZN,"Amazon.com, Inc.",Equity,E-Commerce & Cloud,214.56,214.8,211.03,213.04,45986944,-0.006668,,,,,,4.02,3.46,0.56,4.09,324.245,polygon
2025-10-16,AMZN,"Amazon.com, Inc.",Equity,E-Commerce & Cloud,215.67,218.59,212.8101,214.47,42414591,-0.005103,,,,,,3.99,3.41,0.58,4.09,324.245,polygon
2025-10-15,AMZN,"Amazon.com, Inc.",Equity,E-Commerce & Cloud,216.62,217.71,212.66,215.57,45909469,-0.003789,,,,,,4.05,3.5,0.55,4.09,324.245,polygon
2025-10-14,AMZN,"Amazon.com, Inc.",Equity,E-Commerce & Cloud,215.555,219.32,212.6,216.39,45665580,-0.016722,,,,,,4.03,3.48,0.55,4.09,324.245,polygon
2025-10-13,AMZN,"Amazon.com, Inc.",Equity,E-Commerce & Cloud,217.7,220.68,217.04,220.07,37809650,0.0171,,,,,,4.05,3.52,0.53,4.09,324.245,polygon
2025-10-10,AMZN,"Amazon.com, Inc.",Equity,E-Commerce & Cloud,226.21,228.25,216.0,216.37,72367511,-0.049925,,,,,,4.05,3.52,0.53,4.09,324.245,polygon
2025-10-09,AMZN,"Amazon.com, Inc.",Equity,E-Commerce & Cloud,224.995,228.21,221.75,227.74,46412122,0.011189,,,,,,4.14,3.6,0.54,4.09,324.245,polygon
2025-10-08,AMZN,"Amazon.com, Inc.",Equity,E-Commerce & Cloud,222.92,226.73,221.19,225.22,46685985,0.015511,,,,,,4.13,3.58,0.55,4.09,324.245,polygon
2025-10-07,AMZN,"Amazon.com, Inc.",Equity,E-Commerce & Cloud,220.88,222.89,220.17,221.78,31194678,0.003984,,,,,,4.14,3.57,0.57,4.09,324.245,polygon
2025-10-06,AMZN,"Amazon.com, Inc.",Equity,E-Commerce & Cloud,221.0,221.73,216.03,220.9,43690876,0.006332,,,,,,4.18,3.6,0.58,4.09,324.245,polygon
2025-10-03,AMZN,"Amazon.com, Inc.",Equity,E-Commerce & Cloud,223.44,224.2,219.34,219.51,43639033,-0.013039,,,,,,4.13,3.58,0.55,4.09,324.245,polygon
2025-10-02,AMZN,"Amazon.com, Inc.",Equity,E-Commerce & Cloud,221.01,222.81,218.945,222.41,41258586,0.008068,,,,,,4.1,3.55,0.55,4.09,324.245,polygon
2025-10-01,AMZN,"Amazon.com, Inc.",Equity,E-Commerce & Cloud,217.36,222.15,216.61,220.63,43933834,0.004828,,,,,,4.12,3.55,0.57,4.09,324.245,polygon
2025-09-30,AMZN,"Amazon.com, Inc.",Equity,E-Commerce & Cloud,222.03,222.24,217.89,219.57,48396369,-0.011703,,,,,,4.16,3.6,0.56,4.22,324.245,polygon
2025-09-29,AMZN,"Amazon.com, Inc.",Equity,E-Commerce & Cloud,220.08,222.6,219.3,222.17,44259177,0.010875,,,,,,4.15,3.63,0.52,4.22,324.245,polygon
2025-09-26,AMZN,"Amazon.com, Inc.",Equity,E-Commerce & Cloud,219.08,221.05,218.02,219.78,41650098,0.007472,,,,,,4.2,3.63,0.57,4.22,324.245,polygon
2025-09-25,AMZN,"Amazon.com, Inc.",Equity,E-Commerce & Cloud,220.06,220.67,216.47,218.15,52226328,-0.009355,,,,,,4.18,3.64,0.54,4.22,324.245,polygon
2025-09-24,AMZN,"Amazon.com, Inc.",Equity,E-Commerce & Cloud,224.15,224.56,219.45,220.21,49509033,-0.002265,,,,,,4.16,3.57,0.59,4.22,324.245,polygon
2025-09-23,AMZN,"Amazon.com, Inc.",Equity,E-Commerce & Cloud,227.83,227.86,220.07,220.71,70956193,-0.0304,,,,,,4.12,3.53,0.59,4.22,324.245,polygon
2025-09-22,AMZN,"Amazon.com, Inc.",Equity,E-Commerce & Cloud,230.56,230.565,227.51,227.63,45914506,,,,,,,4.15,3.61,0.54,4.22,324.245,polygon
2026-09-18,GOOGL,Alphabet Inc.,Equity,Internet & Search,357.305,359.44,348.445,349.54,47631754,0.006363,0.23054386977314337,0.22869177479221967,0.3535939661339885,,,,,0.25,,,polygon
2026-09-17,GOOGL,Alphabet Inc.,Equity,Internet & Search,348.675,349.5,343.8857,347.33,19238355,0.013008,0.22964933212183858,0.23032533942675282,0.35340045650875296,,,4.94,4.67,0.27,,,polygon
2026-09-16,GOOGL,Alphabet Inc.,Equity,Internet & Search,347.08,348.4,340.64,342.87,18928864,-0.006116,0.22512480855023842,0.2532267324247859,0.352982313571815,,,5.01,4.74,0.27,,,polygon
2026-09-15,GOOGL,Alphabet Inc.,Equity,Internet & Search,346.8,348.07,342.7,344.98,21928572,-0.012622,0.2249253949707899,0.2563740438406769,0.3678838811686512,,,5.0,4.67,0.33,,,polygon
2026-09-14,GOOGL,Alphabet Inc.,Equity,Internet & Search,343.12,349.91,342.1361,349.39,35905445,0.032171,0.22031664315762786,0.29287846045902666,0.36797361253299293,,,4.97,4.65,0.32,,,polygon
2026-09-11,GOOGL,Alphabet Inc.,Equity,Internet & Search,335.03,342.98,335.03,338.5,24708293,0.017739,0.19147469871131229,0.33766937979425143,0.36520296671902064,,,4.96,4.63,0.33,,,polygon
2026-09-10,GOOGL,Alphabet Inc.,Equity,Internet & Search,328.225,333.23,327.74,332.6,23557551,0.005897,0.17957454403256415,0.3347683364685276,0.363898064930335,,,4.95,4.56,0.39,,,polygon
2026-09-09,GOOGL,Alphabet Inc.,Equity,Internet & Search,331.65,331.85,327.9,330.65,33151627,-0.022786,0.21931850981818793,0.33538709878229567,0.3681821729770589,,,4.83,4.43,0.4,,,polygon
2026-09-08,GOOGL,Alphabet Inc.,Equity,Internet & Search,335.42,339.68,333.22,338.36,22915839,-0.000295,0.21172802375129685,0.3340712083817168,0.36563992594934924,,,4.8,4.39,0.41,,,polygon
2026-09-04,GOOGL,Alphabet Inc.,Equity,Internet & Search,342.465,343.53,337.09,338.46,23189321,-0.011738,0.21316404428525346,0.3389702322879446,0.3657716749067885,,,4.78,4.37,0.41,,,polygon
2026-09-03,GOOGL,Alphabet Inc.,Equity,Internet & Search,340.56,344.68,340.06,342.48,20726904,0.015899,0.2138474293026955,0.33667686495878535,0.367634722370591,,,4.77,4.34,0.43,,,polygon
2026-09-02,GOOGL,Alphabet Inc.,Equity,Internet & Search,334.06,340.0,332.82,337.12,22582286,0.006268,0.2410547923448368,0.4004298056129273,0.36605156088963814,,,4.79,4.39,0.4,,,polygon
2026-09-01,GOOGL,Alphabet Inc.,Equity,Internet & Search,336.0,337.2,333.05,335.02,23342665,-0.01276,0.24450599485873262,0.4019624222878289,0.3666711306803705,,,4.79,4.39,0.4,,,polygon
2026-08-31,GOOGL,Alphabet Inc.,Equity,Internet & Search,343.825,344.59,337.156,339.35,33493632,-0.020889,0.3033339839655553,0.4022258648557369,0.3663332118074949,,,4.75,4.34,0.41,,,polygon
2026-08-28,GOOGL,Alphabet Inc.,Equity,Internet & Search,340.705,349.14,340.27,346.59,25347206,0.017437,0.3747610959456327,0.40030015614350306,0.37200177606674284,,,4.73,4.34,0.39,,,polygon
2026-08-27,GOOGL,Alphabet Inc.,Equity,Internet & Search,339.67,341.69,338.52,340.65,23391389,-0.003947,0.37216919363050893,0.4017045545629747,0.37041376239838725,,,4.67,4.2,0.47,,,polygon
2026-08-26,GOOGL,Alphabet Inc.,Equity,Internet & Search,346.62,346.88,340.18,342.0,20420257,-0.014296,0.37288328351950517,0.4215245740054136,0.3786257263802995,,,4.66,4.19,0.47,,,polygon
2026-08-25,GOOGL,Alphabet Inc.,Equity,Internet & Search,349.64,350.16,345.6,346.96,20649680,-0.00316,0.374831229304364,0.43116971093971157,0.37814593289603593,,,4.64,4.17,0.47,,,polygon
2026-08-24,GOOGL,Alphabet Inc.,Equity,Internet & Search,343.615,351.6,342.49,348.06,26338229,0.009396,0.37929735969554623,0.43531474079044274,0.381292634503676,,,4.7,4.24,0.46,,,polygon
2026-08-21,GOOGL,Alphabet Inc.,Equity,Internet & Search,342.575,346.2,340.4,344.82,20849776,0.012182,0.3789168502824245,0.43581130637737775,0.3807332252112373,,,4.74,4.24,0.5,,,polygon
2026-08-20,GOOGL,Alphabet Inc.,Equity,Internet & Search,343.06,343.9,338.5651,340.67,18570357,-0.011749,0.4634036391344634,0.43408371883589475,0.37962050490908833,,,4.69,4.19,0.5,,,polygon
2026-08-19,GOOGL,Alphabet Inc.,Equity,Internet & Search,342.455,346.73,340.66,344.72,19733808,0.001511,0.4644139730719303,0.43350752254080394,0.38075679795935186,,,4.65,4.19,0.46,,,polygon
2026-08-18,GOOGL,Alphabet Inc.,Equity,Internet & Search,342.405,344.8699,340.19,344.2,19248828,0.000581,0.4666864185498916,0.43486686809086794,0.3812879813876668,,,4.71,4.19,0.52,,,polygon
2026-08-17,GOOGL,Alphabet Inc.,Equity,Internet & Search,346.265,347.25,341.93,344.0,18291309,-0.005493,0.4699645011730842,0.43492892807551636,0.38125841716729403,,,4.72,4.19,0.53,,,polygon
2026-08-14,GOOGL,Alphabet Inc.,Equity,Internet & Search,346.8,350.45,344.5,345.9,17808598,-0.001328,0.475632354119015,0.4386663238767014,0.38133936236846305,,,4.68,4.17,0.51,,,polygon
2026-08-13,GOOGL,Alphabet Inc.,Equity,Internet & Search,345.77,347.93,343.76,346.36,17866072,0.008209,0.4997065778144759,0.43871618966278575,0.38393311412426845,,,4.63,4.15,0.48,,,polygon
2026-08-12,GOOGL,Alphabet Inc.,Equity,Internet & Search,346.31,346.48,340.88,343.54,25011987,-0.000756,0.5125836995835864,0.4392528195963751,0.3833598162483926,,,4.68,4.2,0.48,,,polygon
2026-08-11,GOOGL,Alphabet Inc.,Equity,Internet & Search,355.89,356.81,343.39,343.8,29081802,-0.038375,0.5181405655022876,0.4405787234341864,0.3837239493044009,,,4.7,4.22,0.48,,,polygon
2026-08-10,GOOGL,Alphabet Inc.,Equity,Internet & Search,355.175,357.61,352.71,357.52,18991368,0.009088,0.5017303294877735,0.44644495284252395,0.37610179358596685,,,4.72,4.25,0.47,,,polygon
2026-08-07,GOOGL,Alphabet Inc.,Equity,Internet & Search,356.72,358.9,353.78,354.3,19859905,-0.009644,0.5008897267085043,0.44977863143587565,0.38461232619293906,,,4.65,4.19,0.46,,,polygon
2026-08-06,GOOGL,Alphabet Inc.,Equity,Internet & Search,360.77,364.1259,356.88,357.75,25235895,-0.012913,0.5006163733432697,0.44896585160094005,0.3842534546630533,,,4.69,4.25,0.44,,,polygon
2026-08-05,GOOGL,Alphabet Inc.,Equity,Internet & Search,383.34,384.48,356.77,362.43,46926339,-0.040302,0.5009493958287988,0.44710672501433724,0.38826643470242506,,,4.63,4.18,0.45,,,polygon
2026-08-04,GOOGL,Alphabet Inc.,Equity,Internet & Search,368.22,380.52,367.5,377.65,35705703,0.011084,0.4787603695204653,0.43011944157400417,0.37981506188110176,,,4.63,4.2,0.43,,,polygon
2026-08-03,GOOGL,Alphabet Inc.,Equity,Internet & Search,365.445,376.6932,363.35,373.51,38669652,0.048802,0.48114067217252926,0.456431915452641,0.3790098296960446,,,4.7,4.25,0.45,,,polygon
2026-07-31,GOOGL,Alphabet Inc.,Equity,Internet & Search,340.83,358.58,340.0,356.13,46498023,0.067344,0.45139549737072926,0.43554541146308934,0.36912553906859213,,,4.75,4.28,0.47,3.63,332.813,polygon
2026-07-30,GOOGL,Alphabet Inc.,Equity,Internet & Search,334.195,336.51,330.34,333.66,30168000,-0.009058,0.3859671694718033,0.3937084004325447,0.3435857022601704,,,4.68,4.23,0.45,3.63,332.813,polygon
2026-07-29,GOOGL,Alphabet Inc.,Equity,Internet & Search,334.665,342.5,331.62,336.71,27501632,0.00899,0.3881867655219263,0.3954839296741934,0.3433995916360463,,,4.67,4.22,0.45,3.63,332.813,polygon
2026-07-28,GOOGL,Alphabet Inc.,Equity,Internet & Search,327.9,335.88,324.44,333.71,29511940,0.021895,0.4230454450376704,0.40333659649923803,0.3427425411105407,,,4.61,4.26,0.35,3.63,332.813,polygon
2026-07-27,GOOGL,Alphabet Inc.,Equity,Internet & Search,325.04,330.42,324.45,326.56,28471593,0.02133,0.4194005904244194,0.3975726764842544,0.3938142309590557,,,4.65,4.31,0.34,3.63,332.813,polygon
2026-07-24,GOOGL,Alphabet Inc.,Equity,Internet & Search,318.42,324.18,317.32,319.74,31806553,0.006453,0.4105791340710873,0.39157243576056455,0.39109377601543316,,,4.69,4.33,0.36,3.63,332.813,polygon
2026-07-23,GOOGL,Alphabet Inc.,Equity,Internet & Search,321.13,324.49,314.9,317.69,69419700,-0.071326,0.4089788298058387,0.39384644242585365,0.39074453215941246,,,4.71,4.37,0.34,3.63,332.813,polygon
2026-07-22,GOOGL,Alphabet Inc.,Equity,Internet & Search,348.155,349.94,341.73,342.09,39334140,-0.014576,0.3220307951749854,0.3346094394962312,0.3622439872323586,,,4.67,4.31,0.36,3.63,332.813,polygon
2026-07-21,GOOGL,Alphabet Inc.,Equity,Internet & Search,351.32,351.32,347.0,347.15,23369833,-0.01375,0.3635793561617871,0.33447416887110976,0.3624538931446143,,,4.63,4.26,0.37,3.63,332.813,polygon
2026-07-20,GOOGL,Alphabet Inc.,Equity,Internet & Search,350.88,359.68,350.52,351.99,24736644,0.015053,0.3645007480940489,0.3334492812304838,0.361256825911401,,,4.6,4.21,0.39,3.63,332.813,polygon
2026-07-17,GOOGL,Alphabet Inc.,Equity,Internet & Search,346.0,348.52,341.36,346.77,29959283,-0.021695,0.36844978067155004,0.34804280517406816,0.36247926832653843,,,4.55,4.18,0.37,3.63,332.813,polygon
2026-07-16,GOOGL,Alphabet Inc.,Equity,Internet & Search,373.06,375.27,352.3001,354.46,41158466,-0.044376,0.3651255805478658,0.3431101123332948,0.36096485204521245,,,4.57,4.16,0.41,3.63,332.813,polygon
2026-07-15,GOOGL,Alphabet Inc.,Equity,Internet & Search,357.97,373.65,357.76,370.92,28284564,0.031738,0.3415738068676327,0.3366498008816988,0.34908550618842116,,,4.55,4.13,0.42,3.63,332.813,polygon
2026-07-14,GOOGL,Alphabet Inc.,Equity,Internet & Search,351.195,360.16,351.09,359.51,18259355,0.019858,0.32447433664629416,0.32395926969760436,0.3450185358367635,,,4.58,4.18,0.4,3.63,332.813,polygon
2026-07-13,GOOGL,Alphabet Inc.,Equity,Internet & Search,356.19,358.13,351.75,352.51,15901732,-0.013075,0.3170891647750859,0.3242577482962484,0.3429507280922469,,,4.62,4.26,0.36,3.63,332.813,polygon
2026-07-10,GOOGL,Alphabet Inc.,Equity,Internet & Search,357.525,357.82,352.75,357.18,18146146,-0.004765,0.32284702868561926,0.32345804228173075,0.3425482243187947,,,4.56,4.21,0.35,3.63,332.813,polygon
2026-07-09,GOOGL,Alphabet Inc.,Equity,Internet & Search,354.31,359.65,351.08,358.89,24729093,-0.008372,0.3227537308226033,0.32349553265410835,0.34942210837803345,,,4.54,4.16,0.38,3.63,332.813,polygon
2026-07-08,GOOGL,Alphabet Inc.,Equity,Internet & Search,364.76,367.84,358.02,361.92,22094769,-0.013923,0.3251721785529017,0.32712835632485654,0.3494610210567116,,,4.56,4.21,0.35,3.63,332.813,polygon
2026-07-07,GOOGL,Alphabet Inc.,Equity,Internet & Search,369.07,373.16,365.5,367.03,24045581,0.001555,0.32337327054591025,0.32657588578047714,0.34807035641879835,,,4.55,4.19,0.36,3.63,332.813,polygon
2026-07-06,GOOGL,Alphabet Inc.,Equity,Internet & Search,361.55,367.93,357.3805,366.46,26915808,0.018199,0.3476086654264827,0.32643996941848197,0.34807649675253954,,,4.48,4.13,0.35,3.63,332.813,polygon
2026-07-02,GOOGL,Alphabet Inc.,Equity,Internet & Search,359.48,364.205,353.42,359.91,25999346,-0.003599,0.3431674033051437,0.3213295232683042,0.3542959629017398,,,4.49,4.14,0.35,3.63,332.813,polygon
2026-07-01,GOOGL,Alphabet Inc.,Equity,Internet & Search,358.37,362.97,356.43,361.21,26736445,0.010745,0.36892595084520263,0.32714441911141795,0.35542236367154123,,,4.48,4.17,0.31,3.63,332.813,polygon
2026-06-30,GOOGL,Alphabet Inc.,Equity,Internet & Search,353.865,358.62,350.4,357.37,35237231,0.010519,0.3670697258189116,0.3247146917000113,0.3558111197610316,,,4.44,4.14,0.3,3.63,332.568,polygon
2026-06-29,GOOGL,Alphabet Inc.,Equity,Internet & Search,341.825,354.35,340.67,353.65,34213932,0.048193,0.37154334030656316,0.32260945994548434,0.3559104455432189,,,4.38,4.1,0.28,3.63,332.568,polygon
2026-06-26,GOOGL,Alphabet Inc.,Equity,Internet & Search,342.55,346.36,330.2,337.39,114706326,-0.018388,0.32244605217776573,0.2837104717698591,0.34979210733724714,,,4.38,4.07,0.31,3.63,332.568,polygon
2026-06-25,GOOGL,Alphabet Inc.,Equity,Internet & Search,336.73,345.57,335.84,343.71,44564576,-0.004576,0.3202599396612878,0.30886913611045574,0.3601641825522416,,,4.4,4.09,0.31,3.63,332.568,polygon
2026-06-24,GOOGL,Alphabet Inc.,Equity,Internet & Search,349.035,353.476,341.93,345.29,44997277,-0.002427,0.3285838832928385,0.3088694109571539,0.36002632673968255,,,4.41,4.11,0.3,3.63,332.568,polygon
2026-06-23,GOOGL,Alphabet Inc.,Equity,Internet & Search,340.69,349.29,340.2,346.13,34007652,-0.010152,0.3293812311492407,0.31846437059259025,0.36422187478411283,,,4.5,4.16,0.34,3.63,332.568,polygon
2026-06-22,GOOGL,Alphabet Inc.,Equity,Internet & Search,357.945,358.92,341.7219,349.68,52814764,-0.04986,0.32898500450829227,0.31988032236048713,0.3716750712823721,,,4.51,4.24,0.27,3.63,332.568,polygon
2026-06-18,GOOGL,Alphabet Inc.,Equity,Internet & Search,365.75,369.48,358.67,368.03,44470070,0.011655,0.28383906042010987,0.28751182594604174,0.35411751819029896,,,4.46,4.19,0.27,3.63,332.568,polygon
2026-06-17,GOOGL,Alphabet Inc.,Equity,Internet & Search,369.125,372.33,362.02,363.79,24543644,-0.025345,0.288064340768376,0.29533417542158263,0.3645925654224771,,,4.49,4.2,0.29,3.63,332.568,polygon
2026-06-16,GOOGL,Alphabet Inc.,Equity,Internet & Search,369.6,376.0,367.06,373.25,24876095,0.010559,0.27748887668893396,0.29000575095580167,0.35962801984286236,,,4.43,4.05,0.38,3.63,332.568,polygon
2026-06-15,GOOGL,Alphabet Inc.,Equity,Internet & Search,367.93,372.99,366.55,369.35,27727493,0.026885,0.27429273400484594,0.2883648525745033,0.3625871731213677,,,4.47,4.07,0.4,3.63,332.568,polygon
2026-06-12,GOOGL,Alphabet Inc.,Equity,Internet & Search,362.62,366.57,354.94,359.68,24731019,0.005339,0.250992446816658,0.2762376883351404,0.3593950661909461,,,4.48,4.09,0.39,3.63,332.568,polygon
2026-06-11,GOOGL,Alphabet Inc.,Equity,Internet & Search,355.925,358.8,346.36,357.77,35538165,0.0039,0.2920983052281329,0.39446240872828303,0.3603363501705222,,,4.45,4.05,0.4,3.63,332.568,polygon
2026-06-10,GOOGL,Alphabet Inc.,Equity,Internet & Search,363.19,368.555,355.2,356.38,32357132,-0.021633,0.2907756782599273,0.39434927692194915,0.36164412793272405,,,4.55,4.13,0.42,3.63,332.568,polygon
2026-06-09,GOOGL,Alphabet Inc.,Equity,Internet & Search,367.09,372.08,357.3,364.26,29535072,0.002615,0.29917592914395125,0.3886369784157207,0.3583986788415047,,,4.53,4.13,0.4,3.63,332.568,polygon
2026-06-08,GOOGL,Alphabet Inc.,Equity,Internet & Search,365.18,366.2,360.5309,363.31,27942464,-0.014164,0.30089831130737477,0.39132164740242625,0.358710114671398,,,4.56,4.15,0.41,3.63,332.568,polygon
2026-06-05,GOOGL,Alphabet Inc.,Equity,Internet & Search,366.34,372.08,364.1207,368.53,37471206,-0.009834,0.29900300837957977,0.39040466997324946,0.3592736985534476,,,4.55,4.17,0.38,3.63,332.568,polygon
2026-06-04,GOOGL,Alphabet Inc.,Equity,Internet & Search,358.9,373.2499,358.21,372.19,44055520,0.03677,0.31331123613685186,0.38876885124031285,0.35830543728618697,,,4.47,4.05,0.42,3.63,332.568,polygon
2026-06-03,GOOGL,Alphabet Inc.,Equity,Internet & Search,362.03,366.45,358.08,358.99,55441583,-0.007904,0.2872875937084165,0.37995431163936344,0.3516834183890238,,,4.49,4.08,0.41,3.63,332.568,polygon
2026-06-02,GOOGL,Alphabet Inc.,Equity,Internet & Search,366.59,373.54,358.44,361.85,50412300,-0.038579,0.2870042144760135,0.3823251827762339,0.35417071005555245,,,4.46,4.05,0.41,3.63,332.568,polygon
2026-06-01,GOOGL,Alphabet Inc.,Equity,Internet & Search,376.52,378.56,373.52,376.37,28672120,-0.010438,0.25511512291040084,0.36441296651725497,0.34374126373708414,,,4.47,4.05,0.42,3.63,332.568,polygon
2026-05-29,GOOGL,Alphabet Inc.,Equity,Internet & Search,385.24,385.24,378.46,380.34,44415846,-0.025094,0.4164747296619778,0.3640424563888893,0.3432597257046732,,,4.45,3.98,0.47,3.63,333.979,polygon
2026-05-28,GOOGL,Alphabet Inc.,Equity,Internet & Search,388.0,391.87,385.16,390.13,24357455,0.003343,0.40289913498172747,0.35394288959598813,0.3380296581135292,,,4.45,3.99,0.46,3.63,333.979,polygon
2026-05-27,GOOGL,Alphabet Inc.,Equity,Internet & Search,386.665,393.88,385.9,388.83,23087287,-0.000129,0.40354903478078724,0.35460624592449874,0.33921174522086633,,,4.48,4.0,0.48,3.63,333.979,polygon
2026-05-26,GOOGL,Alphabet Inc.,Equity,Internet & Search,384.51,389.2599,382.6,388.88,27747388,0.015432,0.405219611234841,0.3648380610186245,0.3418205447969797,,,4.5,4.01,0.49,3.63,333.979,polygon
2026-05-22,GOOGL,Alphabet Inc.,Equity,Internet & Search,387.345,388.74,381.7716,382.97,20442123,-0.012098,0.405470570612963,0.364366384604837,0.3416595081990976,,,4.56,4.13,0.43,3.63,333.979,polygon
2026-05-21,GOOGL,Alphabet Inc.,Equity,Internet & Search,385.7,392.5,383.02,387.66,24852843,-0.003214,0.4011090857825772,0.3615125819938401,0.34296561261945635,,,4.57,4.08,0.49,3.63,333.979,polygon
2026-05-20,GOOGL,Alphabet Inc.,Equity,Internet & Search,387.7,393.8599,382.9,388.91,31744404,0.003224,0.40257906645040475,0.36044366308352943,0.34271908950158714,,,4.57,4.04,0.53,3.63,333.979,polygon
2026-05-19,GOOGL,Alphabet Inc.,Equity,Internet & Search,396.96,397.15,386.11,387.66,39545672,-0.023379,0.41011085297568134,0.3714513396693386,0.3429120012219423,,,4.67,4.13,0.54,3.63,333.979,polygon
2026-05-18,GOOGL,Alphabet Inc.,Equity,Internet & Search,395.685,408.61,394.53,396.94,26837196,0.000403,0.4014951067851106,0.3601188431239789,0.3395992839281133,,,4.61,4.07,0.54,3.63,333.979,polygon
2026-05-15,GOOGL,Alphabet Inc.,Equity,Internet & Search,396.315,399.5399,393.18,396.78,20309702,-0.010696,0.4020200590601789,0.3593611947942133,0.34716976250736353,,,4.59,4.09,0.5,3.63,333.979,polygon
2026-05-14,GOOGL,Alphabet Inc.,Equity,Internet & Search,397.28,402.93,395.84,401.07,21136716,-0.00385,0.398460618720755,0.3570518479936973,0.3459550716337809,,,4.47,4.0,0.47,3.63,333.979,polygon
2026-05-13,GOOGL,Alphabet Inc.,Equity,Internet & Search,385.595,403.7,385.0,402.62,28144555,0.039422,0.3962171554836962,0.360937013211189,0.34550123140046646,,,4.46,3.98,0.48,3.63,333.979,polygon
2026-05-12,GOOGL,Alphabet Inc.,Equity,Internet & Search,387.34,388.52,382.77,387.35,26017488,-0.003319,0.39334962933684836,0.3699305632229986,0.33987675632426256,,,4.46,4.0,0.46,3.63,333.979,polygon
2026-05-11,GOOGL,Alphabet Inc.,Equity,Internet & Search,393.645,397.44,388.47,388.64,30753738,-0.030339,0.39098854456833204,0.3698407843446354,0.3408799110461582,,,4.42,3.95,0.47,3.63,333.979,polygon
2026-05-08,GOOGL,Alphabet Inc.,Equity,Internet & Search,397.0,402.0,396.36,400.8,21461849,0.00706,0.3662329791624272,0.36327253761178113,0.33387657957986805,,,4.38,3.9,0.48,3.63,333.979,polygon
2026-05-07,GOOGL,Alphabet Inc.,Equity,Internet & Search,399.92,400.1,392.68,397.99,24433490,-0.000126,0.3668683001522402,0.38772966294315514,0.33885832201122734,,,4.41,3.92,0.49,3.63,333.979,polygon
2026-05-06,GOOGL,Alphabet Inc.,Equity,Internet & Search,394.245,399.8499,392.76,398.04,31308476,0.024741,0.37631110010007857,0.3873359041383639,0.34165233376187476,,,4.36,3.87,0.49,3.63,333.979,polygon
2026-05-05,GOOGL,Alphabet Inc.,Equity,Internet & Search,386.23,392.8199,384.02,388.43,23878626,0.013516,0.37442954512104987,0.4106837965034478,0.3388435764439871,,,4.43,3.93,0.5,3.63,333.979,polygon
2026-05-04,GOOGL,Alphabet Inc.,Equity,Internet & Search,385.63,387.38,379.79,383.25,26298574,-0.006326,0.37446636447918746,0.41063080748832914,0.34318544988312893,,,4.45,3.95,0.5,3.63,333.979,polygon
2026-05-01,GOOGL,Alphabet Inc.,Equity,Internet & Search,381.63,386.76,379.05,385.69,30105226,0.002313,0.3739226352615964,0.4167465510734583,0.34308648609351605,,,4.39,3.88,0.51,3.63,333.979,polygon
2026-04-30,GOOGL,Alphabet Inc.,Equity,Internet & Search,374.07,385.84,365.82,384.8,72039993,0.099617,0.3789891026093638,0.41737319679522916,0.3461109556666703,,,4.4,3.88,0.52,3.64,332.407,polygon
2026-04-29,GOOGL,Alphabet Inc.,Equity,Internet & Search,347.565,355.79,344.21,349.94,35376328,0.000457,0.2759306332978984,0.32745054042468075,0.2879900252959413,,,4.42,3.92,0.5,3.64,332.407,polygon
2026-04-28,GOOGL,Alphabet Inc.,Equity,Internet & Search,348.55,352.42,346.12,349.78,27824052,-0.001598,0.2780077775667568,0.32955579238338234,0.2899436092758039,,,4.36,3.84,0.52,3.64,332.407,polygon
2026-04-27,GOOGL,Alphabet Inc.,Equity,Internet & Search,345.98,353.18,342.73,350.34,28576887,0.017247,0.3008064974060201,0.3295180620517417,0.2899214582293051,,,4.35,3.78,0.57,3.64,332.407,polygon
2026-04-24,GOOGL,Alphabet Inc.,Equity,Internet & Search,338.725,345.27,335.39,344.4,26426061,0.016259,0.33827037882727673,0.32845486171890703,0.28816405618854624,,,4.31,3.78,0.53,3.64,332.407,polygon
2026-04-23,GOOGL,Alphabet Inc.,Equity,Internet & Search,341.18,341.96,336.18,338.89,18650256,-0.001267,0.33761533263013355,0.3319297631150576,0.2864262067602957,,,4.34,3.83,0.51,3.64,332.407,polygon
2026-04-22,GOOGL,Alphabet Inc.,Equity,Internet & Search,337.02,339.82,335.17,339.32,20293014,0.021156,0.3735198026335593,0.3317275823715213,0.28650578278266825,,,4.3,3.79,0.51,3.64,332.407,polygon
2026-04-21,GOOGL,Alphabet Inc.,Equity,Internet & Search,337.685,339.34,331.35,332.29,23123795,-0.015204,0.36932325896744966,0.3275053778292467,0.28519201907309166,,,4.3,3.78,0.52,3.64,332.407,polygon
2026-04-20,GOOGL,Alphabet Inc.,Equity,Internet & Search,340.755,341.4,336.61,337.42,18784226,-0.012468,0.3729933899921997,0.3295847304957846,0.28387077059385996,,,4.26,3.72,0.54,3.64,332.407,polygon
2026-04-17,GOOGL,Alphabet Inc.,Equity,Internet & Search,337.65,342.32,336.24,341.68,25581881,0.016844,0.36865035784966055,0.3278098552599716,0.2828637305199506,,,4.26,3.71,0.55,3.64,332.407,polygon
2026-04-16,GOOGL,Alphabet Inc.,Equity,Internet & Search,338.75,339.88,334.52,336.02,20541487,-0.003263,0.3697738578276096,0.327303222525529,0.2836321651497083,,,4.32,3.78,0.54,3.64,332.407,polygon
2026-04-15,GOOGL,Alphabet Inc.,Equity,Internet & Search,332.89,337.48,330.9,337.12,24918842,0.012646,0.3717898880964877,0.3270264046540763,0.28822012050737084,,,4.29,3.76,0.53,3.64,332.407,polygon
2026-04-14,GOOGL,Alphabet Inc.,Equity,Internet & Search,324.785,333.29,323.75,332.91,27721351,0.036102,0.371366237427908,0.32800353450084685,0.28762706038175523,,,4.26,3.76,0.5,3.64,332.407,polygon
2026-04-13,GOOGL,Alphabet Inc.,Equity,Internet & Search,317.135,321.63,315.47,321.31,18866424,0.012829,0.35487384629435437,0.3175925955429742,0.27852385599000423,,,4.3,3.78,0.52,3.64,332.407,polygon
2026-04-10,GOOGL,Alphabet Inc.,Equity,Internet & Search,320.015,321.83,316.32,317.24,19152630,-0.003925,0.3590920766114079,0.3180683337440246,0.2771048395288382,,,4.31,3.81,0.5,3.64,332.407,polygon
2026-04-09,GOOGL,Alphabet Inc.,Equity,Internet & Search,315.905,319.54,311.06,318.49,23739173,0.003687,0.3588329341953999,0.3224653555175755,0.2783558948051256,,,4.29,3.78,0.51,3.64,332.407,polygon
2026-04-08,GOOGL,Alphabet Inc.,Equity,Internet & Search,320.445,322.08,315.02,317.32,33547140,0.038827,0.3587692135821423,0.32278989911623435,0.27907367107137176,,,4.29,3.79,0.5,3.64,332.407,polygon
2026-04-07,GOOGL,Alphabet Inc.,Equity,Internet & Search,302.725,305.63,297.72,305.46,23205361,0.018234,0.3454346501528223,0.3026982863813967,0.2680981380130954,,,4.33,3.81,0.52,3.64,332.407,polygon
2026-04-06,GOOGL,Alphabet Inc.,Equity,Internet & Search,295.87,300.62,295.18,299.99,16945494,0.014268,0.3410336806349481,0.29881387895628975,0.26626964555648447,,,4.34,3.84,0.5,3.64,332.407,polygon
2026-04-02,GOOGL,Alphabet Inc.,Equity,Internet & Search,290.69,298.08,289.45,295.77,21666465,-0.005447,0.3378124393802236,0.3185496782310261,0.26943955432825767,,,4.31,3.79,0.52,3.64,332.407,polygon
2026-04-01,GOOGL,Alphabet Inc.,Equity,Internet & Search,290.835,300.52,290.41,297.39,37684462,0.034184,0.3374565014853424,0.318253384713279,0.2695639529427878,,,4.33,3.81,0.52,3.64,332.407,polygon
2026-03-31,GOOGL,Alphabet Inc.,Equity,Internet & Search,278.04,288.08,277.09,287.56,43875400,0.051408,0.3140380671517876,0.30173875851272697,0.26000281736723385,,,4.3,3.79,0.51,3.64,330.293,polygon
2026-03-30,GOOGL,Alphabet Inc.,Equity,Internet & Search,276.42,277.09,272.11,273.5,35141244,-0.003062,0.2504727205427683,0.2600041241639763,0.2374239423805732,,,4.35,3.82,0.53,3.64,330.293,polygon
2026-03-27,GOOGL,Alphabet Inc.,Equity,Internet & Search,277.275,279.37,273.95,274.34,35890612,-0.023423,0.2601298698200885,0.2607731437079832,0.23741983475245904,,,4.44,3.88,0.56,3.64,330.293,polygon
2026-03-26,GOOGL,Alphabet Inc.,Equity,Internet & Search,287.91,287.95,278.5,280.92,39080578,-0.034407,0.255666787219757,0.2541234899876857,0.23324013628490337,,,4.42,3.96,0.46,3.64,330.293,polygon
2026-03-25,GOOGL,Alphabet Inc.,Equity,Internet & Search,293.44,296.0,289.24,290.93,29460669,0.001687,0.23402381969646419,0.24417436503663972,0.2227721348971893,,,4.33,3.84,0.49,3.64,330.293,polygon
2026-03-24,GOOGL,Alphabet Inc.,Equity,Internet & Search,299.2,299.92,290.33,290.44,36864278,-0.038469,0.23341723811015871,0.24744462584528587,0.2226912227004621,,,4.39,3.9,0.49,3.64,330.293,polygon
2026-03-23,GOOGL,Alphabet Inc.,Equity,Internet & Search,302.11,305.98,300.93,302.06,29326946,0.003522,0.1963231459261366,0.2242207427794031,0.20819329271467105,,,4.34,3.83,0.51,3.64,330.293,polygon
2026-03-20,GOOGL,Alphabet Inc.,Equity,Internet & Search,305.46,306.0,298.27,301.0,44364079,-0.019959,0.24258904369268,0.23348432662483157,0.21038550614870505,,,4.39,3.88,0.51,3.64,330.293,polygon
2026-03-19,GOOGL,Alphabet Inc.,Equity,Internet & Search,304.005,308.06,302.35,307.13,25075831,-0.00182,0.23170926152271684,0.22801664846406758,0.20710618404803938,,,4.25,3.79,0.46,3.64,330.293,polygon
2026-03-18,GOOGL,Alphabet Inc.,Equity,Internet & Search,309.27,312.47,306.932,307.69,20009815,-0.010389,0.23188106503827072,0.23332557493458336,0.20945985302869755,,,4.26,3.76,0.5,3.64,330.293,polygon
2026-03-17,GOOGL,Alphabet Inc.,Equity,Internet & Search,305.86,311.42,305.5,310.92,21955171,0.017542,0.23302313878693282,0.23367198196041755,0.21175693149585323,,,4.2,3.68,0.52,3.64,330.293,polygon
2026-03-16,GOOGL,Alphabet Inc.,Equity,Internet & Search,304.35,306.4886,303.0201,305.56,23519709,0.010851,0.22807899574567514,0.23314408653162094,0.21968018855383833,,,4.23,3.68,0.55,3.64,330.293,polygon
2026-03-13,GOOGL,Alphabet Inc.,Equity,Internet & Search,307.01,307.69,300.44,302.28,23693092,-0.004184,0.22505663024007858,0.22942580154619785,0.21876648009733238,,,4.28,3.73,0.55,3.64,330.293,polygon
2026-03-12,GOOGL,Alphabet Inc.,Equity,Internet & Search,306.82,308.94,301.03,303.55,24928347,-0.016683,0.2385232470844803,0.23138474608691056,0.21871663794262333,,,4.27,3.76,0.51,3.64,330.293,polygon
2026-03-11,GOOGL,Alphabet Inc.,Equity,Internet & Search,306.75,311.42,305.92,308.7,24125714,0.005406,0.23934152865204852,0.22882468852291785,0.2169760144745945,,,4.21,3.64,0.57,3.64,330.293,polygon
2026-03-10,GOOGL,Alphabet Inc.,Equity,Internet & Search,306.17,309.51,305.5704,307.04,23239684,0.00222,0.2390020142443444,0.22839860354421693,0.22231318515061252,,,4.15,3.57,0.58,3.64,330.293,polygon
2026-03-09,GOOGL,Alphabet Inc.,Equity,Internet & Search,294.36,306.8,294.08,306.36,29312149,0.026263,0.25140873999762614,0.23449125105997667,0.22328377236260485,,,4.12,3.56,0.56,3.64,330.293,polygon
2026-03-06,GOOGL,Alphabet Inc.,Equity,Internet & Search,296.09,300.53,295.18,298.52,25576916,-0.007844,0.22711453612817534,0.21914870011098142,0.21766615488352262,,,4.15,3.56,0.59,3.64,330.293,polygon
2026-03-05,GOOGL,Alphabet Inc.,Equity,Internet & Search,303.035,303.3,297.99,300.88,35752321,-0.007423,0.2325911544918414,0.22057268031977312,0.22225826082610772,,,4.13,3.57,0.56,3.64,330.293,polygon
2026-03-04,GOOGL,Alphabet Inc.,Equity,Internet & Search,302.89,305.47,300.75,303.13,29536190,-0.001482,0.23342396451796696,0.22950878043721623,0.22331625383450485,,,4.09,3.54,0.55,3.64,330.293,polygon
2026-03-03,GOOGL,Alphabet Inc.,Equity,Internet & Search,298.59,303.94,296.71,303.58,35496961,-0.009592,0.24599104037465808,0.23859586123128843,0.22360007063364568,,,4.06,3.51,0.55,3.64,330.293,polygon
2026-03-02,GOOGL,Alphabet Inc.,Equity,Internet & Search,303.225,308.49,301.3,306.52,34790203,-0.016808,0.24586057955065496,0.23831129528167003,0.22437284532116572,,,4.05,3.47,0.58,3.64,330.293,polygon
2026-02-27,GOOGL,Alphabet Inc.,Equity,Internet & Search,304.135,312.37,303.8,311.76,44640640,0.014249,0.24461878161672485,0.23532370622731158,0.2218302660921895,,,3.97,3.38,0.59,3.64,327.46,polygon
2026-02-26,GOOGL,Alphabet Inc.,Equity,Internet & Search,312.64,313.14,302.345,307.38,36431231,-0.017641,0.23794307899721706,0.230111355762849,0.22232344104023377,,,4.02,3.42,0.6,3.64,327.46,polygon
2026-02-25,GOOGL,Alphabet Inc.,Equity,Internet & Search,312.06,313.64,309.44,312.9,29963621,0.006433,0.23395198367128256,0.2297901422109319,0.21945376806092784,,,4.05,3.45,0.6,3.64,327.46,polygon
2026-02-24,GOOGL,Alphabet Inc.,Equity,Internet & Search,310.515,312.27,305.93,310.9,25615646,-0.001894,0.24118195983783774,0.23114102012006071,0.22002517850977876,,,4.04,3.43,0.61,3.64,327.46,polygon
2026-02-23,GOOGL,Alphabet Inc.,Equity,Internet & Search,319.045,319.515,309.865,311.49,31422974,-0.01108,0.24188319836415414,0.23349565119283705,0.22237359265455237,,,4.03,3.43,0.6,3.64,327.46,polygon
2026-02-20,GOOGL,Alphabet Inc.,Equity,Internet & Search,304.32,316.5,303.9,314.98,53210820,0.040053,0.2419868480036809,0.23420132714755115,0.25453776248531185,,,4.08,3.48,0.6,3.64,327.46,polygon
2026-02-19,GOOGL,Alphabet Inc.,Equity,Internet & Search,301.82,305.47,300.04,302.85,25834395,-0.001582,0.20678815493584704,0.21493743445898555,0.25172646027812834,,,4.08,3.47,0.61,3.64,327.46,polygon
2026-02-18,GOOGL,Alphabet Inc.,Equity,Internet & Search,302.09,305.38,301.25,303.33,28482075,0.004337,0.21980203428744957,0.2155789550288391,0.2529457121581372,,,4.09,3.47,0.62,3.64,327.46,polygon
2026-02-17,GOOGL,Alphabet Inc.,Equity,Internet & Search,300.04,304.435,296.25,302.02,39247556,-0.012103,0.21812972144224296,0.2155959322168293,0.25973559472407187,,,4.05,3.43,0.62,3.64,327.46,polygon
2026-02-13,GOOGL,Alphabet Inc.,Equity,Internet & Search,307.725,308.63,303.71,305.72,38499701,-0.010615,0.2170586539277516,0.21439351627395295,0.2583972017566194,,,4.04,3.4,0.64,3.64,327.46,polygon
2026-02-12,GOOGL,Alphabet Inc.,Equity,Internet & Search,312.09,316.24,307.2,309.0,47761288,-0.006303,0.2162813534701757,0.21243597980086928,0.26413454244941875,,,4.09,3.47,0.62,3.64,327.46,polygon
2026-02-11,GOOGL,Alphabet Inc.,Equity,Internet & Search,318.97,321.06,309.66,310.96,45406405,-0.023919,0.22326097626613148,0.21175275252415893,0.2643447116151133,,,4.18,3.52,0.66,3.64,327.46,polygon
2026-02-10,GOOGL,Alphabet Inc.,Equity,Internet & Search,320.97,321.67,314.61,318.58,39170012,-0.017699,0.21372477815008672,0.19922863684253794,0.2664364706720309,,,4.16,3.45,0.71,3.64,327.46,polygon
2026-02-09,GOOGL,Alphabet Inc.,Equity,Internet & Search,320.93,327.7,317.26,324.32,39640055,0.004522,0.2082780309756167,0.19164502268131695,0.2658554269508144,,,4.22,3.48,0.74,3.64,327.46,polygon
2026-02-06,GOOGL,Alphabet Inc.,Equity,Internet & Search,327.18,330.38,319.92,322.86,56380484,-0.025328,0.21110524122454147,0.191436016240285,0.2658410992467996,,,4.22,3.5,0.72,3.64,327.46,polygon
2026-02-05,GOOGL,Alphabet Inc.,Equity,Internet & Search,312.22,332.69,306.46,331.25,88205849,-0.005375,0.20468505686973001,0.1780398905593467,0.27068152342042007,,,4.21,3.47,0.74,3.64,327.46,polygon
2026-02-04,GOOGL,Alphabet Inc.,Equity,Internet & Search,342.96,343.31,328.52,333.04,70618398,-0.019634,0.20552635210435788,0.17742024566352657,0.2745823076760405,,,4.29,3.57,0.72,3.64,327.46,polygon
2026-02-03,GOOGL,Alphabet Inc.,Equity,Internet & Search,347.34,349.0,337.4745,339.71,36506709,-0.01158,0.18894663042813573,0.167676359722069,0.27058617236672766,,,4.28,3.57,0.71,3.64,327.46,polygon
2026-02-02,GOOGL,Alphabet Inc.,Equity,Internet & Search,336.22,344.83,335.63,343.69,32006052,0.016834,0.18086255553600655,0.1666694939441445,0.27225196192036766,,,4.29,3.57,0.72,3.64,327.46,polygon
2026-01-30,GOOGL,Alphabet Inc.,Equity,Internet & Search,340.0,340.0,332.285,338.0,31023954,-0.000739,0.17676152184156335,0.1952439937324597,0.2758151104002705,,,4.26,3.52,0.74,3.64,326.588,polygon
2026-01-29,GOOGL,Alphabet Inc.,Equity,Internet & Search,340.3,342.29,326.54,338.25,39785612,0.006666,0.1763486525304621,0.19652307296059135,0.2759818103701537,,,4.24,3.53,0.71,3.64,326.588,polygon
2026-01-28,GOOGL,Alphabet Inc.,Equity,Internet & Search,336.06,337.535,331.94,336.01,27434434,0.004364,0.17637318617487013,0.19712169091679557,0.27600657695853975,,,4.26,3.56,0.7,3.64,326.588,polygon
2026-01-27,GOOGL,Alphabet Inc.,Equity,Internet & Search,335.365,337.91,333.48,334.55,21636164,0.003871,0.17721297583401097,0.20052977373237157,0.2796256843494735,,,4.24,3.53,0.71,3.64,326.588,polygon
2026-01-26,GOOGL,Alphabet Inc.,Equity,Internet & Search,327.805,335.84,327.0,333.26,26042120,0.016253,0.17767112006905145,0.21501830165108105,0.28353943892240296,,,4.22,3.56,0.66,3.64,326.588,polygon
2026-01-23,GOOGL,Alphabet Inc.,Equity,Internet & Search,332.485,333.6889,327.45,327.93,27279974,-0.007896,0.17634142857536575,0.21200659171056307,0.2831151545679969,,,4.24,3.6,0.64,3.64,326.588,polygon
2026-01-22,GOOGL,Alphabet Inc.,Equity,Internet & Search,334.45,335.15,328.75,330.54,26253640,0.006578,0.1730018925812596,0.21195453148999388,0.2896083015199932,,,4.26,3.61,0.65,3.64,326.588,polygon
2026-01-21,GOOGL,Alphabet Inc.,Equity,Internet & Search,320.92,332.4799,319.3518,328.38,35386603,0.019814,0.17764161089044672,0.22386785424866648,0.2932746131482207,,,4.26,3.6,0.66,3.64,326.588,polygon
2026-01-20,GOOGL,Alphabet Inc.,Equity,Internet & Search,320.87,327.73,320.43,322.0,35361045,-0.024242,0.17713582678709697,0.21906794838029653,0.2915554055417625,,,4.3,3.6,0.7,3.64,326.588,polygon
2026-01-16,GOOGL,Alphabet Inc.,Equity,Internet & Search,334.41,334.65,327.7,330.0,40341637,-0.008354,0.19489260878402007,0.20703173720318768,0.28537762866256655,,,4.24,3.59,0.65,3.64,326.588,polygon
2026-01-15,GOOGL,Alphabet Inc.,Equity,Internet & Search,337.65,337.69,330.74,332.78,28442406,-0.009111,0.19283920719105396,0.20738500702945198,0.2901750076660323,,,4.17,3.56,0.61,3.64,326.588,polygon
2026-01-14,GOOGL,Alphabet Inc.,Equity,Internet & Search,335.06,336.52,330.48,335.84,28525571,-0.000387,0.18905011482121623,0.20480786315977578,0.28929659244046635,,,4.15,3.51,0.64,3.64,326.588,polygon
2026-01-13,GOOGL,Alphabet Inc.,Equity,Internet & Search,334.95,340.49,333.62,335.97,33517607,0.012385,0.19474869804351053,0.2118662820528685,0.28914770131196726,,,4.18,3.53,0.65,3.64,326.588,polygon
2026-01-12,GOOGL,Alphabet Inc.,Equity,Internet & Search,325.8,334.04,325.0,331.86,33923928,0.010013,0.2145712772621277,0.2094268370731425,0.28879223200628956,,,4.19,3.54,0.65,3.64,326.588,polygon
2026-01-09,GOOGL,Alphabet Inc.,Equity,Internet & Search,327.09,330.83,325.8,328.57,26214166,0.009618,0.21450372148587002,0.21055866896696301,0.2909066802387088,,,4.18,3.54,0.64,3.64,326.588,polygon
2026-01-08,GOOGL,Alphabet Inc.,Equity,Internet & Search,328.965,330.3196,321.5,325.44,31896101,0.010746,0.21503614098388737,0.2132390972586068,0.2907429801104074,,,4.19,3.49,0.7,3.64,326.588,polygon
2026-01-07,GOOGL,Alphabet Inc.,Equity,Internet & Search,314.36,326.15,314.19,321.98,35104425,0.024305,0.22963230023086234,0.27511446658926786,0.2956483137707538,,,4.15,3.47,0.68,3.64,326.588,polygon
2026-01-06,GOOGL,Alphabet Inc.,Equity,Internet & Search,316.4,320.94,311.78,314.34,31212101,-0.00695,0.2169057052672237,0.28397748620961444,0.2976669026370733,,,4.18,3.47,0.71,3.64,326.588,polygon
2026-01-05,GOOGL,Alphabet Inc.,Equity,Internet & Search,317.655,319.015,314.63,316.54,30195597,0.004411,0.21666713052369158,0.28564002416210926,0.2988326584620824,,,4.17,3.46,0.71,3.64,326.588,polygon
2026-01-02,GOOGL,Alphabet Inc.,Equity,Internet & Search,316.9,322.5,310.33,315.15,32009385,0.006869,0.2203997773460363,0.29613800503075793,0.29939412961751133,,,4.19,3.47,0.72,3.64,326.588,polygon
2025-12-31,GOOGL,Alphabet Inc.,Equity,Internet & Search,312.845,314.58,311.44,313.0,16377689,-0.002708,0.21925722801062078,0.29645821041564646,0.30300517132328486,,,4.18,3.47,0.71,3.72,326.031,polygon
2025-12-30,GOOGL,Alphabet Inc.,Equity,Internet & Search,312.5,316.95,312.46,313.85,17380888,0.000925,0.22640838466205782,0.30637499516784533,0.30462995081698374,,,4.14,3.45,0.69,3.72,326.031,polygon
2025-12-29,GOOGL,Alphabet Inc.,Equity,Internet & Search,311.365,314.02,310.62,313.56,19621777,0.000159,0.2263880251934539,0.30822658802648556,0.30476962150469317,,,4.12,3.45,0.67,3.72,326.031,polygon
2025-12-26,GOOGL,Alphabet Inc.,Equity,Internet & Search,314.48,315.085,312.275,313.51,10899017,-0.001847,0.22889955929257613,0.3224191284325199,0.30466660893565245,,,4.14,3.46,0.68,3.72,326.031,polygon
2025-12-24,GOOGL,Alphabet Inc.,Equity,Internet & Search,314.77,315.08,311.92,314.09,10097361,-0.000827,0.2360140958968089,0.3267978310682432,0.30448175602452116,,,4.15,3.47,0.68,3.72,326.031,polygon
2025-12-23,GOOGL,Alphabet Inc.,Equity,Internet & Search,309.625,314.94,309.32,314.35,25478670,0.014752,0.3188603821061007,0.3266750197628415,0.30476647131438195,,,4.18,3.48,0.7,3.72,326.031,polygon
2025-12-22,GOOGL,Alphabet Inc.,Equity,Internet & Search,309.875,310.13,305.3,309.78,26429937,0.00853,0.3357396207204105,0.3422767732847302,0.3053793751467165,,,4.17,3.44,0.73,3.72,326.031,polygon
2025-12-19,GOOGL,Alphabet Inc.,Equity,Internet & Search,301.73,307.25,300.97,307.16,59943239,0.015539,0.3389418799397055,0.3491546439779377,0.30522621677298817,,,4.16,3.48,0.68,3.72,326.031,polygon
2025-12-18,GOOGL,Alphabet Inc.,Equity,Internet & Search,301.72,303.96,299.2308,302.46,33518048,0.019345,0.3492371114867836,0.34701113353373164,0.3048076357239667,,,4.12,3.46,0.66,3.72,326.031,polygon
2025-12-17,GOOGL,Alphabet Inc.,Equity,Internet & Search,308.01,308.09,296.12,296.72,43930358,-0.03213,0.3446167324221869,0.3494132136879016,0.30613064865530076,,,4.16,3.49,0.67,3.72,326.031,polygon
2025-12-16,GOOGL,Alphabet Inc.,Equity,Internet & Search,304.945,310.77,302.59,306.57,30585020,-0.005353,0.3342370024365555,0.3414560293887461,0.29743242645655976,,,4.15,3.48,0.67,3.72,326.031,polygon
2025-12-15,GOOGL,Alphabet Inc.,Equity,Internet & Search,311.315,311.42,304.88,308.22,29151889,-0.00346,0.3352783815324448,0.3410818215960432,,,,4.18,3.51,0.67,3.72,326.031,polygon
2025-12-12,GOOGL,Alphabet Inc.,Equity,Internet & Search,313.7,314.87,305.56,309.29,35940170,-0.01005,0.35412225700916283,0.3407499168088882,,,,4.19,3.52,0.67,3.72,326.031,polygon
2025-12-11,GOOGL,Alphabet Inc.,Equity,Internet & Search,320.08,321.12,308.6,312.43,42353697,-0.024297,0.3575162086605362,0.34399166278669524,,,,4.14,3.52,0.62,3.72,326.031,polygon
2025-12-10,GOOGL,Alphabet Inc.,Equity,Internet & Search,315.83,321.31,314.68,320.21,33428923,0.009871,0.3427849195134551,0.3383622373069676,,,,4.13,3.54,0.59,3.72,326.031,polygon
2025-12-09,GOOGL,Alphabet Inc.,Equity,Internet & Search,312.37,317.99,311.895,317.08,30194027,0.01071,0.3633230930948103,0.3401260199065797,,,,4.18,3.61,0.57,3.72,326.031,polygon
2025-12-08,GOOGL,Alphabet Inc.,Equity,Internet & Search,320.05,320.44,311.2219,313.72,33909433,-0.0235,0.3747239502613934,0.3507685631126264,,,,4.17,3.57,0.6,3.72,326.031,polygon
2025-12-05,GOOGL,Alphabet Inc.,Equity,Internet & Search,319.49,323.16,319.165,321.27,28851705,0.011492,0.3605450993043374,0.3436116087780684,,,,4.14,3.56,0.58,3.72,326.031,polygon
2025-12-04,GOOGL,Alphabet Inc.,Equity,Internet & Search,322.225,322.36,314.7,317.62,31240924,-0.006289,0.3656649900975908,0.3435198525800264,,,,4.11,3.52,0.59,3.72,326.031,polygon
2025-12-03,GOOGL,Alphabet Inc.,Equity,Internet & Search,315.89,321.58,314.1,319.63,41838317,0.012096,0.37645184808907256,0.3410596908589491,,,,4.06,3.49,0.57,3.72,326.031,polygon
2025-12-02,GOOGL,Alphabet Inc.,Equity,Internet & Search,316.74,318.38,313.91,315.81,35854744,0.002922,0.3759498715211556,0.35326637021696033,,,,4.09,3.51,0.58,3.72,326.031,polygon
2025-12-01,GOOGL,Alphabet Inc.,Equity,Internet & Search,317.7,319.85,313.89,314.89,41182956,-0.016522,0.37654376997542616,0.353445794944686,,,,4.09,3.54,0.55,3.72,326.031,polygon
2025-11-28,GOOGL,Alphabet Inc.,Equity,Internet & Search,323.365,326.85,316.79,320.18,26018568,0.000719,0.37343035983382644,0.34610398147477434,,,,4.02,3.47,0.55,3.88,325.063,polygon
2025-11-26,GOOGL,Alphabet Inc.,Equity,Internet & Search,320.68,324.5,316.79,319.95,51373361,-0.01079,0.3781582730793848,0.34593306139431795,,,,4.0,3.45,0.55,3.88,325.063,polygon
2025-11-25,GOOGL,Alphabet Inc.,Equity,Internet & Search,326.21,328.83,317.65,323.44,88632074,0.015255,0.37574831111127954,0.3435584212903044,,,,4.01,3.43,0.58,3.88,325.063,polygon
2025-11-24,GOOGL,Alphabet Inc.,Equity,Internet & Search,311.13,319.48,309.595,318.58,85165123,0.063138,0.3864549439844913,0.34326200946136676,,,,4.04,3.46,0.58,3.88,325.063,polygon
2025-11-21,GOOGL,Alphabet Inc.,Equity,Internet & Search,296.415,303.92,293.845,299.66,74137697,0.035274,0.3446729760714233,0.3134004698448818,,,,4.06,3.51,0.55,3.88,325.063,polygon
2025-11-20,GOOGL,Alphabet Inc.,Equity,Internet & Search,304.54,306.42,288.67,289.45,62025218,-0.011475,0.33081882952929087,0.31339795106567025,,,,4.1,3.55,0.55,3.88,325.063,polygon
2025-11-19,GOOGL,Alphabet Inc.,Equity,Internet & Search,287.16,303.81,286.63,292.81,68198944,0.030006,0.3242610772258595,0.3139863540957399,,,,4.13,3.58,0.55,3.88,325.063,polygon
2025-11-18,GOOGL,Alphabet Inc.,Equity,Internet & Search,287.915,288.8,278.2,284.28,49158743,-0.002596,0.3312518651671264,0.30725415497741687,,,,4.12,3.58,0.54,3.88,325.063,polygon
2025-11-17,GOOGL,Alphabet Inc.,Equity,Internet & Search,285.775,293.95,283.57,285.02,52670192,0.031149,0.33114780464689225,0.3141938546169583,,,,4.13,3.6,0.53,3.88,325.063,polygon
2025-11-14,GOOGL,Alphabet Inc.,Equity,Internet & Search,271.405,278.56,270.7,276.41,31647227,-0.007754,0.3185213755614728,0.3080978345584436,,,,4.14,3.62,0.52,3.88,325.063,polygon
2025-11-13,GOOGL,Alphabet Inc.,Equity,Internet & Search,282.34,282.84,277.24,278.57,29494040,-0.028391,0.315590332888522,0.3065300297553832,,,,4.11,3.58,0.53,3.88,325.063,polygon
2025-11-12,GOOGL,Alphabet Inc.,Equity,Internet & Search,291.675,292.005,283.69,286.71,24829923,-0.015791,0.2958516836401529,0.2901987276977752,,,,4.08,3.56,0.52,3.88,325.063,polygon
2025-11-11,GOOGL,Alphabet Inc.,Equity,Internet & Search,287.745,291.915,287.32,291.31,19842136,0.004171,0.28366034124990075,0.2832005994282551,,,,4.13,3.58,0.55,3.88,325.063,polygon
2025-11-10,GOOGL,Alphabet Inc.,Equity,Internet & Search,284.42,290.8,282.855,290.1,29557309,0.040419,0.2941538668983129,0.2846232478859797,,,,4.13,3.58,0.55,3.88,325.063,polygon
2025-11-07,GOOGL,Alphabet Inc.,Equity,Internet & Search,283.205,283.78,275.19,278.83,34479588,-0.02079,0.29113602195382127,0.26931301464886065,,,,4.11,3.55,0.56,3.88,325.063,polygon
2025-11-06,GOOGL,Alphabet Inc.,Equity,Internet & Search,285.33,288.35,281.14,284.75,37173648,0.001548,0.2824246889753628,0.2586344764463638,,,,4.11,3.57,0.54,3.88,325.063,polygon
2025-11-05,GOOGL,Alphabet Inc.,Equity,Internet & Search,278.87,286.415,277.34,284.31,31010302,0.024393,0.2848022937987674,0.2602232187326902,,,,4.17,3.63,0.54,3.88,325.063,polygon
2025-11-04,GOOGL,Alphabet Inc.,Equity,Internet & Search,276.75,281.27,276.26,277.54,30078369,-0.021782,0.29096159165096414,0.2615993135425081,,,,4.1,3.58,0.52,3.88,325.063,polygon
2025-11-03,GOOGL,Alphabet Inc.,Equity,Internet & Search,282.175,285.53,279.8,283.72,29785996,0.008997,0.278407646857176,0.25133673196461853,,,,4.13,3.6,0.53,3.88,325.063,polygon
2025-10-31,GOOGL,Alphabet Inc.,Equity,Internet & Search,283.21,286.0,277.03,281.19,39267945,-0.00103,0.2797555143572084,,,,,4.11,3.6,0.51,4.09,324.245,polygon
2025-10-30,GOOGL,Alphabet Inc.,Equity,Internet & Search,291.59,291.59,280.06,281.48,74875990,0.025167,0.2787132604708728,,,,,4.11,3.61,0.5,4.09,324.245,polygon
2025-10-29,GOOGL,Alphabet Inc.,Equity,Internet & Search,267.75,275.336,267.67,274.57,43580277,0.026545,0.2707753008678266,,,,,4.08,3.59,0.49,4.09,324.245,polygon
2025-10-28,GOOGL,Alphabet Inc.,Equity,Internet & Search,269.69,270.73,266.5,267.47,29738564,-0.006685,0.2621371091964297,,,,,3.99,3.47,0.52,4.09,324.245,polygon
2025-10-27,GOOGL,Alphabet Inc.,Equity,Internet & Search,264.815,270.14,264.28,269.27,35235231,0.035973,0.2642328384398964,,,,,4.01,3.48,0.53,4.09,324.245,polygon
2025-10-24,GOOGL,Alphabet Inc.,Equity,Internet & Search,256.58,261.68,255.315,259.92,28655126,0.027027,0.23872760757514416,,,,,4.02,3.48,0.54,4.09,324.245,polygon
2025-10-23,GOOGL,Alphabet Inc.,Equity,Internet & Search,252.98,255.04,251.85,253.08,19901425,0.005523,0.22348160585869092,,,,,4.01,3.48,0.53,4.09,324.245,polygon
2025-10-22,GOOGL,Alphabet Inc.,Equity,Internet & Search,254.37,256.36,249.29,251.69,35029370,0.004911,0.23246317215454945,,,,,3.97,3.45,0.52,4.09,324.245,polygon
2025-10-21,GOOGL,Alphabet Inc.,Equity,Internet & Search,254.74,254.88,244.15,250.46,47312098,-0.023738,0.2320477473905584,,,,,3.98,3.45,0.53,4.09,324.245,polygon
2025-10-20,GOOGL,Alphabet Inc.,Equity,Internet & Search,254.69,257.33,254.23,256.55,22350155,0.012831,,,,,,4.0,3.46,0.54,4.09,324.245,polygon
2025-10-17,GOOGL,Alphabet Inc.,Equity,Internet & Search,250.76,254.22,247.81,253.3,29671629,0.007317,,,,,,4.02,3.46,0.56,4.09,324.245,polygon
2025-10-16,GOOGL,Alphabet Inc.,Equity,Internet & Search,251.765,256.96,250.101,251.46,27997159,0.001713,,,,,,3.99,3.41,0.58,4.09,324.245,polygon
2025-10-15,GOOGL,Alphabet Inc.,Equity,Internet & Search,247.245,252.11,245.99,251.03,27007690,0.022734,,,,,,4.05,3.5,0.55,4.09,324.245,polygon
2025-10-14,GOOGL,Alphabet Inc.,Equity,Internet & Search,241.23,247.12,240.51,245.45,22111572,0.005325,,,,,,4.03,3.48,0.55,4.09,324.245,polygon
2025-10-13,GOOGL,Alphabet Inc.,Equity,Internet & Search,240.21,244.5,239.71,244.15,24995028,0.032041,,,,,,4.05,3.52,0.53,4.09,324.245,polygon
2025-10-10,GOOGL,Alphabet Inc.,Equity,Internet & Search,241.43,244.09,235.84,236.57,33180323,-0.020536,,,,,,4.05,3.52,0.53,4.09,324.245,polygon
2025-10-09,GOOGL,Alphabet Inc.,Equity,Internet & Search,244.47,244.76,239.15,241.53,27892086,-0.012632,,,,,,4.14,3.6,0.54,4.09,324.245,polygon
2025-10-08,GOOGL,Alphabet Inc.,Equity,Internet & Search,244.96,246.005,243.82,244.62,21307104,-0.004639,,,,,,4.13,3.58,0.55,4.09,324.245,polygon
2025-10-07,GOOGL,Alphabet Inc.,Equity,Internet & Search,248.27,250.44,245.52,245.76,23181285,-0.018648,,,,,,4.14,3.57,0.57,4.09,324.245,polygon
2025-10-06,GOOGL,Alphabet Inc.,Equity,Internet & Search,244.78,251.32,244.58,250.43,28894653,0.020705,,,,,,4.18,3.6,0.58,4.09,324.245,polygon
2025-10-03,GOOGL,Alphabet Inc.,Equity,Internet & Search,244.49,246.3,241.655,245.35,30249559,-0.001384,,,,,,4.13,3.58,0.55,4.09,324.245,polygon
2025-10-02,GOOGL,Alphabet Inc.,Equity,Internet & Search,245.15,246.81,242.3,245.69,25483298,0.003226,,,,,,4.1,3.55,0.55,4.09,324.245,polygon
2025-10-01,GOOGL,Alphabet Inc.,Equity,Internet & Search,240.75,246.3,238.61,244.9,31658234,0.007404,,,,,,4.12,3.55,0.57,4.09,324.245,polygon
2025-09-30,GOOGL,Alphabet Inc.,Equity,Internet & Search,242.81,243.29,239.245,243.1,34724346,-0.003893,,,,,,4.16,3.6,0.56,4.22,324.245,polygon
2025-09-29,GOOGL,Alphabet Inc.,Equity,Internet & Search,247.85,251.1486,242.77,244.05,32505777,-0.0101,,,,,,4.15,3.63,0.52,4.22,324.245,polygon
2025-09-26,GOOGL,Alphabet Inc.,Equity,Internet & Search,247.065,249.42,245.97,246.54,18503194,0.003051,,,,,,4.2,3.63,0.57,4.22,324.245,polygon
2025-09-25,GOOGL,Alphabet Inc.,Equity,Internet & Search,244.4,246.49,240.74,245.79,31020383,-0.005462,,,,,,4.18,3.64,0.54,4.22,324.245,polygon
2025-09-24,GOOGL,Alphabet Inc.,Equity,Internet & Search,251.66,252.3501,246.44,247.14,28201003,-0.017961,,,,,,4.16,3.57,0.59,4.22,324.245,polygon
2025-09-23,GOOGL,Alphabet Inc.,Equity,Internet & Search,253.04,254.36,250.48,251.66,26628016,-0.003445,,,,,,4.12,3.53,0.59,4.22,324.245,polygon
2025-09-22,GOOGL,Alphabet Inc.,Equity,Internet & Search,254.43,255.78,250.3,252.53,32290538,,,,,,,4.15,3.61,0.54,4.22,324.245,polygon
2026-09-18,JPM,JPMorgan Chase & Co.,Equity,Financial Services,347.89,349.67,345.01,349.67,18312433,0.001031,0.14582605966715767,0.13949838024532651,0.1790409159326637,,,,,0.25,,,polygon
2026-09-17,JPM,JPMorgan Chase & Co.,Equity,Financial Services,352.245,353.49,345.27,349.31,6485120,0.001118,0.1552203281903828,0.1411098341728969,0.17913578643254982,,,4.94,4.67,0.27,,,polygon
2026-09-16,JPM,JPMorgan Chase & Co.,Equity,Financial Services,353.38,355.6,344.685,348.92,8307796,-0.010128,0.15751128756984156,0.1419759378583527,0.17975072302275105,,,5.01,4.74,0.27,,,polygon
2026-09-15,JPM,JPMorgan Chase & Co.,Equity,Financial Services,351.0,354.7,343.0717,352.49,14030793,0.00674,0.15502318361046097,0.14515419606986746,0.1820601801212192,,,5.0,4.67,0.33,,,polygon
2026-09-14,JPM,JPMorgan Chase & Co.,Equity,Financial Services,354.23,355.28,347.545,350.13,9612162,-0.017124,0.15224328372463095,0.14395059820654083,0.1895238433354494,,,4.97,4.65,0.32,,,polygon
2026-09-11,JPM,JPMorgan Chase & Co.,Equity,Financial Services,358.32,360.05,354.79,356.23,5355273,0.007552,0.14230912030604942,0.1346515768281016,0.18612619173916728,,,4.96,4.63,0.33,,,polygon
2026-09-10,JPM,JPMorgan Chase & Co.,Equity,Financial Services,353.51,354.22,351.12,353.56,4186391,-0.003242,0.14321568024416584,0.14222796253323955,0.19902587616668835,,,4.95,4.56,0.39,,,polygon
2026-09-09,JPM,JPMorgan Chase & Co.,Equity,Financial Services,352.0,356.33,348.69,354.71,6319796,0.003395,0.14520086317152034,0.1775030306438989,0.19912694157869681,,,4.83,4.43,0.4,,,polygon
2026-09-08,JPM,JPMorgan Chase & Co.,Equity,Financial Services,357.1,358.55,353.23,353.51,5633145,-0.014304,0.14658897125142772,0.17745551923105088,0.2037591534483241,,,4.8,4.39,0.41,,,polygon
2026-09-04,JPM,JPMorgan Chase & Co.,Equity,Financial Services,361.0,362.86,355.2,358.64,4875394,-0.009446,0.1380969946863275,0.17393514950384228,0.20229279551476573,,,4.78,4.37,0.41,,,polygon
2026-09-03,JPM,JPMorgan Chase & Co.,Equity,Financial Services,358.675,362.85,356.39,362.06,5416619,0.016394,0.13702450423274784,0.17311963135655378,0.20282692917263764,,,4.77,4.34,0.43,,,polygon
2026-09-02,JPM,JPMorgan Chase & Co.,Equity,Financial Services,357.55,361.47,353.79,356.22,5343789,0.003578,0.125549984133198,0.16752461685237402,0.2008591334130584,,,4.79,4.39,0.4,,,polygon
2026-09-01,JPM,JPMorgan Chase & Co.,Equity,Financial Services,355.73,359.93,354.12,354.95,5079819,-0.003005,0.13403142741686108,0.16888481615944273,0.20125189495667764,,,4.79,4.39,0.4,,,polygon
2026-08-31,JPM,JPMorgan Chase & Co.,Equity,Financial Services,355.9,357.77,354.7701,356.02,7964106,-0.004474,0.133654449653149,0.17596898351564103,0.20103360930363326,,,4.75,4.34,0.41,,,polygon
2026-08-28,JPM,JPMorgan Chase & Co.,Equity,Financial Services,355.67,358.73,354.22,357.62,3916485,0.009599,0.13254026230055715,0.17669836488342358,0.21002919439864481,,,4.73,4.34,0.39,,,polygon
2026-08-27,JPM,JPMorgan Chase & Co.,Equity,Financial Services,354.68,357.57,352.225,354.22,5214828,-0.006396,0.1418429476824538,0.17634408780155497,0.20966677285371532,,,4.67,4.2,0.47,,,polygon
2026-08-26,JPM,JPMorgan Chase & Co.,Equity,Financial Services,356.5,358.35,354.6001,356.5,5802515,-0.000533,0.19047644598455532,0.17846041866286422,0.21019457570205968,,,4.66,4.19,0.47,,,polygon
2026-08-25,JPM,JPMorgan Chase & Co.,Equity,Financial Services,357.0,357.37,353.0737,356.69,4298730,0.000842,0.1907921191068918,0.18108178417349188,0.21156545424651804,,,4.64,4.17,0.47,,,polygon
2026-08-24,JPM,JPMorgan Chase & Co.,Equity,Financial Services,353.3,358.28,352.815,356.39,4397594,0.013681,0.19297921359843537,0.1933108158063199,0.2118431461987473,,,4.7,4.24,0.46,,,polygon
2026-08-21,JPM,JPMorgan Chase & Co.,Equity,Financial Services,354.07,356.86,350.3666,351.58,8112130,8.5e-05,0.1899102062374457,0.19145958357088108,0.21200076219112185,,,4.74,4.24,0.5,,,polygon
2026-08-20,JPM,JPMorgan Chase & Co.,Equity,Financial Services,357.6,357.95,351.55,351.55,6799673,-0.015983,0.1905787152925654,0.19146200240148162,0.2192179360968293,,,4.69,4.19,0.5,,,polygon
2026-08-19,JPM,JPMorgan Chase & Co.,Equity,Financial Services,363.01,363.05,355.645,357.26,6696210,-0.01649,0.18256750653881634,0.18745738151191293,0.21586288246904647,,,4.65,4.19,0.46,,,polygon
2026-08-18,JPM,JPMorgan Chase & Co.,Equity,Financial Services,362.34,363.57,359.27,363.25,5525081,0.006344,0.17891805467044877,0.19710548821047533,0.2127920880895227,,,4.71,4.19,0.52,,,polygon
2026-08-17,JPM,JPMorgan Chase & Co.,Equity,Financial Services,361.94,365.75,360.96,360.96,5282595,-0.005181,0.1817259019499974,0.19684433907253104,0.21268243428418726,,,4.72,4.19,0.53,,,polygon
2026-08-14,JPM,JPMorgan Chase & Co.,Equity,Financial Services,363.0,365.9,361.45,362.84,5058591,-0.000744,0.18218238206994697,0.19669433444652454,0.21515170829603456,,,4.68,4.17,0.51,,,polygon
2026-08-13,JPM,JPMorgan Chase & Co.,Equity,Financial Services,366.5,366.5,361.52,363.11,5102686,-0.005668,0.18787708266372463,0.19647820066127586,0.2189846862327379,,,4.63,4.15,0.48,,,polygon
2026-08-12,JPM,JPMorgan Chase & Co.,Equity,Financial Services,362.97,366.09,361.3,365.18,4366754,0.008673,0.18834091626574234,0.20118941559376746,0.21861272987586222,,,4.68,4.2,0.48,,,polygon
2026-08-11,JPM,JPMorgan Chase & Co.,Equity,Financial Services,360.05,363.12,358.6,362.04,4576473,0.006254,0.2020939578398346,0.2026125866049813,0.21936541041729615,,,4.7,4.22,0.48,,,polygon
2026-08-10,JPM,JPMorgan Chase & Co.,Equity,Financial Services,357.96,359.99,356.5,359.79,5327471,0.006349,0.20451530553792038,0.20248544916613231,0.219440835649945,,,4.72,4.25,0.47,,,polygon
2026-08-07,JPM,JPMorgan Chase & Co.,Equity,Financial Services,355.76,358.8543,353.33,357.52,4566210,0.003424,0.20419661426607255,0.2113136049566215,0.2225022034045782,,,4.65,4.19,0.46,,,polygon
2026-08-06,JPM,JPMorgan Chase & Co.,Equity,Financial Services,362.81,362.81,354.945,356.3,5820107,-0.008184,0.20807531453027978,0.21144485887592784,0.22420857895425894,,,4.69,4.25,0.44,,,polygon
2026-08-05,JPM,JPMorgan Chase & Co.,Equity,Financial Services,358.97,362.17,358.2,359.24,5269490,0.004811,0.22833669171034057,0.20955223320027674,0.22396063715132725,,,4.63,4.18,0.45,,,polygon
2026-08-04,JPM,JPMorgan Chase & Co.,Equity,Financial Services,355.0,363.0,353.873,357.52,8477203,0.013838,0.22829826710018333,0.21007177012634415,0.22648353530270188,,,4.63,4.2,0.43,,,polygon
2026-08-03,JPM,JPMorgan Chase & Co.,Equity,Financial Services,353.75,355.62,350.84,352.64,6436597,0.002416,0.22624518834229518,0.21308706033317168,0.23361983096402456,,,4.7,4.25,0.45,,,polygon
2026-07-31,JPM,JPMorgan Chase & Co.,Equity,Financial Services,353.3,354.47,349.7,351.79,6603422,0.002679,0.2262916070526154,0.22773698015620228,0.23583447714166014,,,4.75,4.28,0.47,3.63,332.813,polygon
2026-07-30,JPM,JPMorgan Chase & Co.,Equity,Financial Services,347.54,352.28,345.37,350.85,7607701,0.017812,0.23466073966316173,0.22822495967717615,0.23594347710123906,,,4.68,4.23,0.45,3.63,332.813,polygon
2026-07-29,JPM,JPMorgan Chase & Co.,Equity,Financial Services,356.5,357.37,343.78,344.71,8272605,-0.035263,0.2308310929189748,0.24491702889835854,0.23645886617138726,,,4.67,4.22,0.45,3.63,332.813,polygon
2026-07-28,JPM,JPMorgan Chase & Co.,Equity,Financial Services,357.3,359.3,354.15,357.31,6538299,0.003116,0.18499713415987612,0.2173393887565527,0.2233505895736101,,,4.61,4.26,0.35,3.63,332.813,polygon
2026-07-27,JPM,JPMorgan Chase & Co.,Equity,Financial Services,357.89,359.05,352.58,356.2,7888760,0.008465,0.20038032958089852,0.2243330767102224,0.22439815820351153,,,4.65,4.31,0.34,3.63,332.813,polygon
2026-07-24,JPM,JPMorgan Chase & Co.,Equity,Financial Services,350.64,353.37,347.5,353.21,7520829,0.00946,0.19953873807124115,0.22579954298695773,0.224857291733907,,,4.69,4.33,0.36,3.63,332.813,polygon
2026-07-23,JPM,JPMorgan Chase & Co.,Equity,Financial Services,346.58,349.92,345.42,349.9,10913025,0.004853,0.1986623098164763,0.2298676196759522,0.22440030531808203,,,4.71,4.37,0.34,3.63,332.813,polygon
2026-07-22,JPM,JPMorgan Chase & Co.,Equity,Financial Services,345.07,349.07,344.2501,348.21,8040220,0.008632,0.19948944104960373,0.22987941580114118,0.22506307213926718,,,4.67,4.31,0.36,3.63,332.813,polygon
2026-07-21,JPM,JPMorgan Chase & Co.,Equity,Financial Services,340.115,345.735,337.3,345.23,6015334,0.018768,0.20678699015288027,0.23048439882507754,0.22620168763742407,,,4.63,4.26,0.37,3.63,332.813,polygon
2026-07-20,JPM,JPMorgan Chase & Co.,Equity,Financial Services,341.8,344.26,337.37,338.87,7723269,-0.006538,0.21971888208471627,0.22596756057184544,0.22374813749738093,,,4.6,4.21,0.39,3.63,332.813,polygon
2026-07-17,JPM,JPMorgan Chase & Co.,Equity,Financial Services,339.03,346.125,335.05,341.1,9250854,-0.005974,0.21903643656878014,0.2400752282029559,0.22316259984963924,,,4.55,4.18,0.37,3.63,332.813,polygon
2026-07-16,JPM,JPMorgan Chase & Co.,Equity,Financial Services,349.28,349.34,341.11,343.15,12432392,-0.010839,0.24775525988364033,0.23855156054513355,0.2245262883761654,,,4.57,4.16,0.41,3.63,332.813,polygon
2026-07-15,JPM,JPMorgan Chase & Co.,Equity,Financial Services,345.845,351.24,344.05,346.91,10749985,0.011724,0.24390592455884672,0.23581959290656962,0.22675043128636904,,,4.55,4.13,0.42,3.63,332.813,polygon
2026-07-14,JPM,JPMorgan Chase & Co.,Equity,Financial Services,327.0,344.73,325.75,342.89,14537914,0.02499,0.25140507305396714,0.23858921637996744,0.22583269250285032,,,4.58,4.18,0.4,3.63,332.813,polygon
2026-07-13,JPM,JPMorgan Chase & Co.,Equity,Financial Services,338.34,338.35,332.5001,334.53,7120251,-0.005766,0.24304584272522606,0.23123456252073557,0.22199922212354445,,,4.62,4.26,0.36,3.63,332.813,polygon
2026-07-10,JPM,JPMorgan Chase & Co.,Equity,Financial Services,337.47,338.5859,335.77,336.47,6299028,0.002981,0.24661595977474973,0.23239112265092707,0.22468054755968356,,,4.56,4.21,0.35,3.63,332.813,polygon
2026-07-09,JPM,JPMorgan Chase & Co.,Equity,Financial Services,331.46,337.0,330.8053,335.47,15570588,0.014669,0.24666990305309677,0.24667430038242397,0.2254906382079158,,,4.54,4.16,0.38,3.63,332.813,polygon
2026-07-08,JPM,JPMorgan Chase & Co.,Equity,Financial Services,336.53,336.53,330.13,330.62,18505243,-0.025352,0.2446529628315602,0.24425359698788585,0.22494460841037603,,,4.56,4.21,0.35,3.63,332.813,polygon
2026-07-07,JPM,JPMorgan Chase & Co.,Equity,Financial Services,340.975,341.4,337.09,339.22,7115819,0.004442,0.22181460269544823,0.23018538773188787,0.21800919622168904,,,4.55,4.19,0.36,3.63,332.813,polygon
2026-07-06,JPM,JPMorgan Chase & Co.,Equity,Financial Services,335.0,339.715,334.11,337.72,8673530,0.009717,0.24305763771444763,0.2301791606446988,0.2182927391616783,,,4.48,4.13,0.35,3.63,332.813,polygon
2026-07-02,JPM,JPMorgan Chase & Co.,Equity,Financial Services,338.02,340.0,331.77,334.47,8415407,0.001197,0.24337678993328743,0.23502165587264603,0.22822132500155834,,,4.49,4.14,0.35,3.63,332.813,polygon
2026-07-01,JPM,JPMorgan Chase & Co.,Equity,Financial Services,328.365,335.64,325.01,334.07,15210192,0.020591,0.24516911011764064,0.24267216898173116,0.2284110902139741,,,4.48,4.17,0.31,3.63,332.813,polygon
2026-06-30,JPM,JPMorgan Chase & Co.,Equity,Financial Services,328.89,330.4372,326.68,327.33,8080064,-0.006254,0.24418836637187732,0.2381631049262268,0.22520449113724397,,,4.44,4.14,0.3,3.63,332.568,polygon
2026-06-29,JPM,JPMorgan Chase & Co.,Equity,Financial Services,328.28,332.39,327.2,329.39,7981795,0.001033,0.24153518336924126,0.23843190961965563,0.2247742026177943,,,4.38,4.1,0.28,3.63,332.568,polygon
2026-06-26,JPM,JPMorgan Chase & Co.,Equity,Financial Services,336.0,336.4,327.5,329.05,17640907,-0.018113,0.24575362709005485,0.23867957779728802,0.22481808549422955,,,4.38,4.07,0.31,3.63,332.568,polygon
2026-06-25,JPM,JPMorgan Chase & Co.,Equity,Financial Services,334.96,343.4485,334.76,335.12,10049358,0.005008,0.25400877264976174,0.23651420414464994,0.23143944779020928,,,4.4,4.09,0.31,3.63,332.568,polygon
2026-06-24,JPM,JPMorgan Chase & Co.,Equity,Financial Services,333.07,334.53,329.77,333.45,7907442,-0.002065,0.2542054037010206,0.2394541822250804,0.23139577112135704,,,4.41,4.11,0.3,3.63,332.568,polygon
2026-06-23,JPM,JPMorgan Chase & Co.,Equity,Financial Services,329.47,335.37,327.21,334.14,7582217,0.008025,0.2543149777887685,0.24086846572344917,0.2411764160307705,,,4.5,4.16,0.34,3.63,332.568,polygon
2026-06-22,JPM,JPMorgan Chase & Co.,Equity,Financial Services,329.7,332.77,326.75,331.48,10182506,0.019249,0.2540552717917464,0.2454108195851241,0.2428289906934463,,,4.51,4.24,0.27,3.63,332.568,polygon
2026-06-18,JPM,JPMorgan Chase & Co.,Equity,Financial Services,336.95,338.09,324.16,325.22,20111030,-0.024711,0.25555506810061746,0.255516907747279,0.24083801954583287,,,4.46,4.19,0.27,3.63,332.568,polygon
2026-06-17,JPM,JPMorgan Chase & Co.,Equity,Financial Services,332.18,337.77,331.5,333.46,12246449,0.007006,0.24501841879673023,0.24743352264280627,0.234632983955299,,,4.49,4.2,0.29,3.63,332.568,polygon
2026-06-16,JPM,JPMorgan Chase & Co.,Equity,Financial Services,324.3,331.75,324.02,331.14,11094894,0.036756,0.24550090816094364,0.24725628852769854,0.23521779208834703,,,4.43,4.05,0.38,3.63,332.568,polygon
2026-06-15,JPM,JPMorgan Chase & Co.,Equity,Financial Services,323.92,325.92,318.84,319.4,7988879,-0.004116,0.22101824785444393,0.23095860050074649,0.22492093755150924,,,4.47,4.07,0.4,3.63,332.568,polygon
2026-06-12,JPM,JPMorgan Chase & Co.,Equity,Financial Services,315.97,321.3,315.55,320.72,7426164,0.023063,0.2200444456552071,0.23070106297491388,0.22460002466599058,,,4.48,4.09,0.39,3.63,332.568,polygon
2026-06-11,JPM,JPMorgan Chase & Co.,Equity,Financial Services,309.56,314.72,308.88,313.49,9116617,0.014071,0.21671211362213444,0.22413025537995948,0.22031918890468527,,,4.45,4.05,0.4,3.63,332.568,polygon
2026-06-10,JPM,JPMorgan Chase & Co.,Equity,Financial Services,312.56,314.75,309.03,309.14,7446218,-0.011385,0.21842500815269683,0.22138661663362924,0.21879044746435067,,,4.55,4.13,0.42,3.63,332.568,polygon
2026-06-09,JPM,JPMorgan Chase & Co.,Equity,Financial Services,313.51,316.415,309.01,312.7,11594550,0.005111,0.21563288257315164,0.21883406080283382,0.21779931939033242,,,4.53,4.13,0.4,3.63,332.568,polygon
2026-06-08,JPM,JPMorgan Chase & Co.,Equity,Financial Services,313.25,316.295,310.78,311.11,6827027,-0.004034,0.22159461161039518,0.2205829396555721,0.21768116481152716,,,4.56,4.15,0.41,3.63,332.568,polygon
2026-06-05,JPM,JPMorgan Chase & Co.,Equity,Financial Services,314.29,315.0,309.6,312.37,9118778,0.004761,0.24235556481605341,0.22268645771846932,0.2204438111447388,,,4.55,4.17,0.38,3.63,332.568,polygon
2026-06-04,JPM,JPMorgan Chase & Co.,Equity,Financial Services,305.74,312.91,304.44,310.89,10345161,0.033372,0.24977821223350077,0.22257286526704628,0.22062270765703876,,,4.47,4.05,0.42,3.63,332.568,polygon
2026-06-03,JPM,JPMorgan Chase & Co.,Equity,Financial Services,299.92,301.96,296.56,300.85,7003935,-0.000365,0.2212022820019883,0.19933367943411476,0.21079759384708519,,,4.49,4.08,0.41,3.63,332.568,polygon
2026-06-02,JPM,JPMorgan Chase & Co.,Equity,Financial Services,296.5,302.07,295.27,300.96,8296234,0.014768,0.22677825869499355,0.20199274145183782,0.21079546109421016,,,4.46,4.05,0.41,3.63,332.568,polygon
2026-06-01,JPM,JPMorgan Chase & Co.,Equity,Financial Services,297.69,299.55,295.27,296.58,7929978,-0.009121,0.2187458748289556,0.20757560655556295,0.21083046957883467,,,4.47,4.05,0.42,3.63,332.568,polygon
2026-05-29,JPM,JPMorgan Chase & Co.,Equity,Financial Services,296.4,299.88,295.195,299.31,13973665,0.008695,0.22361121262642122,0.20641367960152157,0.21390615269356378,,,4.45,3.98,0.47,3.63,333.979,polygon
2026-05-28,JPM,JPMorgan Chase & Co.,Equity,Financial Services,297.57,301.07,295.75,296.73,9766204,-0.00852,0.22118936540322648,0.20861366414098956,0.2132175919856076,,,4.45,3.99,0.46,3.63,333.979,polygon
2026-05-27,JPM,JPMorgan Chase & Co.,Equity,Financial Services,305.0,305.9,295.75,299.28,11785439,-0.02432,0.22007211567554097,0.21254765353376415,0.21331921770816073,,,4.48,4.0,0.48,3.63,333.979,polygon
2026-05-26,JPM,JPMorgan Chase & Co.,Equity,Financial Services,308.49,309.93,305.44,306.74,7731840,0.001175,0.2079222963967433,0.20194930672127268,0.20795459381005785,,,4.5,4.01,0.49,3.63,333.979,polygon
2026-05-22,JPM,JPMorgan Chase & Co.,Equity,Financial Services,304.68,307.45,303.84,306.38,5978568,0.011155,0.21113261151568483,0.2053705990608866,0.21177896629987863,,,4.56,4.13,0.43,3.63,333.979,polygon
2026-05-21,JPM,JPMorgan Chase & Co.,Equity,Financial Services,301.23,303.975,300.21,303.0,7874388,0.003378,0.20687411430978347,0.20248084465922778,0.21140743237885948,,,4.57,4.08,0.49,3.63,333.979,polygon
2026-05-20,JPM,JPMorgan Chase & Co.,Equity,Financial Services,296.7,302.925,293.67,301.98,9327002,0.021238,0.20619884458304344,0.20361689550404202,0.21524966111728872,,,4.57,4.04,0.53,3.63,333.979,polygon
2026-05-19,JPM,JPMorgan Chase & Co.,Equity,Financial Services,301.09,301.79,295.26,295.7,8066927,-0.016726,0.1919519118030974,0.21982533298514187,0.21087176507453695,,,4.67,4.13,0.54,3.63,333.979,polygon
2026-05-18,JPM,JPMorgan Chase & Co.,Equity,Financial Services,298.0,301.26,297.22,300.73,7546296,0.009805,0.20328211627383708,0.2148151988138537,0.2261055888262337,,,4.61,4.07,0.54,3.63,333.979,polygon
2026-05-15,JPM,JPMorgan Chase & Co.,Equity,Financial Services,300.205,300.79,296.45,297.81,8699281,-0.007002,0.19942158843941266,0.21318370331154426,0.22593751899301376,,,4.59,4.09,0.5,3.63,333.979,polygon
2026-05-14,JPM,JPMorgan Chase & Co.,Equity,Financial Services,302.25,303.7504,298.81,299.91,7364315,-0.001132,0.20497577392105654,0.21224023402998055,0.22556968824037182,,,4.47,4.0,0.47,3.63,333.979,polygon
2026-05-13,JPM,JPMorgan Chase & Co.,Equity,Financial Services,302.27,303.0,300.0709,300.25,7709525,-0.015186,0.21223272895353212,0.21243606622241698,0.22588216486674143,,,4.46,3.98,0.48,3.63,333.979,polygon
2026-05-12,JPM,JPMorgan Chase & Co.,Equity,Financial Services,300.02,306.0624,295.55,304.88,9498214,0.016267,0.20787321164635755,0.2301328201970366,0.22587399137196315,,,4.46,4.0,0.46,3.63,333.979,polygon
2026-05-11,JPM,JPMorgan Chase & Co.,Equity,Financial Services,302.1,303.19,298.88,300.0,9511957,-0.006951,0.20413107592477417,0.2264480325438835,0.22339673693954037,,,4.42,3.95,0.47,3.63,333.979,polygon
2026-05-08,JPM,JPMorgan Chase & Co.,Equity,Financial Services,308.25,308.99,300.5,302.1,9464267,-0.013615,0.20317322600371568,0.24432840693380184,0.22953025122615844,,,4.38,3.9,0.48,3.63,333.979,polygon
2026-05-07,JPM,JPMorgan Chase & Co.,Equity,Financial Services,314.65,316.3,306.14,306.27,8359599,-0.027406,0.20015174348055859,0.2438657355234073,0.23288705584784047,,,4.41,3.92,0.49,3.63,333.979,polygon
2026-05-06,JPM,JPMorgan Chase & Co.,Equity,Financial Services,311.45,316.2595,311.35,314.9,8629538,0.017776,0.20918052225015346,0.22904809167869145,0.22718970966959878,,,4.36,3.87,0.49,3.63,333.979,polygon
2026-05-05,JPM,JPMorgan Chase & Co.,Equity,Financial Services,307.71,310.97,306.8,309.4,6316845,0.005688,0.20266790209195348,0.22531381838972034,0.22407270821574668,,,4.43,3.93,0.5,3.63,333.979,polygon
2026-05-04,JPM,JPMorgan Chase & Co.,Equity,Financial Services,310.62,310.65,306.51,307.65,7338179,-0.015425,0.20229515209010385,0.2267730960355828,0.23787711411403223,,,4.45,3.95,0.5,3.63,333.979,polygon
2026-05-01,JPM,JPMorgan Chase & Co.,Equity,Financial Services,313.95,316.08,311.83,312.47,6135359,-0.002426,0.1928612982198805,0.22150616754451538,0.24028224215983846,,,4.39,3.88,0.51,3.63,333.979,polygon
2026-04-30,JPM,JPMorgan Chase & Co.,Equity,Financial Services,307.07,314.1,306.57,313.23,8865387,0.01287,0.19200979418249994,0.22105095670944142,0.240780823858388,,,4.4,3.88,0.52,3.64,332.407,polygon
2026-04-29,JPM,JPMorgan Chase & Co.,Equity,Financial Services,310.57,312.045,307.29,309.25,8031805,-0.007064,0.22143096238433174,0.2190295343280485,0.24343382241362638,,,4.42,3.92,0.5,3.64,332.407,polygon
2026-04-28,JPM,JPMorgan Chase & Co.,Equity,Financial Services,315.2,315.45,311.17,311.45,7398596,-0.000578,0.2177144507179444,0.21713544543189056,0.24341860798825476,,,4.36,3.84,0.52,3.64,332.407,polygon
2026-04-27,JPM,JPMorgan Chase & Co.,Equity,Financial Services,306.88,312.58,306.88,311.63,7925317,0.010867,0.2494306171434884,0.21774045492625935,0.24344785143149425,,,4.35,3.78,0.57,3.64,332.407,polygon
2026-04-24,JPM,JPMorgan Chase & Co.,Equity,Financial Services,311.15,311.15,307.89,308.28,5215321,-0.01094,0.2536798006063346,0.21654748690708822,0.24540626889905884,,,4.31,3.78,0.53,3.64,332.407,polygon
2026-04-23,JPM,JPMorgan Chase & Co.,Equity,Financial Services,313.52,314.99,308.89,311.69,6969656,-0.004249,0.25059830554404905,0.21996381710417284,0.24425844831142804,,,4.34,3.83,0.51,3.64,332.407,polygon
2026-04-22,JPM,JPMorgan Chase & Co.,Equity,Financial Services,314.85,315.1486,311.9404,313.02,5545909,6.4e-05,0.2498241322730813,0.21994784808891743,0.2441311090291898,,,4.3,3.79,0.51,3.64,332.407,polygon
2026-04-21,JPM,JPMorgan Chase & Co.,Equity,Financial Services,317.49,320.235,312.75,313.0,7084264,-0.012587,0.25093850914641336,0.22071344325426726,0.2450619201194209,,,4.3,3.78,0.52,3.64,332.407,polygon
2026-04-20,JPM,JPMorgan Chase & Co.,Equity,Financial Services,310.85,317.13,310.37,316.99,10772003,0.021593,0.24575224837241846,0.21599168181975711,0.24711661245632074,,,4.26,3.72,0.54,3.64,332.407,polygon
2026-04-17,JPM,JPMorgan Chase & Co.,Equity,Financial Services,312.47,314.9,310.09,310.29,11082391,0.001097,0.23825929607096452,0.21418899631059982,0.24354754773765572,,,4.26,3.71,0.55,3.64,332.407,polygon
2026-04-16,JPM,JPMorgan Chase & Co.,Equity,Financial Services,305.35,309.95,305.2,309.95,8208612,0.01314,0.23810072040079222,0.22311744846179396,0.24360915747606748,,,4.32,3.78,0.54,3.64,332.407,polygon
2026-04-15,JPM,JPMorgan Chase & Co.,Equity,Financial Services,313.95,314.24,304.26,305.93,9885824,-0.016682,0.2356584988616122,0.22050012499832083,0.2507974112534951,,,4.29,3.76,0.53,3.64,332.407,polygon
2026-04-14,JPM,JPMorgan Chase & Co.,Equity,Financial Services,309.82,314.32,308.87,311.12,11455513,-0.008161,0.22491550338992805,0.2153981809644439,0.24934985513409227,,,4.26,3.76,0.5,3.64,332.407,polygon
2026-04-13,JPM,JPMorgan Chase & Co.,Equity,Financial Services,307.47,313.74,305.4571,313.68,8318221,0.012295,0.2204388442602665,0.21579557137918487,0.24890335527267307,,,4.3,3.78,0.52,3.64,332.407,polygon
2026-04-10,JPM,JPMorgan Chase & Co.,Equity,Financial Services,310.0,310.35,306.72,309.87,6069693,-0.001482,0.2303786478025112,0.22133767502100457,0.24849304582718457,,,4.31,3.81,0.5,3.64,332.407,polygon
2026-04-09,JPM,JPMorgan Chase & Co.,Equity,Financial Services,306.95,311.26,306.11,310.33,6586601,0.007663,0.2313188039384469,0.22273619497607972,0.2634701568239254,,,4.29,3.78,0.51,3.64,332.407,polygon
2026-04-08,JPM,JPMorgan Chase & Co.,Equity,Financial Services,307.97,311.26,305.33,307.97,10590165,0.035541,0.2322098993213922,0.22883643798705577,0.2643416972417319,,,4.29,3.79,0.5,3.64,332.407,polygon
2026-04-07,JPM,JPMorgan Chase & Co.,Equity,Financial Services,293.14,298.18,292.6982,297.4,7849083,0.0066,0.20083259322556235,0.20528174572052638,0.25344896916434345,,,4.33,3.81,0.52,3.64,332.407,polygon
2026-04-06,JPM,JPMorgan Chase & Co.,Equity,Financial Services,294.06,296.83,293.195,295.45,7142621,0.002885,0.20653510882883658,0.23914132450172165,0.25375276248414463,,,4.34,3.84,0.5,3.64,332.407,polygon
2026-04-02,JPM,JPMorgan Chase & Co.,Equity,Financial Services,291.91,295.62,288.72,294.6,6669252,-0.002641,0.2175098579068372,0.2407544490635781,0.25729259614098104,,,4.31,3.79,0.52,3.64,332.407,polygon
2026-04-01,JPM,JPMorgan Chase & Co.,Equity,Financial Services,295.39,298.72,292.91,295.38,11267167,0.004147,0.2175396747526673,0.24074422249316008,0.25740928305220506,,,4.33,3.81,0.52,3.64,332.407,polygon
2026-03-31,JPM,JPMorgan Chase & Co.,Equity,Financial Services,288.47,295.072,284.945,294.16,12956879,0.036614,0.21958507888440118,0.24101719698961038,0.2634634364044278,,,4.3,3.79,0.51,3.64,330.293,polygon
2026-03-30,JPM,JPMorgan Chase & Co.,Equity,Financial Services,284.74,287.25,282.33,283.77,11734351,0.003288,0.17646238116752677,0.21946293683328102,0.2527884142817408,,,4.35,3.82,0.53,3.64,330.293,polygon
2026-03-27,JPM,JPMorgan Chase & Co.,Equity,Financial Services,289.14,290.11,281.75,282.84,9873292,-0.030241,0.1839242176587932,0.21893946676105067,0.2525566241121468,,,4.44,3.88,0.56,3.64,330.293,polygon
2026-03-26,JPM,JPMorgan Chase & Co.,Equity,Financial Services,292.58,294.9899,290.73,291.66,8669196,-0.012728,0.1608471103194481,0.2146509395470745,0.24549081780896723,,,4.42,3.96,0.46,3.64,330.293,polygon
2026-03-25,JPM,JPMorgan Chase & Co.,Equity,Financial Services,294.15,297.64,292.44,295.42,12188164,0.010328,0.17242212398751347,0.22158705728277142,0.2454827888806368,,,4.33,3.84,0.49,3.64,330.293,polygon
2026-03-24,JPM,JPMorgan Chase & Co.,Equity,Financial Services,286.17,295.48,285.3701,292.4,11092328,0.008589,0.16808104106706398,0.21981487867015734,0.24423322577416903,,,4.39,3.9,0.49,3.64,330.293,polygon
2026-03-23,JPM,JPMorgan Chase & Co.,Equity,Financial Services,294.31,295.75,287.97,289.91,11470841,0.01169,0.21922512987294787,0.2171014633874855,0.2444950981643899,,,4.34,3.83,0.51,3.64,330.293,polygon
2026-03-20,JPM,JPMorgan Chase & Co.,Equity,Financial Services,288.08,290.71,285.27,286.56,22436492,-0.004896,0.2170486243736404,0.24582689787142262,0.2438843321825191,,,4.39,3.88,0.51,3.64,330.293,polygon
2026-03-19,JPM,JPMorgan Chase & Co.,Equity,Financial Services,286.88,289.51,284.62,287.97,9846696,0.000799,0.2170110540088946,0.2525469153704685,0.24733894365225437,,,4.25,3.79,0.46,3.64,330.293,polygon
2026-03-18,JPM,JPMorgan Chase & Co.,Equity,Financial Services,286.83,289.405,285.1223,287.74,10057039,0.002963,0.21867030927589443,0.2542738129221786,0.24919471808916277,,,4.26,3.76,0.5,3.64,330.293,polygon
2026-03-17,JPM,JPMorgan Chase & Co.,Equity,Financial Services,289.0,291.76,285.95,286.89,8961193,0.002551,0.2267324741174354,0.2635924169202694,0.24922554206489944,,,4.2,3.68,0.52,3.64,330.293,polygon
2026-03-16,JPM,JPMorgan Chase & Co.,Equity,Financial Services,286.34,289.2699,284.61,286.16,8149008,0.009596,0.22614293057225418,0.26473110061621685,0.24907896230088092,,,4.23,3.68,0.55,3.64,330.293,polygon
2026-03-13,JPM,JPMorgan Chase & Co.,Equity,Financial Services,284.665,287.19,282.95,283.44,9091183,0.001944,0.23607768897481676,0.26238015500222317,0.24925369668806502,,,4.28,3.73,0.55,3.64,330.293,polygon
2026-03-12,JPM,JPMorgan Chase & Co.,Equity,Financial Services,282.83,283.88,279.1,282.89,13760505,-0.016103,0.24400497591921014,0.26924456100626665,0.24950482300854548,,,4.27,3.76,0.51,3.64,330.293,polygon
2026-03-11,JPM,JPMorgan Chase & Co.,Equity,Financial Services,288.81,290.4825,284.86,287.52,10204994,-0.004191,0.2420924877359594,0.26601153089119034,0.24796907579593006,,,4.21,3.64,0.57,3.64,330.293,polygon
2026-03-10,JPM,JPMorgan Chase & Co.,Equity,Financial Services,289.29,292.75,287.18,288.73,8344876,-0.004105,0.24256240966087958,0.2659019801995684,0.2530584478689178,,,4.15,3.57,0.58,3.64,330.293,polygon
2026-03-09,JPM,JPMorgan Chase & Co.,Equity,Financial Services,285.5,291.0999,280.45,289.92,12241052,0.00152,0.2864720867636021,0.2681907657369326,0.26165156100536396,,,4.12,3.56,0.56,3.64,330.293,polygon
2026-03-06,JPM,JPMorgan Chase & Co.,Equity,Financial Services,286.34,289.99,283.71,289.48,13496526,-0.013865,0.2935991378299402,0.27351079108160387,0.2788709250942236,,,4.15,3.56,0.59,3.64,330.293,polygon
2026-03-05,JPM,JPMorgan Chase & Co.,Equity,Financial Services,297.98,301.24,292.43,293.55,12732488,-0.019506,0.294245904816015,0.27162116034142925,0.2776661386586116,,,4.13,3.57,0.56,3.64,330.293,polygon
2026-03-04,JPM,JPMorgan Chase & Co.,Equity,Financial Services,299.99,301.0,295.82,299.39,8055673,-0.002897,0.2999741822476378,0.26580474376480817,0.2750174190716474,,,4.09,3.54,0.55,3.64,330.293,polygon
2026-03-03,JPM,JPMorgan Chase & Co.,Equity,Financial Services,292.285,302.39,289.5,300.26,10278216,0.009074,0.3014067195451323,0.2808033907621579,0.2763763283542867,,,4.06,3.51,0.55,3.64,330.293,polygon
2026-03-02,JPM,JPMorgan Chase & Co.,Equity,Financial Services,294.81,299.9799,293.21,297.56,8508910,-0.009124,0.2992427581203078,0.2812427320708604,0.27724073657355347,,,4.05,3.47,0.58,3.64,330.293,polygon
2026-02-27,JPM,JPMorgan Chase & Co.,Equity,Financial Services,300.0,302.95,294.45,300.3,18620786,-0.019044,0.3055599136519455,0.28070452137080754,0.27672708441242994,,,3.97,3.38,0.59,3.64,327.46,polygon
2026-02-26,JPM,JPMorgan Chase & Co.,Equity,Financial Services,304.58,309.01,303.64,306.13,7007804,0.009331,0.2975204646459777,0.2766335669742472,0.27528921026988634,,,4.02,3.42,0.6,3.64,327.46,polygon
2026-02-25,JPM,JPMorgan Chase & Co.,Equity,Financial Services,298.64,303.6599,297.01,303.3,8095520,0.020182,0.2961306514815265,0.3007167190907449,0.2770370889987533,,,4.05,3.45,0.6,3.64,327.46,polygon
2026-02-24,JPM,JPMorgan Chase & Co.,Equity,Financial Services,296.82,299.75,291.38,297.3,13554127,-0.001243,0.2902499384175793,0.29507982349366746,0.27571643715203187,,,4.04,3.43,0.61,3.64,327.46,polygon
2026-02-23,JPM,JPMorgan Chase & Co.,Equity,Financial Services,308.8,311.0,295.1,297.67,12955428,-0.042215,0.2980926779423918,0.29504797145597855,0.2778868178433815,,,4.03,3.43,0.6,3.64,327.46,polygon
2026-02-20,JPM,JPMorgan Chase & Co.,Equity,Financial Services,308.4,311.0,305.68,310.79,7792735,0.008895,0.2559539988017561,0.2716849484737182,0.26296370093906296,,,4.08,3.48,0.6,3.64,327.46,polygon
2026-02-19,JPM,JPMorgan Chase & Co.,Equity,Financial Services,307.17,309.18,305.12,308.05,6737705,-0.002364,0.25475449027430735,0.27660297257226013,0.26243875567546304,,,4.08,3.47,0.61,3.64,327.46,polygon
2026-02-18,JPM,JPMorgan Chase & Co.,Equity,Financial Services,308.46,312.28,307.22,308.78,7209556,0.005372,0.278451115553962,0.27690443349687777,0.2646283286123139,,,4.09,3.47,0.62,3.64,327.46,polygon
2026-02-17,JPM,JPMorgan Chase & Co.,Equity,Financial Services,302.76,308.24,302.5,307.13,8896753,0.015138,0.28030848014936094,0.28826749427985504,0.2656752267456421,,,4.05,3.43,0.62,3.64,327.46,polygon
2026-02-13,JPM,JPMorgan Chase & Co.,Equity,Financial Services,298.52,304.29,296.52,302.55,9114526,-0.000297,0.27537355424847687,0.2860827280411265,0.26401768915230656,,,4.04,3.4,0.64,3.64,327.46,polygon
2026-02-12,JPM,JPMorgan Chase & Co.,Equity,Financial Services,312.275,313.615,300.02,302.64,13443363,-0.026317,0.2771015787872847,0.2860672231385739,0.2649520947878741,,,4.09,3.47,0.62,3.64,327.46,polygon
2026-02-11,JPM,JPMorgan Chase & Co.,Equity,Financial Services,323.24,325.28,308.7301,310.82,8703519,-0.023438,0.3003496040785045,0.2765119387855051,0.26215877727902015,,,4.18,3.52,0.66,3.64,327.46,polygon
2026-02-10,JPM,JPMorgan Chase & Co.,Equity,Financial Services,322.55,326.125,315.1201,318.28,9902224,-0.01186,0.29352628325809355,0.27057541728620843,0.2673350040702898,,,4.16,3.45,0.71,3.64,327.46,polygon
2026-02-09,JPM,JPMorgan Chase & Co.,Equity,Financial Services,321.34,326.4,320.1149,322.1,11477473,-0.000931,0.2911246327367326,0.2687430098798083,0.2679605459767669,,,4.22,3.48,0.74,3.64,327.46,polygon
2026-02-06,JPM,JPMorgan Chase & Co.,Equity,Financial Services,314.71,324.245,314.71,322.4,17797443,0.039464,0.29304055668986534,0.2704953264098742,0.2680975178500611,,,4.22,3.5,0.72,3.64,327.46,polygon
2026-02-05,JPM,JPMorgan Chase & Co.,Equity,Financial Services,315.0,316.01,305.54,310.16,9387999,-0.02241,0.2652340174338885,0.24569670308246497,0.25650550783778203,,,4.21,3.47,0.74,3.64,327.46,polygon
2026-02-04,JPM,JPMorgan Chase & Co.,Equity,Financial Services,314.405,319.305,314.405,317.27,9848802,0.007686,0.2564678378099456,0.24355204508462977,0.2522487344687189,,,4.29,3.57,0.72,3.64,327.46,polygon
2026-02-03,JPM,JPMorgan Chase & Co.,Equity,Financial Services,309.73,316.25,309.095,314.85,12687963,0.021776,0.2728709945640664,0.24566096097117684,0.25202126105419864,,,4.28,3.57,0.71,3.64,327.46,polygon
2026-02-02,JPM,JPMorgan Chase & Co.,Equity,Financial Services,304.46,309.3,301.37,308.14,9839360,0.007356,0.2633475486615422,0.23776616594770844,0.24859736410040587,,,4.29,3.57,0.72,3.64,327.46,polygon
2026-01-30,JPM,JPMorgan Chase & Co.,Equity,Financial Services,305.25,307.93,302.555,305.89,11953180,-0.00173,0.26112037558089163,0.23654609027637863,0.24812014793327214,,,4.26,3.52,0.74,3.64,326.588,polygon
2026-01-29,JPM,JPMorgan Chase & Co.,Equity,Financial Services,302.4,306.83,302.215,306.42,11579987,0.018785,0.26116366162439547,0.2395435526092929,0.2483593190406336,,,4.24,3.53,0.71,3.64,326.588,polygon
2026-01-28,JPM,JPMorgan Chase & Co.,Equity,Financial Services,300.27,301.92,298.05,300.77,9556743,0.001532,0.25146353055372545,0.23271670626296542,0.24553449211257464,,,4.26,3.56,0.7,3.64,326.588,polygon
2026-01-27,JPM,JPMorgan Chase & Co.,Equity,Financial Services,301.33,301.97,298.15,300.31,11527448,-0.002425,0.25063153157452106,0.23305676186970115,0.2470050269543838,,,4.24,3.53,0.71,3.64,326.588,polygon
2026-01-26,JPM,JPMorgan Chase & Co.,Equity,Financial Services,297.81,301.775,297.45,301.04,11752666,0.011151,0.25542162223173354,0.2440500570424033,0.24696935958492636,,,4.22,3.56,0.66,3.64,326.588,polygon
2026-01-23,JPM,JPMorgan Chase & Co.,Equity,Financial Services,302.0,302.37,296.51,297.72,11107925,-0.019464,0.2538297666531807,0.2594505443762876,0.2460037999367999,,,4.24,3.6,0.64,3.64,326.588,polygon
2026-01-22,JPM,JPMorgan Chase & Co.,Equity,Financial Services,304.86,308.2,302.9,303.63,10535822,0.005264,0.2582162585524519,0.2887839576433032,0.24399897658066771,,,4.26,3.61,0.65,3.64,326.588,polygon
2026-01-21,JPM,JPMorgan Chase & Co.,Equity,Financial Services,303.425,305.4,301.15,302.04,10270144,-0.002312,0.2626098121516179,0.2881849794765911,0.24710482752631557,,,4.26,3.6,0.66,3.64,326.588,polygon
2026-01-20,JPM,JPMorgan Chase & Co.,Equity,Financial Services,306.21,311.15,301.86,302.74,12900620,-0.031139,0.26309155909913984,0.28822952075322456,0.2470475501780135,,,4.3,3.6,0.7,3.64,326.588,polygon
2026-01-16,JPM,JPMorgan Chase & Co.,Equity,Financial Services,310.35,317.21,310.0,312.47,14652508,0.01038,0.23986276188414662,0.276239550926034,0.23889437174506567,,,4.24,3.59,0.65,3.64,326.588,polygon
2026-01-15,JPM,JPMorgan Chase & Co.,Equity,Financial Services,308.47,312.94,307.75,309.26,14751447,0.004515,0.24091405156602627,0.277505923508726,0.24099942256985546,,,4.17,3.56,0.61,3.64,326.588,polygon
2026-01-14,JPM,JPMorgan Chase & Co.,Equity,Financial Services,308.2,311.76,306.12,307.87,25951464,-0.009746,0.24097704514252988,0.27737061258834766,0.24298449132514868,,,4.15,3.51,0.64,3.64,326.588,polygon
2026-01-13,JPM,JPMorgan Chase & Co.,Equity,Financial Services,324.3,326.86,310.572,310.9,19371171,-0.041881,0.23971224400399846,0.278648550623786,0.2421639946635415,,,4.18,3.53,0.65,3.64,326.588,polygon
2026-01-12,JPM,JPMorgan Chase & Co.,Equity,Financial Services,321.884,326.02,321.23,324.49,12805062,-0.014277,0.2004672604294659,0.25218978013657645,0.23039410428272547,,,4.19,3.54,0.65,3.64,326.588,polygon
2026-01-09,JPM,JPMorgan Chase & Co.,Equity,Financial Services,329.34,331.9,328.17,329.19,6738143,-0.001819,0.21514734129064184,0.2502850163147109,0.22919146859988168,,,4.18,3.54,0.64,3.64,326.588,polygon
2026-01-08,JPM,JPMorgan Chase & Co.,Equity,Financial Services,326.39,331.4,325.65,329.79,11737068,0.008563,0.28061319463100076,0.2530501233025256,0.23302252464882306,,,4.19,3.49,0.7,3.64,326.588,polygon
2026-01-07,JPM,JPMorgan Chase & Co.,Equity,Financial Services,331.14,332.1499,324.6,326.99,9815240,-0.022773,0.279690008660138,0.2527565727046024,0.23693948180018554,,,4.15,3.47,0.68,3.64,326.588,polygon
2026-01-06,JPM,JPMorgan Chase & Co.,Equity,Financial Services,332.62,335.87,330.65,334.61,7660787,0.001706,0.26565189456647537,0.2407823499959234,0.23404740847102656,,,4.18,3.47,0.71,3.64,326.588,polygon
2026-01-05,JPM,JPMorgan Chase & Co.,Equity,Financial Services,325.5,337.25,325.19,334.04,10752627,0.0263,0.2678220370905936,0.24768127731347042,0.23415135543306653,,,4.17,3.46,0.71,3.64,326.588,polygon
2026-01-02,JPM,JPMorgan Chase & Co.,Equity,Financial Services,322.5,325.73,320.74,325.48,8054040,0.010117,0.2579008929368651,0.24000403909523396,0.23014339597854078,,,4.19,3.47,0.72,3.64,326.588,polygon
2025-12-31,JPM,JPMorgan Chase & Co.,Equity,Financial Services,324.34,324.875,322.04,322.22,5048531,-0.00371,0.2572303963824401,0.23958533134688562,0.22964377128822844,,,4.18,3.47,0.71,3.72,326.031,polygon
2025-12-30,JPM,JPMorgan Chase & Co.,Equity,Financial Services,324.81,324.94,322.49,323.42,7904263,-0.001019,0.262069595188984,0.24197584954102283,0.22957276299058843,,,4.14,3.45,0.69,3.72,326.031,polygon
2025-12-29,JPM,JPMorgan Chase & Co.,Equity,Financial Services,327.0,327.77,323.53,323.75,8635338,-0.012686,0.26759864656532484,0.2495965600916474,0.23003129621087529,,,4.12,3.45,0.67,3.72,326.031,polygon
2025-12-26,JPM,JPMorgan Chase & Co.,Equity,Financial Services,329.11,330.86,326.54,327.91,4158293,-0.003828,0.265109711191116,0.26792421097496105,0.2294458677650205,,,4.14,3.46,0.68,3.72,326.031,polygon
2025-12-24,JPM,JPMorgan Chase & Co.,Equity,Financial Services,326.24,329.99,325.5014,329.17,4289306,0.009941,0.26719599047439124,0.2706849062591781,0.2315830363459116,,,4.15,3.47,0.68,3.72,326.031,polygon
2025-12-23,JPM,JPMorgan Chase & Co.,Equity,Financial Services,323.61,327.78,323.09,325.93,6668305,0.00879,0.2670023302408151,0.2698941420190006,0.23080849083242988,,,4.18,3.48,0.7,3.72,326.031,polygon
2025-12-22,JPM,JPMorgan Chase & Co.,Equity,Financial Services,317.51,323.23,317.51,323.09,8354588,0.018537,0.26712148866165236,0.2698301258306906,0.23019419630616272,,,4.17,3.44,0.73,3.72,326.031,polygon
2025-12-19,JPM,JPMorgan Chase & Co.,Equity,Financial Services,313.79,318.56,313.19,317.21,24494412,0.01345,0.2702207405218675,0.2647925536930252,0.22774224687581282,,,4.16,3.48,0.68,3.72,326.031,polygon
2025-12-18,JPM,JPMorgan Chase & Co.,Equity,Financial Services,316.0,317.7,312.22,313.0,11444909,-0.006286,0.2699389473916677,0.2624307231928623,0.22608429257796053,,,4.12,3.46,0.66,3.72,326.031,polygon
2025-12-17,JPM,JPMorgan Chase & Co.,Equity,Financial Services,318.43,319.37,314.66,314.98,8718653,-0.001806,0.26893112115215073,0.26261041292576753,0.22574524251349698,,,4.16,3.49,0.67,3.72,326.031,polygon
2025-12-16,JPM,JPMorgan Chase & Co.,Equity,Financial Services,319.09,319.52,314.4,315.55,8331336,-0.013968,0.2723854378783839,0.26252676579876566,0.2257155931046385,,,4.15,3.48,0.67,3.72,326.031,polygon
2025-12-15,JPM,JPMorgan Chase & Co.,Equity,Financial Services,319.59,322.88,318.39,320.02,10864122,0.004709,0.27666045012973794,0.2595523919708795,,,,4.18,3.51,0.67,3.72,326.031,polygon
2025-12-12,JPM,JPMorgan Chase & Co.,Equity,Financial Services,319.68,320.27,316.6013,318.52,8982911,0.003592,0.30346881390309305,0.25965079189898144,,,,4.19,3.52,0.67,3.72,326.031,polygon
2025-12-11,JPM,JPMorgan Chase & Co.,Equity,Financial Services,309.24,318.0,309.24,317.38,9721859,0.023443,0.3078838236643372,0.2618165307586915,,,,4.14,3.52,0.62,3.72,326.031,polygon
2025-12-10,JPM,JPMorgan Chase & Co.,Equity,Financial Services,300.5,311.19,298.46,310.11,18874092,0.031946,0.29659341838034947,0.2534476252882825,,,,4.13,3.54,0.59,3.72,326.031,polygon
2025-12-09,JPM,JPMorgan Chase & Co.,Equity,Financial Services,314.95,318.8,300.02,300.51,18049223,-0.046636,0.2747820686481132,0.23623486570962882,,,,4.18,3.61,0.57,3.72,326.031,polygon
2025-12-08,JPM,JPMorgan Chase & Co.,Equity,Financial Services,315.06,316.47,313.3501,315.21,7417191,0.00054,0.2191336411924227,0.1914967979825512,,,,4.17,3.57,0.6,3.72,326.031,polygon
2025-12-05,JPM,JPMorgan Chase & Co.,Equity,Financial Services,315.64,318.48,314.68,315.04,6518908,-0.003353,0.2199019573804317,0.19860114386689587,,,,4.14,3.56,0.58,3.72,326.031,polygon
2025-12-04,JPM,JPMorgan Chase & Co.,Equity,Financial Services,313.26,318.49,313.0,316.1,9627834,0.012719,0.22083387526929135,0.19790985625678637,,,,4.11,3.52,0.59,3.72,326.031,polygon
2025-12-03,JPM,JPMorgan Chase & Co.,Equity,Financial Services,307.2,312.36,306.8,312.13,8535260,0.013804,0.21678596659626456,0.19865268955196858,,,,4.06,3.49,0.57,3.72,326.031,polygon
2025-12-02,JPM,JPMorgan Chase & Co.,Equity,Financial Services,308.74,310.48,307.09,307.88,7249043,-0.003367,0.21217995942442516,0.20279996340127818,,,,4.09,3.51,0.58,3.72,326.031,polygon
2025-12-01,JPM,JPMorgan Chase & Co.,Equity,Financial Services,312.95,314.04,308.54,308.92,7727324,-0.013287,0.21286261709782256,0.20722561144747043,,,,4.09,3.54,0.55,3.72,326.031,polygon
2025-11-28,JPM,JPMorgan Chase & Co.,Equity,Financial Services,309.1,313.72,308.24,313.08,4322448,0.017683,0.21155786298170848,0.20305942641275596,,,,4.02,3.47,0.55,3.88,325.063,polygon
2025-11-26,JPM,JPMorgan Chase & Co.,Equity,Financial Services,305.0,308.525,303.2,307.64,7910851,0.015314,0.20301403349824,0.2099384162627492,,,,4.0,3.45,0.55,3.88,325.063,polygon
2025-11-25,JPM,JPMorgan Chase & Co.,Equity,Financial Services,300.05,304.5,295.56,303.0,8877188,0.016779,0.19628495985447722,0.2080925704179774,,,,4.01,3.43,0.58,3.88,325.063,polygon
2025-11-24,JPM,JPMorgan Chase & Co.,Equity,Financial Services,298.24,299.82,294.51,298.0,10940186,-6.7e-05,0.19210894784750684,0.20934649060449909,,,,4.04,3.46,0.58,3.88,325.063,polygon
2025-11-21,JPM,JPMorgan Chase & Co.,Equity,Financial Services,301.29,301.68,292.8101,298.02,11766810,-0.001207,0.20449748039360885,0.22093751666417075,,,,4.06,3.51,0.55,3.88,325.063,polygon
2025-11-20,JPM,JPMorgan Chase & Co.,Equity,Financial Services,306.34,309.92,298.16,298.38,7501582,-0.016124,0.20441592336045333,0.225166434444066,,,,4.1,3.55,0.55,3.88,325.063,polygon
2025-11-19,JPM,JPMorgan Chase & Co.,Equity,Financial Services,299.74,304.4499,299.265,303.27,5546555,0.012892,0.19901572755957242,0.2208501850828427,,,,4.13,3.58,0.55,3.88,325.063,polygon
2025-11-18,JPM,JPMorgan Chase & Co.,Equity,Financial Services,299.5,302.945,297.02,299.41,8077315,-0.003196,0.20403912961079024,0.21995347905595494,,,,4.12,3.58,0.54,3.88,325.063,polygon
2025-11-17,JPM,JPMorgan Chase & Co.,Equity,Financial Services,304.0,305.59,297.6714,300.37,8344046,-0.010672,0.21150441084058075,0.22015166110563913,,,,4.13,3.6,0.53,3.88,325.063,polygon
2025-11-14,JPM,JPMorgan Chase & Co.,Equity,Financial Services,307.51,307.64,301.23,303.61,10326983,-0.018967,0.20809325951475555,0.2182824392434449,,,,4.14,3.62,0.52,3.88,325.063,polygon
2025-11-13,JPM,JPMorgan Chase & Co.,Equity,Financial Services,319.23,320.6325,309.1,309.48,8973258,-0.034113,0.21405455698313547,0.212454008109293,,,,4.11,3.58,0.53,3.88,325.063,polygon
2025-11-12,JPM,JPMorgan Chase & Co.,Equity,Financial Services,316.26,322.25,316.21,320.41,10578266,0.015176,0.1744360715091218,0.18792130043298796,,,,4.08,3.56,0.52,3.88,325.063,polygon
2025-11-11,JPM,JPMorgan Chase & Co.,Equity,Financial Services,317.5,319.05,315.28,315.62,5030216,-0.004008,0.18436033742352625,0.18865787687818764,,,,4.13,3.58,0.55,3.88,325.063,polygon
2025-11-10,JPM,JPMorgan Chase & Co.,Equity,Financial Services,315.0,319.555,314.21,316.89,5794505,0.008529,0.19837278688386864,0.1882909916713167,,,,4.13,3.58,0.55,3.88,325.063,polygon
2025-11-07,JPM,JPMorgan Chase & Co.,Equity,Financial Services,311.89,314.43,307.642,314.21,7302347,0.002521,0.20623617902015962,0.18663544675347943,,,,4.11,3.55,0.56,3.88,325.063,polygon
2025-11-06,JPM,JPMorgan Chase & Co.,Equity,Financial Services,310.99,314.84,310.26,313.42,7206111,0.005583,0.20657788195185434,0.1881095631238058,,,,4.11,3.57,0.54,3.88,325.063,polygon
2025-11-05,JPM,JPMorgan Chase & Co.,Equity,Financial Services,309.61,313.1,305.63,311.68,6865198,0.007858,0.21105380213888061,0.18736860846997894,,,,4.17,3.63,0.54,3.88,325.063,polygon
2025-11-04,JPM,JPMorgan Chase & Co.,Equity,Financial Services,306.71,312.22,305.1,309.25,7085164,-0.000323,0.21015571408763506,0.1859788728395088,,,,4.1,3.58,0.52,3.88,325.063,polygon
2025-11-03,JPM,JPMorgan Chase & Co.,Equity,Financial Services,311.0,312.32,306.21,309.35,7770040,-0.005689,0.21037161523434725,0.18601908752002658,,,,4.13,3.6,0.53,3.88,325.063,polygon
2025-10-31,JPM,JPMorgan Chase & Co.,Equity,Financial Services,308.54,312.87,307.25,311.12,7721297,0.005429,0.2111439977230138,,,,,4.11,3.6,0.51,4.09,324.245,polygon
2025-10-30,JPM,JPMorgan Chase & Co.,Equity,Financial Services,305.79,312.61,305.1,309.44,7514556,0.012864,0.21353898846087305,,,,,4.11,3.61,0.5,4.09,324.245,polygon
2025-10-29,JPM,JPMorgan Chase & Co.,Equity,Financial Services,303.51,308.245,303.01,305.51,7520324,0.000491,0.21401386208979373,,,,,4.08,3.59,0.49,4.09,324.245,polygon
2025-10-28,JPM,JPMorgan Chase & Co.,Equity,Financial Services,304.86,307.9674,303.16,305.36,6335993,0.003978,0.21390648700394255,,,,,3.99,3.47,0.52,4.09,324.245,polygon
2025-10-27,JPM,JPMorgan Chase & Co.,Equity,Financial Services,302.16,304.53,301.01,304.15,5642222,0.012349,0.2129636286878076,,,,,4.01,3.48,0.53,4.09,324.245,polygon
2025-10-24,JPM,JPMorgan Chase & Co.,Equity,Financial Services,296.08,302.6,295.45,300.44,7228330,0.020031,0.21006909985449712,,,,,4.02,3.48,0.54,4.09,324.245,polygon
2025-10-23,JPM,JPMorgan Chase & Co.,Equity,Financial Services,294.38,296.3699,292.51,294.54,5438810,0.001462,0.19476919788820418,,,,,4.01,3.48,0.53,4.09,324.245,polygon
2025-10-22,JPM,JPMorgan Chase & Co.,Equity,Financial Services,297.77,298.0599,290.5448,294.11,8054115,-0.010031,0.19498792747162896,,,,,3.97,3.45,0.52,4.09,324.245,polygon
2025-10-21,JPM,JPMorgan Chase & Co.,Equity,Financial Services,301.66,304.05,297.0,297.09,7372671,-0.01743,0.19362833984479524,,,,,3.98,3.45,0.53,4.09,324.245,polygon
2025-10-20,JPM,JPMorgan Chase & Co.,Equity,Financial Services,298.5,303.69,298.1601,302.36,6894943,0.016131,,,,,,4.0,3.46,0.54,4.09,324.245,polygon
2025-10-17,JPM,JPMorgan Chase & Co.,Equity,Financial Services,299.16,299.55,294.2,297.56,10153454,-0.003283,,,,,,4.02,3.46,0.56,4.09,324.245,polygon
2025-10-16,JPM,JPMorgan Chase & Co.,Equity,Financial Services,305.35,308.6799,297.07,298.54,10549447,-0.02339,,,,,,3.99,3.41,0.58,4.09,324.245,polygon
2025-10-15,JPM,JPMorgan Chase & Co.,Equity,Financial Services,306.39,312.1199,305.44,305.69,11354778,0.01195,,,,,,4.05,3.5,0.55,4.09,324.245,polygon
2025-10-14,JPM,JPMorgan Chase & Co.,Equity,Financial Services,305.84,307.0,294.21,302.08,16178755,-0.019125,,,,,,4.03,3.48,0.55,4.09,324.245,polygon
2025-10-13,JPM,JPMorgan Chase & Co.,Equity,Financial Services,305.6,309.46,305.45,307.97,10788680,0.02353,,,,,,4.05,3.52,0.53,4.09,324.245,polygon
2025-10-10,JPM,JPMorgan Chase & Co.,Equity,Financial Services,305.66,310.47,300.81,300.89,8597384,-0.015187,,,,,,4.05,3.52,0.53,4.09,324.245,polygon
2025-10-09,JPM,JPMorgan Chase & Co.,Equity,Financial Services,305.05,308.035,303.3947,305.53,7060332,0.004934,,,,,,4.14,3.6,0.54,4.09,324.245,polygon
2025-10-08,JPM,JPMorgan Chase & Co.,Equity,Financial Services,308.21,308.7832,303.55,304.03,6489883,-0.011895,,,,,,4.13,3.58,0.55,4.09,324.245,polygon
2025-10-07,JPM,JPMorgan Chase & Co.,Equity,Financial Services,309.35,310.01,304.7,307.69,8454217,-0.004819,,,,,,4.14,3.57,0.57,4.09,324.245,polygon
2025-10-06,JPM,JPMorgan Chase & Co.,Equity,Financial Services,310.18,311.7474,305.1301,309.18,7214502,-0.002742,,,,,,4.18,3.6,0.58,4.09,324.245,polygon
2025-10-03,JPM,JPMorgan Chase & Co.,Equity,Financial Services,308.51,311.66,308.21,310.03,6029854,0.008064,,,,,,4.13,3.58,0.55,4.09,324.245,polygon
2025-10-02,JPM,JPMorgan Chase & Co.,Equity,Financial Services,310.0,310.56,306.14,307.55,7599973,-0.01017,,,,,,4.1,3.55,0.55,4.09,324.245,polygon
2025-10-01,JPM,JPMorgan Chase & Co.,Equity,Financial Services,313.97,314.59,307.41,310.71,9235211,-0.014964,,,,,,4.12,3.55,0.57,4.09,324.245,polygon
2025-09-30,JPM,JPMorgan Chase & Co.,Equity,Financial Services,316.25,317.41,310.11,315.43,11823315,-0.000824,,,,,,4.16,3.6,0.56,4.22,324.245,polygon
2025-09-29,JPM,JPMorgan Chase & Co.,Equity,Financial Services,317.06,318.01,313.66,315.69,6462442,-0.001171,,,,,,4.15,3.63,0.52,4.22,324.245,polygon
2025-09-26,JPM,JPMorgan Chase & Co.,Equity,Financial Services,314.9,317.81,313.704,316.06,7258136,0.008327,,,,,,4.2,3.63,0.57,4.22,324.245,polygon
2025-09-25,JPM,JPMorgan Chase & Co.,Equity,Financial Services,314.12,315.65,311.8,313.45,7083198,9.6e-05,,,,,,4.18,3.64,0.54,4.22,324.245,polygon
2025-09-24,JPM,JPMorgan Chase & Co.,Equity,Financial Services,314.05,316.5773,311.665,313.42,7310513,0.002174,,,,,,4.16,3.57,0.59,4.22,324.245,polygon
2025-09-23,JPM,JPMorgan Chase & Co.,Equity,Financial Services,311.815,316.3141,310.58,312.74,8584420,0.00096,,,,,,4.12,3.53,0.59,4.22,324.245,polygon
2025-09-22,JPM,JPMorgan Chase & Co.,Equity,Financial Services,309.8,313.7,309.555,312.44,7520190,,,,,,,4.15,3.61,0.54,4.22,324.245,polygon
2026-09-18,META,"Meta Platforms, Inc.",Equity,Social Media,688.62,690.15,660.8,665.75,27596431,-0.02427,0.29314296611382445,0.344908443989948,0.4553900441702714,,,,,0.25,,,polygon
2026-09-17,META,"Meta Platforms, Inc.",Equity,Social Media,682.44,683.2,667.05,682.31,15927993,0.013367,0.26680774995564355,0.3341986446969548,0.4523784523290843,,,4.94,4.67,0.27,,,polygon
2026-09-16,META,"Meta Platforms, Inc.",Equity,Social Media,679.905,685.31,671.9142,673.31,17217834,0.00458,0.3301187369923446,0.3333869360733452,0.45205974699093143,,,5.01,4.74,0.27,,,polygon
2026-09-15,META,"Meta Platforms, Inc.",Equity,Social Media,659.3,678.87,656.2,670.24,19502840,0.006971,0.3637274141224708,0.3342792723084651,0.4552649262689397,,,5.0,4.67,0.33,,,polygon
2026-09-14,META,"Meta Platforms, Inc.",Equity,Social Media,657.83,668.6,649.22,665.6,19332324,0.027113,0.3672534990578772,0.3694342316406751,0.4561294452775912,,,4.97,4.65,0.32,,,polygon
2026-09-11,META,"Meta Platforms, Inc.",Equity,Social Media,653.51,664.24,646.2,648.03,16924953,0.005664,0.3677872065729109,0.3724692618226649,0.4687550326213517,,,4.96,4.63,0.33,,,polygon
2026-09-10,META,"Meta Platforms, Inc.",Equity,Social Media,653.705,663.5,642.14,644.38,21531853,-0.014242,0.39275512581294847,0.4531283374147361,0.4691208993571591,,,4.95,4.56,0.39,,,polygon
2026-09-09,META,"Meta Platforms, Inc.",Equity,Social Media,648.64,657.86,638.56,653.69,35900728,0.065544,0.3874852732572635,0.45276543024494054,0.4766006694867632,,,4.83,4.43,0.4,,,polygon
2026-09-08,META,"Meta Platforms, Inc.",Equity,Social Media,616.205,624.8,609.74,613.48,18909714,-0.005334,0.3228249745016114,0.4151918970446786,0.4593353510006699,,,4.8,4.39,0.41,,,polygon
2026-09-04,META,"Meta Platforms, Inc.",Equity,Social Media,612.35,617.46,605.27,616.77,15966213,0.009972,0.32186119196040264,0.41486968492846726,0.45928512223140666,,,4.78,4.37,0.41,,,polygon
2026-09-03,META,"Meta Platforms, Inc.",Equity,Social Media,604.49,619.46,604.35,610.68,19737139,0.030075,0.32060835907442864,0.4177071806453103,0.46171451502889305,,,4.77,4.34,0.43,,,polygon
2026-09-02,META,"Meta Platforms, Inc.",Equity,Social Media,578.785,600.38,577.0,592.85,16552678,0.024735,0.304156265202232,0.41963799680951286,0.4577797723955782,,,4.79,4.39,0.4,,,polygon
2026-09-01,META,"Meta Platforms, Inc.",Equity,Social Media,558.345,584.95,556.1,578.54,15796898,0.010833,0.29151637747188924,0.41770126800681934,0.45573343914163084,,,4.79,4.39,0.4,,,polygon
2026-08-31,META,"Meta Platforms, Inc.",Equity,Social Media,577.63,578.675,569.1386,572.34,13383754,-0.009827,0.35552426235719103,0.4154914489406534,0.4694132672055015,,,4.75,4.34,0.41,,,polygon
2026-08-28,META,"Meta Platforms, Inc.",Equity,Social Media,571.55,589.19,571.0,578.02,16042352,0.012117,0.36854588825056905,0.415250937937569,0.4694327971558518,,,4.73,4.34,0.39,,,polygon
2026-08-27,META,"Meta Platforms, Inc.",Equity,Social Media,576.48,588.39,567.62,571.1,15221385,-0.008748,0.4723382331236528,0.418394159305493,0.47683473646409447,,,4.67,4.2,0.47,,,polygon
2026-08-26,META,"Meta Platforms, Inc.",Equity,Social Media,590.31,593.34,561.88,576.14,31416337,0.010683,0.47348803287477165,0.42224197881155784,0.47661579468777904,,,4.66,4.19,0.47,,,polygon
2026-08-25,META,"Meta Platforms, Inc.",Equity,Social Media,563.88,570.8,561.4001,570.05,9769094,0.019731,0.47148016226996126,0.4324631852740098,0.4874160799084767,,,4.64,4.17,0.47,,,polygon
2026-08-24,META,"Meta Platforms, Inc.",Equity,Social Media,550.2,561.42,546.3,559.02,12990583,0.016585,0.46496499670244446,0.42768543898495515,0.4854184768786451,,,4.7,4.24,0.46,,,polygon
2026-08-21,META,"Meta Platforms, Inc.",Equity,Social Media,546.885,553.8733,543.23,549.9,13848015,0.007457,0.46218792633249445,0.42425348582066946,0.4838985847185325,,,4.74,4.24,0.5,,,polygon
2026-08-20,META,"Meta Platforms, Inc.",Equity,Social Media,546.95,549.988,539.31,545.83,13872173,-0.000366,0.47089274445898854,0.46237423609153927,0.4901306688882716,,,4.69,4.19,0.5,,,polygon
2026-08-19,META,"Meta Platforms, Inc.",Equity,Social Media,541.34,554.07,537.27,546.03,16971739,0.004341,0.4750518620988739,0.48520692946107746,0.4902424256624077,,,4.65,4.19,0.46,,,polygon
2026-08-18,META,"Meta Platforms, Inc.",Equity,Social Media,557.48,560.66,543.21,543.67,27094871,-0.044466,0.47333780438793427,0.4871251531817676,0.490264607495612,,,4.71,4.19,0.52,,,polygon
2026-08-17,META,"Meta Platforms, Inc.",Equity,Social Media,589.75,590.24,564.75,568.97,17225609,-0.035399,0.45398520842412254,0.47796247545790527,0.48186110253707193,,,4.72,4.19,0.53,,,polygon
2026-08-14,META,"Meta Platforms, Inc.",Equity,Social Media,596.98,601.86,589.29,589.85,8757974,-0.008605,0.4482851938599819,0.4748278985247751,0.47639178933586424,,,4.68,4.17,0.51,,,polygon
2026-08-13,META,"Meta Platforms, Inc.",Equity,Social Media,580.71,595.85,579.39,594.97,11164157,0.027848,0.45316267902270685,0.49648558836316375,0.4769368180097033,,,4.63,4.15,0.48,,,polygon
2026-08-12,META,"Meta Platforms, Inc.",Equity,Social Media,601.065,604.499,578.21,578.85,16186915,-0.033833,0.4558337967958541,0.5494692463916193,0.4734459728120498,,,4.68,4.2,0.48,,,polygon
2026-08-11,META,"Meta Platforms, Inc.",Equity,Social Media,598.0,612.43,593.4,599.12,13146894,0.00706,0.44600056914583497,0.5391704374227209,0.4684747039677868,,,4.7,4.22,0.48,,,polygon
2026-08-10,META,"Meta Platforms, Inc.",Equity,Social Media,599.13,608.21,592.0301,594.92,14967328,0.004763,0.4466629358854959,0.5421594452422914,0.4682666298994256,,,4.72,4.25,0.47,,,polygon
2026-08-07,META,"Meta Platforms, Inc.",Equity,Social Media,585.64,598.7399,585.62,592.1,11250258,0.003729,0.4974697550612013,0.543053533957546,0.47050919661945523,,,4.65,4.19,0.46,,,polygon
2026-08-06,META,"Meta Platforms, Inc.",Equity,Social Media,586.95,595.31,585.995,589.9,11811461,0.001919,0.5254505771232936,0.5498560807622386,0.4706696852089285,,,4.69,4.25,0.44,,,polygon
2026-08-05,META,"Meta Platforms, Inc.",Equity,Social Media,600.455,601.0,580.12,588.77,14897162,0.001412,0.5295523495775669,0.5506135220937274,0.472018140897239,,,4.63,4.18,0.45,,,polygon
2026-08-04,META,"Meta Platforms, Inc.",Equity,Social Media,581.5,592.787,578.25,587.94,17959238,-0.003897,0.5378681286819714,0.5507660707192309,0.4725472507363862,,,4.63,4.2,0.43,,,polygon
2026-08-03,META,"Meta Platforms, Inc.",Equity,Social Media,562.24,597.52,559.36,590.24,25938067,0.060229,0.5478724880651754,0.5552892125350456,0.4727293327100775,,,4.7,4.25,0.45,,,polygon
2026-07-31,META,"Meta Platforms, Inc.",Equity,Social Media,543.6,558.33,540.22,556.71,24261457,0.0328,0.5323216160235495,0.5302112770622106,0.4573786243694268,,,4.75,4.28,0.47,3.63,332.813,polygon
2026-07-30,META,"Meta Platforms, Inc.",Equity,Social Media,526.0,539.88,524.49,539.03,42271465,-0.079541,0.603683501703547,0.5440451434659722,0.4521956765444731,,,4.68,4.23,0.45,3.63,332.813,polygon
2026-07-29,META,"Meta Platforms, Inc.",Equity,Social Media,593.25,599.97,582.22,585.61,22371067,-0.013144,0.52734711705856,0.490603838399384,0.41972095205695986,,,4.67,4.22,0.45,3.63,332.813,polygon
2026-07-28,META,"Meta Platforms, Inc.",Equity,Social Media,596.82,601.0,587.0,593.41,12009255,-0.000775,0.5288094957976274,0.5067081079078013,0.419013774307882,,,4.61,4.26,0.35,3.63,332.813,polygon
2026-07-27,META,"Meta Platforms, Inc.",Equity,Social Media,607.22,611.26,593.13,593.87,11195251,-0.002218,0.5296349120862837,0.5068043238931479,0.4568851874018649,,,4.65,4.31,0.34,3.63,332.813,polygon
2026-07-24,META,"Meta Platforms, Inc.",Equity,Social Media,605.3,609.98,594.45,595.19,11503473,-0.018,0.5402410465859033,0.5069887787088401,0.45689303594352243,,,4.69,4.33,0.36,3.63,332.813,polygon
2026-07-23,META,"Meta Platforms, Inc.",Equity,Social Media,608.41,614.65,597.22,606.1,15494842,-0.033595,0.536357887395342,0.509032247078049,0.4560279258606403,,,4.71,4.37,0.34,3.63,332.813,polygon
2026-07-22,META,"Meta Platforms, Inc.",Equity,Social Media,647.7,648.998,624.0,627.17,11019559,-0.025846,0.5192972665115825,0.49798005568659404,0.4512406630991615,,,4.67,4.31,0.36,3.63,332.813,polygon
2026-07-21,META,"Meta Platforms, Inc.",Equity,Social Media,654.18,655.88,643.2,643.81,9140455,-0.003159,0.5172948072985935,0.4928430424225435,0.45106036523176596,,,4.63,4.26,0.37,3.63,332.813,polygon
2026-07-20,META,"Meta Platforms, Inc.",Equity,Social Media,646.7,653.3,636.0105,645.85,10225186,-0.000248,0.5178615436099504,0.5219423259102305,0.4534800150808835,,,4.6,4.21,0.39,3.63,332.813,polygon
2026-07-17,META,"Meta Platforms, Inc.",Equity,Social Media,647.7,652.2,626.0,646.01,22267862,-0.027884,0.5606409789718493,0.5222534061016808,0.4538957638748319,,,4.55,4.18,0.37,3.63,332.813,polygon
2026-07-16,META,"Meta Platforms, Inc.",Equity,Social Media,677.275,681.9,660.16,664.54,15815978,-0.024614,0.5490118667561619,0.5271764301075114,0.4502505912678125,,,4.57,4.16,0.41,3.63,332.813,polygon
2026-07-15,META,"Meta Platforms, Inc.",Equity,Social Media,663.6,686.08,656.6601,681.31,19003379,0.030664,0.5543528618193776,0.520916739348747,0.4504975752807672,,,4.55,4.13,0.42,3.63,332.813,polygon
2026-07-14,META,"Meta Platforms, Inc.",Equity,Social Media,652.0,666.5,649.05,661.04,16748239,0.006563,0.5499747051688034,0.5394127861222914,0.4475154519247257,,,4.58,4.18,0.4,3.63,332.813,polygon
2026-07-13,META,"Meta Platforms, Inc.",Equity,Social Media,661.38,676.62,654.2,656.73,19840702,-0.018649,0.5514600081015549,0.5394498535085015,0.4476097974165982,,,4.62,4.26,0.36,3.63,332.813,polygon
2026-07-10,META,"Meta Platforms, Inc.",Equity,Social Media,660.335,677.86,658.01,669.21,40608860,0.059749,0.5544509728512518,0.5361534009637174,0.44683607031740963,,,4.56,4.21,0.35,3.63,332.813,polygon
2026-07-09,META,"Meta Platforms, Inc.",Equity,Social Media,583.99,633.27,577.07,631.48,26579689,0.047022,0.522040072035981,0.5200349277144202,0.4395748097580927,,,4.54,4.16,0.38,3.63,332.813,polygon
2026-07-08,META,"Meta Platforms, Inc.",Equity,Social Media,614.385,616.0,598.0105,603.12,13606507,-0.020241,0.5012968686733437,0.5024179316843205,0.42931170178693884,,,4.56,4.21,0.35,3.63,332.813,polygon
2026-07-07,META,"Meta Platforms, Inc.",Equity,Social Media,607.59,625.37,603.66,615.58,18560849,0.025471,0.5351915940296785,0.4989716165177067,0.4273752787805789,,,4.55,4.19,0.36,3.63,332.813,polygon
2026-07-06,META,"Meta Platforms, Inc.",Equity,Social Media,594.84,603.58,581.76,600.29,17674068,0.029834,0.5277644371460648,0.4935955762437608,0.42752745836554396,,,4.48,4.13,0.35,3.63,332.813,polygon
2026-07-02,META,"Meta Platforms, Inc.",Equity,Social Media,607.895,610.0,580.42,582.9,21750522,-0.048963,0.538371203632352,0.48576527066161584,0.4427589842522345,,,4.49,4.14,0.35,3.63,332.813,polygon
2026-07-01,META,"Meta Platforms, Inc.",Equity,Social Media,607.91,628.28,595.1,612.91,45536306,0.08809,0.5084216083139788,0.4648983083126914,0.43013370474267404,,,4.48,4.17,0.31,3.63,332.813,polygon
2026-06-30,META,"Meta Platforms, Inc.",Equity,Social Media,560.94,565.535,551.43,563.29,18111082,0.001226,0.44150782644117587,0.39017779690170323,0.3935666513368824,,,4.44,4.14,0.3,3.63,332.568,polygon
2026-06-29,META,"Meta Platforms, Inc.",Equity,Social Media,560.0,570.9,558.0,562.6,15011399,0.022444,0.44085513946210586,0.39013743317512817,0.3938875354712865,,,4.38,4.1,0.28,3.63,332.568,polygon
2026-06-26,META,"Meta Platforms, Inc.",Equity,Social Media,543.34,556.85,540.4,550.25,18867706,0.013594,0.42967779116531,0.38319105953541316,0.39197573408855385,,,4.38,4.07,0.31,3.63,332.568,polygon
2026-06-25,META,"Meta Platforms, Inc.",Equity,Social Media,555.553,556.34,540.18,542.87,16968639,-0.026539,0.45057073674601217,0.38749667369108465,0.41321453306845757,,,4.4,4.09,0.31,3.63,332.568,polygon
2026-06-24,META,"Meta Platforms, Inc.",Equity,Social Media,561.89,569.04,555.55,557.67,13963570,-0.008058,0.44482762612141363,0.38210573955720806,0.4112661159556241,,,4.41,4.11,0.3,3.63,332.568,polygon
2026-06-23,META,"Meta Platforms, Inc.",Equity,Social Media,562.245,572.2,561.02,562.2,13103316,-0.002926,0.44566433417470136,0.3844054146431337,0.41966889057235546,,,4.5,4.16,0.34,3.63,332.568,polygon
2026-06-22,META,"Meta Platforms, Inc.",Equity,Social Media,572.02,575.81,559.81,563.85,15405511,-0.023163,0.4464218121541516,0.3852921107073612,0.4531147201986483,,,4.51,4.24,0.27,3.63,332.568,polygon
2026-06-18,META,"Meta Platforms, Inc.",Equity,Social Media,572.82,580.215,563.1,577.22,28824630,0.016984,0.44096881032919966,0.3812166034714987,0.45074086584972595,,,4.46,4.19,0.27,3.63,332.568,polygon
2026-06-17,META,"Meta Platforms, Inc.",Equity,Social Media,592.002,593.81,566.19,567.58,20478308,-0.054364,0.43729923360286543,0.3797288190773238,0.4507890451038349,,,4.49,4.2,0.29,3.63,332.568,polygon
2026-06-16,META,"Meta Platforms, Inc.",Equity,Social Media,593.65,605.81,592.0,600.21,11344421,0.01134,0.3938756634049029,0.34472817169176145,0.43751684281331565,,,4.43,4.05,0.38,3.63,332.568,polygon
2026-06-15,META,"Meta Platforms, Inc.",Equity,Social Media,579.9,601.27,579.2975,593.48,17653258,0.046739,0.3916930623765594,0.34306397431021685,0.43916775601217406,,,4.47,4.07,0.4,3.63,332.568,polygon
2026-06-12,META,"Meta Platforms, Inc.",Equity,Social Media,572.95,576.07,560.9,566.98,14347769,-0.002551,0.3521769195473585,0.3135232873773784,0.42945225455341424,,,4.48,4.09,0.39,3.63,332.568,polygon
2026-06-11,META,"Meta Platforms, Inc.",Equity,Social Media,565.83,572.17,557.01,568.43,17627966,-0.004466,0.36383813239625473,0.40204206502115386,0.4299261351651852,,,4.45,4.05,0.4,3.63,332.568,polygon
2026-06-10,META,"Meta Platforms, Inc.",Equity,Social Media,580.73,591.32,570.6,570.98,17064048,-0.023281,0.3653101176729149,0.4020803605583185,0.4300693788158723,,,4.55,4.13,0.42,3.63,332.568,polygon
2026-06-09,META,"Meta Platforms, Inc.",Equity,Social Media,591.0,597.63,581.01,584.59,16977383,-0.001367,0.3616226366943456,0.3987583185524289,0.43028874441416715,,,4.53,4.13,0.4,3.63,332.568,polygon
2026-06-08,META,"Meta Platforms, Inc.",Equity,Social Media,592.0,592.0,579.22,585.39,19512436,-0.012833,0.3631668256646834,0.3997499199639179,0.437386632637439,,,4.56,4.15,0.41,3.63,332.568,polygon
2026-06-05,META,"Meta Platforms, Inc.",Equity,Social Media,623.46,629.145,582.91,593.0,30091610,-0.055085,0.3623404681192222,0.40732715743708,0.4396221397210059,,,4.55,4.17,0.38,3.63,332.568,polygon
2026-06-04,META,"Meta Platforms, Inc.",Equity,Social Media,623.67,642.4,622.43,627.57,21469248,0.007368,0.3046558364661734,0.3800969873980991,0.4244296851219055,,,4.47,4.05,0.42,3.63,332.568,polygon
2026-06-03,META,"Meta Platforms, Inc.",Equity,Social Media,603.0,624.15,600.27,622.98,23020056,0.042418,0.3061179475471924,0.38043381480913535,0.42470825954874286,,,4.49,4.08,0.41,3.63,332.568,polygon
2026-06-02,META,"Meta Platforms, Inc.",Equity,Social Media,603.24,608.88,596.68,597.63,18251964,-0.00473,0.2685197247575187,0.35693526681252274,0.4156498026647141,,,4.46,4.05,0.41,3.63,332.568,polygon
2026-06-01,META,"Meta Platforms, Inc.",Equity,Social Media,630.4,635.7499,599.53,600.47,29138805,-0.050655,0.26860478771477847,0.3626414138706536,0.41821931565953485,,,4.47,4.05,0.42,3.63,332.568,polygon
2026-05-29,META,"Meta Platforms, Inc.",Equity,Social Media,633.5,634.5,623.35,632.51,19806536,-0.004376,0.37022787198660917,0.33862419661526794,0.4053401623525262,,,4.45,3.98,0.47,3.63,333.979,polygon
2026-05-28,META,"Meta Platforms, Inc.",Equity,Social Media,639.495,643.0,629.31,635.29,16772379,5.5e-05,0.3701842174915287,0.33981043505971104,0.4073365227778486,,,4.45,3.99,0.46,3.63,333.979,polygon
2026-05-27,META,"Meta Platforms, Inc.",Equity,Social Media,609.395,638.4999,609.0,635.255,23143594,0.037422,0.37109775307118537,0.342736519929438,0.40737650621852456,,,4.48,4.0,0.48,3.63,333.979,polygon
2026-05-26,META,"Meta Platforms, Inc.",Equity,Social Media,608.89,614.47,605.3001,612.34,12234166,0.003408,0.3434785203112076,0.349343096885559,0.4003867951632289,,,4.5,4.01,0.49,3.63,333.979,polygon
2026-05-22,META,"Meta Platforms, Inc.",Equity,Social Media,607.88,614.81,606.95,610.26,11688623,0.004742,0.35652354261180913,0.3499881926388341,0.4011041915386202,,,4.56,4.13,0.43,3.63,333.979,polygon
2026-05-21,META,"Meta Platforms, Inc.",Equity,Social Media,600.0,609.6,594.8083,607.38,13476078,0.003834,0.36142132617022443,0.3497130613130481,0.4011260778001553,,,4.57,4.08,0.49,3.63,333.979,polygon
2026-05-20,META,"Meta Platforms, Inc.",Equity,Social Media,600.755,608.0,597.81,605.06,11329709,0.004066,0.3633361006269605,0.3580825129530814,0.4038867530784716,,,4.57,4.04,0.53,3.63,333.979,polygon
2026-05-19,META,"Meta Platforms, Inc.",Equity,Social Media,608.92,613.93,600.55,602.61,11749947,-0.01407,0.36198866041106076,0.4024108785102033,0.4038459809312958,,,4.67,4.13,0.54,3.63,333.979,polygon
2026-05-18,META,"Meta Platforms, Inc.",Equity,Social Media,609.105,615.59,603.69,611.21,13772443,-0.004917,0.3679553943258662,0.39965897534068345,0.4069028837580454,,,4.61,4.07,0.54,3.63,333.979,polygon
2026-05-15,META,"Meta Platforms, Inc.",Equity,Social Media,613.99,621.1999,609.31,614.23,13272567,-0.006791,0.3763411472079002,0.3993479968775891,0.40846692575133514,,,4.59,4.09,0.5,3.63,333.979,polygon
2026-05-14,META,"Meta Platforms, Inc.",Equity,Social Media,616.0,623.73,615.0,618.43,10651173,0.002919,0.3786854588333016,0.3996564476912221,0.4083254904296256,,,4.47,4.0,0.47,3.63,333.979,polygon
2026-05-13,META,"Meta Platforms, Inc.",Equity,Social Media,598.83,619.9,596.6601,616.63,14634394,0.022604,0.3829186266391128,0.40073714295585633,0.40849858126428035,,,4.46,3.98,0.48,3.63,333.979,polygon
2026-05-12,META,"Meta Platforms, Inc.",Equity,Social Media,594.815,603.745,592.6,603.0,11351559,0.006913,0.40655777171776597,0.43598293890914824,0.40568814343839066,,,4.46,4.0,0.46,3.63,333.979,polygon
2026-05-11,META,"Meta Platforms, Inc.",Equity,Social Media,604.57,604.9069,598.0801,598.86,15940622,-0.017666,0.4067050862088789,0.4384356057061164,0.4064364201563363,,,4.42,3.95,0.47,3.63,333.979,polygon
2026-05-08,META,"Meta Platforms, Inc.",Equity,Social Media,615.2,616.77,606.0601,609.63,13556963,-0.011641,0.40305314652518376,0.4532200333408703,0.4089047354705818,,,4.38,3.9,0.48,3.63,333.979,polygon
2026-05-07,META,"Meta Platforms, Inc.",Equity,Social Media,614.72,624.98,613.5401,616.81,12307372,0.006412,0.4118189145786752,0.5166797084670927,0.4083694929493612,,,4.41,3.92,0.49,3.63,333.979,polygon
2026-05-06,META,"Meta Platforms, Inc.",Equity,Social Media,601.05,619.95,598.1,612.88,19915460,0.013092,0.46542789141783397,0.5164883561281187,0.4083856151240371,,,4.36,3.87,0.49,3.63,333.979,polygon
2026-05-05,META,"Meta Platforms, Inc.",Equity,Social Media,613.31,614.35,600.36,604.96,17171301,-0.008928,0.4640251158856918,0.5182835498457511,0.41056820989144727,,,4.43,3.93,0.5,3.63,333.979,polygon
2026-05-04,META,"Meta Platforms, Inc.",Equity,Social Media,607.935,614.0,602.7501,610.41,16203902,0.002735,0.4625362497950458,0.5199193467808099,0.410981819309887,,,4.45,3.95,0.5,3.63,333.979,polygon
2026-05-01,META,"Meta Platforms, Inc.",Equity,Social Media,614.69,618.88,606.11,608.745,21404028,-0.005172,0.4641508754967944,0.5239986417810943,0.4109455065375093,,,4.39,3.88,0.51,3.63,333.979,polygon
2026-04-30,META,"Meta Platforms, Inc.",Equity,Social Media,619.32,620.85,600.0,611.91,52764984,-0.0855,0.4645264521829672,0.525556071278616,0.41603590644902355,,,4.4,3.88,0.52,3.64,332.407,polygon
2026-04-29,META,"Meta Platforms, Inc.",Equity,Social Media,668.91,674.25,663.8084,669.12,18947464,-0.003307,0.3754487862403389,0.4543208554443743,0.3764533188936109,,,4.42,3.92,0.5,3.64,332.407,polygon
2026-04-28,META,"Meta Platforms, Inc.",Equity,Social Media,674.24,678.18,665.625,671.34,10606755,-0.010728,0.3733193814999911,0.4549706893288694,0.37740828299916995,,,4.36,3.84,0.52,3.64,332.407,polygon
2026-04-27,META,"Meta Platforms, Inc.",Equity,Social Media,670.995,682.5,670.84,678.62,12805222,0.005318,0.4086208074668145,0.4567754284002859,0.3815446350130559,,,4.35,3.78,0.57,3.64,332.407,polygon
2026-04-24,META,"Meta Platforms, Inc.",Equity,Social Media,660.32,680.67,653.8401,675.03,13348279,0.024092,0.5209124754916215,0.47296696323391946,0.4333631939941692,,,4.31,3.78,0.53,3.64,332.407,polygon
2026-04-23,META,"Meta Platforms, Inc.",Equity,Social Media,663.7,669.56,653.05,659.15,11666981,-0.023076,0.5169169234937381,0.47482440907226997,0.43073111817888765,,,4.34,3.83,0.51,3.64,332.407,polygon
2026-04-22,META,"Meta Platforms, Inc.",Equity,Social Media,674.355,678.38,669.75,674.72,9215603,0.008791,0.513893117703167,0.4695390616656814,0.4280589938523636,,,4.3,3.79,0.51,3.64,332.407,polygon
2026-04-21,META,"Meta Platforms, Inc.",Equity,Social Media,671.0,676.2,667.33,668.84,8660100,-0.003085,0.5154929901225757,0.4697754808368039,0.4297386024282143,,,4.3,3.78,0.52,3.64,332.407,polygon
2026-04-20,META,"Meta Platforms, Inc.",Equity,Social Media,681.36,683.38,668.0,670.91,12533951,-0.025619,0.5234686354969461,0.46967302502362795,0.4310478679316021,,,4.26,3.72,0.54,3.64,332.407,polygon
2026-04-17,META,"Meta Platforms, Inc.",Equity,Social Media,678.6,691.52,675.13,688.55,16283480,0.017256,0.5165436463522373,0.4687536501030976,0.44156674518621275,,,4.26,3.71,0.55,3.64,332.407,polygon
2026-04-16,META,"Meta Platforms, Inc.",Equity,Social Media,675.99,677.58,667.75,676.87,9544835,0.007877,0.5177421954028975,0.46759103049489253,0.4412194414438706,,,4.32,3.78,0.54,3.64,332.407,polygon
2026-04-15,META,"Meta Platforms, Inc.",Equity,Social Media,667.0,678.5,664.22,671.58,14952577,0.013721,0.519067044083896,0.4702761025225165,0.44480055061077933,,,4.29,3.76,0.53,3.64,332.407,polygon
2026-04-14,META,"Meta Platforms, Inc.",Equity,Social Media,643.22,666.26,639.3705,662.49,17817956,0.044064,0.5220438600252193,0.46874151752792065,0.44407991664949975,,,4.26,3.76,0.5,3.64,332.407,polygon
2026-04-13,META,"Meta Platforms, Inc.",Equity,Social Media,629.5,635.0,624.4,634.53,9538931,0.007414,0.5213944375334996,0.4517486238629901,0.4356736886341755,,,4.3,3.78,0.52,3.64,332.407,polygon
2026-04-10,META,"Meta Platforms, Inc.",Equity,Social Media,634.47,638.58,624.33,629.86,13294844,0.002339,0.5278854814973598,0.4525581887197462,0.43853110483206076,,,4.31,3.81,0.5,3.64,332.407,polygon
2026-04-09,META,"Meta Platforms, Inc.",Equity,Social Media,626.97,637.5,623.0,628.39,19012912,0.026077,0.5277870095114483,0.4528234289611587,0.43988847334665504,,,4.29,3.78,0.51,3.64,332.407,polygon
2026-04-08,META,"Meta Platforms, Inc.",Equity,Social Media,606.0,629.95,591.83,612.42,32036638,0.064986,0.5202398125516176,0.45112409331233433,0.437793374473652,,,4.29,3.79,0.5,3.64,332.407,polygon
2026-04-07,META,"Meta Platforms, Inc.",Equity,Social Media,572.48,575.225,564.76,575.05,9580843,0.003543,0.4635387622570782,0.4082092118742316,0.4177993806524366,,,4.33,3.81,0.52,3.64,332.407,polygon
2026-04-06,META,"Meta Platforms, Inc.",Equity,Social Media,577.69,582.79,572.0,573.02,9515651,-0.002507,0.4666450870107435,0.41397181920027765,0.41766412438878797,,,4.34,3.84,0.5,3.64,332.407,polygon
2026-04-02,META,"Meta Platforms, Inc.",Equity,Social Media,566.035,578.5,559.7,574.46,13518547,-0.008235,0.4665731266157836,0.41850401018894867,0.41897474732754475,,,4.31,3.79,0.52,3.64,332.407,polygon
2026-04-01,META,"Meta Platforms, Inc.",Equity,Social Media,580.13,592.5465,573.82,579.23,23608128,0.01241,0.4753252677786218,0.418669961781574,0.4189172739405705,,,4.33,3.81,0.52,3.64,332.407,polygon
2026-03-31,META,"Meta Platforms, Inc.",Equity,Social Media,549.98,573.69,546.77,572.13,32898272,0.066651,0.4717490183725028,0.41701475562004175,0.4189875263112506,,,4.3,3.79,0.51,3.64,330.293,polygon
2026-03-30,META,"Meta Platforms, Inc.",Equity,Social Media,536.38,539.55,528.54,536.38,22795203,0.020277,0.4000858102236487,0.3637275008740844,0.3959864596007794,,,4.35,3.82,0.53,3.64,330.293,polygon
2026-03-27,META,"Meta Platforms, Inc.",Equity,Social Media,540.1,543.5999,520.26,525.72,30133010,-0.039851,0.3859867563504822,0.3562233559307923,0.3930699444702089,,,4.44,3.88,0.56,3.64,330.293,polygon
2026-03-26,META,"Meta Platforms, Inc.",Equity,Social Media,582.49,583.0,543.35,547.54,35780131,-0.079595,0.3734311562635856,0.3479751266480633,0.3866546338560291,,,4.42,3.96,0.46,3.64,330.293,polygon
2026-03-25,META,"Meta Platforms, Inc.",Equity,Social Media,598.74,603.67,593.4,594.89,12585031,0.003323,0.27339551821468405,0.2622825893188615,0.3491627338731334,,,4.33,3.84,0.49,3.64,330.293,polygon
2026-03-24,META,"Meta Platforms, Inc.",Equity,Social Media,599.1,601.0,591.0,592.92,10739742,-0.018442,0.27336304017068885,0.2618306581866593,0.34912082986219245,,,4.39,3.9,0.49,3.64,330.293,polygon
2026-03-23,META,"Meta Platforms, Inc.",Equity,Social Media,605.787,608.64,599.01,604.06,13637959,0.017518,0.28225843181151744,0.270359786766783,0.34758478107185053,,,4.34,3.83,0.51,3.64,330.293,polygon
2026-03-20,META,"Meta Platforms, Inc.",Equity,Social Media,603.53,603.955,587.25,593.66,21214898,-0.021493,0.2816647630087482,0.2647646740387977,0.34563681137188507,,,4.39,3.88,0.51,3.64,330.293,polygon
2026-03-19,META,"Meta Platforms, Inc.",Equity,Social Media,612.15,613.0,602.26,606.7,13247696,-0.014585,0.2747808312361421,0.25984775384748754,0.34332531652853265,,,4.25,3.79,0.46,3.64,330.293,polygon
2026-03-18,META,"Meta Platforms, Inc.",Equity,Social Media,616.34,622.65,614.61,615.68,11726301,-0.01121,0.2728699560089888,0.2723409768523256,0.342540444151281,,,4.26,3.76,0.5,3.64,330.293,polygon
2026-03-17,META,"Meta Platforms, Inc.",Equity,Social Media,627.985,636.55,621.7,622.66,10348755,-0.007634,0.2706890392855499,0.2760917874226567,0.34538381037641097,,,4.2,3.68,0.52,3.64,330.293,polygon
2026-03-16,META,"Meta Platforms, Inc.",Equity,Social Media,632.0,634.75,623.1004,627.45,15134852,0.022388,0.27439549019373966,0.2774442527422933,0.3458313100174063,,,4.23,3.68,0.55,3.64,330.293,polygon
2026-03-13,META,"Meta Platforms, Inc.",Equity,Social Media,623.89,629.1699,609.55,613.71,18957637,-0.038343,0.2752639339639904,0.2751975247164727,0.3440723928536286,,,4.28,3.73,0.55,3.64,330.293,polygon
2026-03-12,META,"Meta Platforms, Inc.",Equity,Social Media,648.75,653.5,636.9,638.18,11617485,-0.025471,0.24404498270107328,0.39604565136648084,0.3349106055049811,,,4.27,3.76,0.51,3.64,330.293,polygon
2026-03-11,META,"Meta Platforms, Inc.",Equity,Social Media,654.76,659.12,648.36,654.86,8977162,0.001208,0.23054225909851914,0.3896567598777263,0.33174958526557125,,,4.21,3.64,0.57,3.64,330.293,polygon
2026-03-10,META,"Meta Platforms, Inc.",Equity,Social Media,653.56,660.3,649.0,654.07,9859250,0.010318,0.2464102460749611,0.3896435602317205,0.3318384151569315,,,4.15,3.57,0.58,3.64,330.293,polygon
2026-03-09,META,"Meta Platforms, Inc.",Equity,Social Media,634.78,647.75,626.78,647.39,13489742,0.003923,0.2468237064801244,0.39327786870260417,0.33184393953020297,,,4.12,3.56,0.56,3.64,330.293,polygon
2026-03-06,META,"Meta Platforms, Inc.",Equity,Social Media,647.9,649.47,636.11,644.86,13159356,-0.023782,0.24633496751182526,0.39640861700678287,0.33306847743828244,,,4.15,3.56,0.59,3.64,330.293,polygon
2026-03-05,META,"Meta Platforms, Inc.",Equity,Social Media,661.93,670.7,650.31,660.57,13341367,-0.010723,0.25876695653913845,0.4204701043256592,0.33004571503083174,,,4.13,3.57,0.56,3.64,330.293,polygon
2026-03-04,META,"Meta Platforms, Inc.",Equity,Social Media,657.96,672.77,657.6711,667.73,10810054,0.019311,0.265415190213511,0.419924643592591,0.3313749744988127,,,4.09,3.54,0.55,3.64,330.293,polygon
2026-03-03,META,"Meta Platforms, Inc.",Equity,Social Media,648.29,659.04,638.84,655.08,12263754,0.002326,0.255839204337187,0.425710602335289,0.33625385320702295,,,4.06,3.51,0.55,3.64,330.293,polygon
2026-03-02,META,"Meta Platforms, Inc.",Equity,Social Media,637.16,659.94,634.5,653.56,9816125,0.0083,0.2694695603891338,0.4257793384333172,0.33713168107398106,,,4.05,3.47,0.58,3.64,330.293,polygon
2026-02-27,META,"Meta Platforms, Inc.",Equity,Social Media,643.45,649.44,638.12,648.18,15703041,-0.01344,0.45115373996877534,0.4258169405690076,0.33728852614326016,,,3.97,3.38,0.59,3.64,327.46,polygon
2026-02-26,META,"Meta Platforms, Inc.",Equity,Social Media,650.55,661.0,647.5,657.01,10637736,0.005079,0.44941634997733976,0.43064708588794287,0.33688660563510997,,,4.02,3.42,0.6,3.64,327.46,polygon
2026-02-25,META,"Meta Platforms, Inc.",Equity,Social Media,642.53,653.88,642.14,653.69,11330693,0.022509,0.4489230167777944,0.43375944639404923,0.33980386574200816,,,4.05,3.45,0.6,3.64,327.46,polygon
2026-02-24,META,"Meta Platforms, Inc.",Equity,Social Media,633.08,641.11,628.98,639.3,10135647,0.003217,0.4477572837657937,0.4316876781733676,0.33688304463016666,,,4.04,3.43,0.61,3.64,327.46,polygon
2026-02-23,META,"Meta Platforms, Inc.",Equity,Social Media,652.54,657.7,636.0,637.25,8605909,-0.028079,0.45210384724410446,0.43284008625360915,0.3452815214090804,,,4.03,3.43,0.6,3.64,327.46,polygon
2026-02-20,META,"Meta Platforms, Inc.",Equity,Social Media,639.685,663.3499,638.78,655.66,14183512,0.016874,0.4793285129110026,0.42481413878325064,0.34542229054074985,,,4.08,3.48,0.6,3.64,327.46,polygon
2026-02-19,META,"Meta Platforms, Inc.",Equity,Social Media,638.57,647.19,636.72,644.78,10035698,0.002425,0.47860439614444317,0.42518505883834623,0.34430634911595387,,,4.08,3.47,0.61,3.64,327.46,polygon
2026-02-18,META,"Meta Platforms, Inc.",Equity,Social Media,633.8,645.0,628.145,643.22,14649196,0.006147,0.48937590341114984,0.4252094995663747,0.3443745526402812,,,4.09,3.47,0.62,3.64,327.46,polygon
2026-02-17,META,"Meta Platforms, Inc.",Equity,Social Media,639.495,642.6,628.8,639.29,12674739,-0.00075,0.4891850400411842,0.42659164606001754,0.34538813467981755,,,4.05,3.43,0.62,3.64,327.46,polygon
2026-02-13,META,"Meta Platforms, Inc.",Equity,Social Media,645.1,651.4299,634.57,639.77,12336363,-0.015451,0.48972962834909994,0.42857321704755225,0.3457902934852086,,,4.04,3.4,0.64,3.64,327.46,polygon
2026-02-12,META,"Meta Platforms, Inc.",Equity,Social Media,669.97,676.0,645.28,649.81,14960108,-0.028234,0.4950013307560277,0.4270312718728443,0.3451844783023992,,,4.09,3.47,0.62,3.64,327.46,polygon
2026-02-11,META,"Meta Platforms, Inc.",Equity,Social Media,674.0,679.2675,657.1,668.69,14323818,-0.003027,0.4877367006982656,0.4199767291501818,0.3396179516611697,,,4.18,3.52,0.66,3.64,327.46,polygon
2026-02-10,META,"Meta Platforms, Inc.",Equity,Social Media,677.6,680.65,669.79,670.72,10455816,-0.009598,0.4919736695214098,0.42041798756787196,0.33948482342436404,,,4.16,3.45,0.71,3.64,327.46,polygon
2026-02-09,META,"Meta Platforms, Inc.",Equity,Social Media,663.18,683.3099,658.78,677.22,14837529,0.023826,0.49135052190683465,0.4198513999118718,0.3445957335966718,,,4.22,3.48,0.74,3.64,327.46,polygon
2026-02-06,META,"Meta Platforms, Inc.",Equity,Social Media,665.49,671.9899,646.5001,661.46,18159253,-0.013056,0.4855414647448484,0.41429765880347125,0.3418847587692511,,,4.22,3.5,0.72,3.64,327.46,polygon
2026-02-05,META,"Meta Platforms, Inc.",Equity,Social Media,663.58,681.5,653.5,670.21,17131791,0.001824,0.4877114307007901,0.4127154303407884,0.3420444929248044,,,4.21,3.47,0.74,3.64,327.46,polygon
2026-02-04,META,"Meta Platforms, Inc.",Equity,Social Media,687.73,688.83,667.46,668.99,16882761,-0.032832,0.48775051001401004,0.4128373928407366,0.34210620475018005,,,4.29,3.57,0.72,3.64,327.46,polygon
2026-02-03,META,"Meta Platforms, Inc.",Equity,Social Media,707.37,717.0,686.41,691.7,13760663,-0.020824,0.47306685889609984,0.40123784965019627,0.33962322108316295,,,4.28,3.57,0.71,3.64,327.46,polygon
2026-02-02,META,"Meta Platforms, Inc.",Equity,Social Media,714.6,721.3,703.5201,706.41,14365224,-0.014082,0.4695485711667057,0.40008546442903176,0.33726682542887915,,,4.29,3.57,0.72,3.64,327.46,polygon
2026-01-30,META,"Meta Platforms, Inc.",Equity,Social Media,727.5,732.17,713.59,716.5,23744573,-0.02954,0.46741170578828717,0.39923661961024803,0.3377571993567831,,,4.26,3.52,0.74,3.64,326.588,polygon
2026-01-29,META,"Meta Platforms, Inc.",Equity,Social Media,737.43,744.0,712.55,738.31,59852903,0.104048,0.45172733823753414,0.3881389269056565,0.3334265879365123,,,4.24,3.53,0.71,3.64,326.588,polygon
2026-01-28,META,"Meta Platforms, Inc.",Equity,Social Media,674.5,677.6775,666.1,668.73,25709600,-0.0063,0.29831086099548,0.2651827087012093,0.27160940731914845,,,4.26,3.56,0.7,3.64,326.588,polygon
2026-01-27,META,"Meta Platforms, Inc.",Equity,Social Media,674.59,676.815,664.66,672.97,13297350,0.000907,0.29833412774617835,0.26756988897706896,0.36680576267879805,,,4.24,3.53,0.71,3.64,326.588,polygon
2026-01-26,META,"Meta Platforms, Inc.",Equity,Social Media,665.125,675.28,661.2855,672.36,16327378,0.020645,0.2985826605902408,0.2677051171082383,0.36678858910188883,,,4.22,3.56,0.66,3.64,326.588,polygon
2026-01-23,META,"Meta Platforms, Inc.",Equity,Social Media,644.77,666.4899,644.445,658.76,22797723,0.017186,0.2903320534139973,0.26327132498509953,0.36388930482298326,,,4.24,3.6,0.64,3.64,326.588,polygon
2026-01-22,META,"Meta Platforms, Inc.",Equity,Social Media,629.35,660.57,626.55,647.63,21394669,0.056562,0.2840520485421408,0.26165832635058495,0.3638209616944836,,,4.26,3.61,0.65,3.64,326.588,polygon
2026-01-21,META,"Meta Platforms, Inc.",Equity,Social Media,606.74,618.27,600.08,612.96,14494655,0.014633,0.19935551016114675,0.20172072008975786,0.34423501359673214,,,4.26,3.6,0.66,3.64,326.588,polygon
2026-01-20,META,"Meta Platforms, Inc.",Equity,Social Media,607.88,611.4,600.0,604.12,15169565,-0.026006,0.2106295236689854,0.20442848383493295,0.3423940365406363,,,4.3,3.6,0.7,3.64,326.588,polygon
2026-01-16,META,"Meta Platforms, Inc.",Equity,Social Media,624.1762,629.08,620.08,620.25,17012516,-0.000886,0.19618349995963202,0.21851201424499528,0.3390441925522768,,,4.24,3.59,0.65,3.64,326.588,polygon
2026-01-15,META,"Meta Platforms, Inc.",Equity,Social Media,618.48,624.17,614.23,620.8,13076058,0.008578,0.2053505823450859,0.2206724804225331,0.33913674349673384,,,4.17,3.56,0.61,3.64,326.588,polygon
2026-01-14,META,"Meta Platforms, Inc.",Equity,Social Media,626.5,628.45,614.815,615.52,15527875,-0.024672,0.20345097122000552,0.22113907123886323,0.34187497275578127,,,4.15,3.51,0.64,3.64,326.588,polygon
2026-01-13,META,"Meta Platforms, Inc.",Equity,Social Media,642.27,642.27,624.1,631.09,18030395,-0.016948,0.19039477328572812,0.21165797540255388,0.3391566110709124,,,4.18,3.53,0.65,3.64,326.588,polygon
2026-01-12,META,"Meta Platforms, Inc.",Equity,Social Media,652.525,653.97,641.225,641.97,14797197,-0.016982,0.18262390361005973,0.21625006147771136,0.3379142135380135,,,4.19,3.54,0.65,3.64,326.588,polygon
2026-01-09,META,"Meta Platforms, Inc.",Equity,Social Media,645.435,654.95,642.85,653.06,11634944,0.010835,0.17636865652992237,0.21027104017807047,0.3376465240389587,,,4.18,3.54,0.64,3.64,326.588,polygon
2026-01-08,META,"Meta Platforms, Inc.",Equity,Social Media,645.88,647.102,635.72,646.06,11921708,-0.004054,0.1784650308265772,0.2335912817584562,0.33713022678903876,,,4.19,3.49,0.7,3.64,326.588,polygon
2026-01-07,META,"Meta Platforms, Inc.",Equity,Social Media,655.64,659.15,644.81,648.69,12846273,-0.018059,0.18063962155498672,0.24783557633904776,0.33874639957603603,,,4.15,3.47,0.68,3.64,326.588,polygon
2026-01-06,META,"Meta Platforms, Inc.",Equity,Social Media,659.57,665.52,651.9,660.62,11074419,0.002778,0.18243704241757194,0.24002155870961178,0.3458590267328372,,,4.18,3.47,0.71,3.64,326.588,polygon
2026-01-05,META,"Meta Platforms, Inc.",Equity,Social Media,651.01,664.54,647.7512,658.79,12213745,0.012884,0.21675631673176401,0.24059659135737155,0.3490452504784188,,,4.17,3.46,0.71,3.64,326.588,polygon
2026-01-02,META,"Meta Platforms, Inc.",Equity,Social Media,662.725,664.39,643.5,650.41,13726517,-0.014665,0.2171161975005147,0.24334930806700875,0.3482008158116316,,,4.19,3.47,0.72,3.64,326.588,polygon
2025-12-31,META,"Meta Platforms, Inc.",Equity,Social Media,664.75,665.0,659.44,660.09,7940359,-0.008799,0.21227448429284854,0.23955313274864445,0.3471378002836814,,,4.18,3.47,0.71,3.72,326.031,polygon
2025-12-30,META,"Meta Platforms, Inc.",Equity,Social Media,658.69,672.22,657.84,665.95,9187483,0.011022,0.21370672662619988,0.24125210464607283,0.3472107053960433,,,4.14,3.45,0.69,3.72,326.031,polygon
2025-12-29,META,"Meta Platforms, Inc.",Equity,Social Media,658.01,660.25,654.39,658.69,8506477,-0.006935,0.22363756642238,0.24025499208905005,0.34913509733973286,,,4.12,3.45,0.67,3.72,326.031,polygon
2025-12-26,META,"Meta Platforms, Inc.",Equity,Social Media,668.06,668.9499,661.3201,663.29,7133813,-0.006382,0.2224384952427679,0.23858867060309782,0.35031100590684555,,,4.14,3.46,0.68,3.72,326.031,polygon
2025-12-24,META,"Meta Platforms, Inc.",Equity,Social Media,662.53,668.18,662.2,667.55,5627512,0.003925,0.2509838253715532,0.2549040043184185,0.3531085342703722,,,4.15,3.47,0.68,3.72,326.031,polygon
2025-12-23,META,"Meta Platforms, Inc.",Equity,Social Media,660.05,666.0,658.25,664.94,8486847,0.0052,0.2679460109570535,0.25631444576390183,0.3535803357582632,,,4.18,3.48,0.7,3.72,326.031,polygon
2025-12-22,META,"Meta Platforms, Inc.",Equity,Social Media,661.645,673.58,656.65,661.5,15659385,0.004144,0.2681830337437509,0.2595034494883415,0.3532887942589731,,,4.17,3.44,0.73,3.72,326.031,polygon
2025-12-19,META,"Meta Platforms, Inc.",Equity,Social Media,666.42,671.0,658.18,658.77,49977051,-0.008548,0.2694148247681039,0.25952804975549504,0.35320113045914064,,,4.16,3.48,0.68,3.72,326.031,polygon
2025-12-18,META,"Meta Platforms, Inc.",Equity,Social Media,657.025,670.56,656.46,664.45,20260295,0.023018,0.2721944456358045,0.2714249496740877,0.3540344621172833,,,4.12,3.46,0.66,3.72,326.031,polygon
2025-12-17,META,"Meta Platforms, Inc.",Equity,Social Media,655.61,661.23,649.2,649.5,15598548,-0.011641,0.267369270902695,0.26645933309185904,0.35073036703102445,,,4.16,3.49,0.67,3.72,326.031,polygon
2025-12-16,META,"Meta Platforms, Inc.",Equity,Social Media,643.5,662.54,643.2,657.15,14309136,0.014888,0.2678026819287177,0.26877958184773026,0.3508642396440334,,,4.15,3.48,0.67,3.72,326.031,polygon
2025-12-15,META,"Meta Platforms, Inc.",Equity,Social Media,645.7,653.0,638.7001,647.51,15549088,0.005091,0.2650071222524467,0.27015678289013983,,,,4.18,3.51,0.67,3.72,326.031,polygon
2025-12-12,META,"Meta Platforms, Inc.",Equity,Social Media,649.8,711.0,638.61,644.23,14016915,-0.012992,0.26492114658185884,0.2811224086266232,,,,4.19,3.52,0.67,3.72,326.031,polygon
2025-12-11,META,"Meta Platforms, Inc.",Equity,Social Media,643.29,655.28,640.795,652.71,13056726,0.003968,0.2823728744685279,0.4448230776437587,,,,4.14,3.52,0.62,3.72,326.031,polygon
2025-12-10,META,"Meta Platforms, Inc.",Equity,Social Media,649.95,654.51,643.3976,650.13,16910883,-0.010396,0.28408324238043225,0.44433022153088697,,,,4.13,3.54,0.59,3.72,326.031,polygon
2025-12-09,META,"Meta Platforms, Inc.",Equity,Social Media,663.765,664.48,653.34,656.96,12997116,-0.014757,0.285017983382507,0.4442919982871863,,,,4.18,3.61,0.57,3.72,326.031,polygon
2025-12-08,META,"Meta Platforms, Inc.",Equity,Social Media,669.34,676.71,665.07,666.8,13160976,-0.00983,0.2778450767271273,0.4472848000335968,,,,4.17,3.57,0.6,3.72,326.031,polygon
2025-12-05,META,"Meta Platforms, Inc.",Equity,Social Media,664.0,674.69,662.3947,673.42,21207861,0.017973,0.29426469690306,0.44763965708566267,,,,4.14,3.56,0.58,3.72,326.031,polygon
2025-12-04,META,"Meta Platforms, Inc.",Equity,Social Media,676.0,676.1,660.05,661.53,29874622,0.034287,0.29192517943353935,0.4435050591377092,,,,4.11,3.52,0.59,3.72,326.031,polygon
2025-12-03,META,"Meta Platforms, Inc.",Equity,Social Media,644.41,648.8499,637.55,639.6,11134305,-0.01159,0.27565657589468,0.4295258866339567,,,,4.06,3.49,0.57,3.72,326.031,polygon
2025-12-02,META,"Meta Platforms, Inc.",Equity,Social Media,642.34,647.87,638.07,647.1,11640869,0.009721,0.27879579024894097,0.42932832728439146,,,,4.09,3.51,0.58,3.72,326.031,polygon
2025-12-01,META,"Meta Platforms, Inc.",Equity,Social Media,639.55,645.32,637.76,640.87,13029922,-0.010927,0.29189562129825286,0.4337496633980713,,,,4.09,3.54,0.55,3.72,326.031,polygon
2025-11-28,META,"Meta Platforms, Inc.",Equity,Social Media,636.075,648.05,635.5,647.95,11033198,0.022632,0.503715521614135,0.4342259023549392,,,,4.02,3.47,0.55,3.88,325.063,polygon
2025-11-26,META,"Meta Platforms, Inc.",Equity,Social Media,637.69,638.36,631.63,633.61,15209481,-0.004102,0.4931472143865592,0.42755884873042654,,,,4.0,3.45,0.55,3.88,325.063,polygon
2025-11-25,META,"Meta Platforms, Inc.",Equity,Social Media,624.0,637.045,618.3,636.22,25212978,0.037795,0.4939488932747878,0.4302666409426077,,,,4.01,3.43,0.58,3.88,325.063,polygon
2025-11-24,META,"Meta Platforms, Inc.",Equity,Social Media,598.72,616.7,597.6301,613.05,23554932,0.031637,0.47526545155137395,0.41285172654244345,,,,4.04,3.46,0.58,3.88,325.063,polygon
2025-11-21,META,"Meta Platforms, Inc.",Equity,Social Media,588.5,598.12,581.86,594.25,21052624,0.008657,0.45616302137244935,0.4028884618803156,,,,4.06,3.51,0.55,3.88,325.063,polygon
2025-11-20,META,"Meta Platforms, Inc.",Equity,Social Media,603.5,606.72,583.35,589.15,20603024,-0.001982,0.45292313762403114,0.4118592062974442,,,,4.1,3.55,0.55,3.88,325.063,polygon
2025-11-19,META,"Meta Platforms, Inc.",Equity,Social Media,593.715,595.33,581.25,590.32,24744703,-0.012331,0.45349642695058584,0.42009347736192093,,,,4.13,3.58,0.55,3.88,325.063,polygon
2025-11-18,META,"Meta Platforms, Inc.",Equity,Social Media,591.6,603.66,583.78,597.69,25500647,-0.007176,0.4552482184579921,0.42140219787769206,,,,4.12,3.58,0.54,3.88,325.063,polygon
2025-11-17,META,"Meta Platforms, Inc.",Equity,Social Media,609.035,611.69,595.4,602.01,16501331,-0.012224,0.46753157535500883,0.42143310622328817,,,,4.13,3.6,0.53,3.88,325.063,polygon
2025-11-14,META,"Meta Platforms, Inc.",Equity,Social Media,601.79,613.68,595.2,609.46,20724146,-0.000705,0.47014924445326356,0.4225811844921151,,,,4.14,3.62,0.52,3.88,325.063,polygon
2025-11-13,META,"Meta Platforms, Inc.",Equity,Social Media,613.07,617.65,603.0,609.89,20973845,0.001445,0.4695164710644418,0.4254689373558168,,,,4.11,3.58,0.53,3.88,325.063,polygon
2025-11-12,META,"Meta Platforms, Inc.",Equity,Social Media,628.13,628.99,607.77,609.01,24493272,-0.028816,0.47377435967586207,0.4286683369335317,,,,4.08,3.56,0.52,3.88,325.063,polygon
2025-11-11,META,"Meta Platforms, Inc.",Equity,Social Media,628.0,629.56,619.39,627.08,13302187,-0.007408,0.46713684958309093,0.4262084503566941,,,,4.13,3.58,0.55,3.88,325.063,polygon
2025-11-10,META,"Meta Platforms, Inc.",Equity,Social Media,631.09,635.0,618.105,631.76,19245000,0.016165,0.4726827829440221,0.42664381982531674,,,,4.13,3.58,0.55,3.88,325.063,polygon
2025-11-07,META,"Meta Platforms, Inc.",Equity,Social Media,616.485,622.1348,601.2,621.71,29946826,0.004475,0.4800370358509331,0.4220869442018693,,,,4.11,3.55,0.56,3.88,325.063,polygon
2025-11-06,META,"Meta Platforms, Inc.",Equity,Social Media,635.85,636.0,618.0,618.94,23628750,-0.026747,0.48916568388279447,0.4209281104256556,,,,4.11,3.57,0.54,3.88,325.063,polygon
2025-11-05,META,"Meta Platforms, Inc.",Equity,Social Media,632.31,642.23,626.5375,635.95,20219855,0.013757,0.4856969508634515,0.41729522571271493,,,,4.17,3.63,0.54,3.88,325.063,polygon
2025-11-04,META,"Meta Platforms, Inc.",Equity,Social Media,628.035,641.7399,626.01,627.32,27356553,-0.016293,0.4807927070693986,0.41499505211978405,,,,4.1,3.58,0.52,3.88,325.063,polygon
2025-11-03,META,"Meta Platforms, Inc.",Equity,Social Media,656.0,659.3299,636.18,637.71,33003599,-0.016411,0.4814563948565489,0.41435579916843285,,,,4.13,3.6,0.53,3.88,325.063,polygon
2025-10-31,META,"Meta Platforms, Inc.",Equity,Social Media,674.51,674.89,645.57,648.35,56953169,-0.027188,0.4838671925199332,,,,,4.11,3.6,0.51,4.09,324.245,polygon
2025-10-30,META,"Meta Platforms, Inc.",Equity,Social Media,669.15,680.9599,650.17,666.47,88440094,-0.113348,0.4811035428277198,,,,,4.11,3.61,0.5,4.09,324.245,polygon
2025-10-29,META,"Meta Platforms, Inc.",Equity,Social Media,754.75,759.155,742.51,751.67,26818592,0.000306,0.24283989666717268,,,,,4.08,3.59,0.49,4.09,324.245,polygon
2025-10-28,META,"Meta Platforms, Inc.",Equity,Social Media,752.63,758.4,745.5201,751.44,12193818,0.000826,0.24719073863998614,,,,,3.99,3.47,0.52,4.09,324.245,polygon
2025-10-27,META,"Meta Platforms, Inc.",Equity,Social Media,749.73,755.75,748.01,750.82,11321080,0.016875,0.24721082357343718,,,,,4.01,3.48,0.53,4.09,324.245,polygon
2025-10-24,META,"Meta Platforms, Inc.",Equity,Social Media,736.79,741.21,731.15,738.36,9151267,0.00594,0.2410807097036431,,,,,4.02,3.48,0.54,4.09,324.245,polygon
2025-10-23,META,"Meta Platforms, Inc.",Equity,Social Media,734.7,742.41,733.1,734.0,9855974,0.000804,0.24512982152591625,,,,,4.01,3.48,0.53,4.09,324.245,polygon
2025-10-22,META,"Meta Platforms, Inc.",Equity,Social Media,733.83,740.6,724.03,733.41,8734491,0.000191,0.2468344626151441,,,,,3.97,3.45,0.52,4.09,324.245,polygon
2025-10-21,META,"Meta Platforms, Inc.",Equity,Social Media,736.015,738.5,728.75,733.27,7647269,0.001502,0.24987915197408836,,,,,3.98,3.45,0.53,4.09,324.245,polygon
2025-10-20,META,"Meta Platforms, Inc.",Equity,Social Media,721.19,733.77,720.18,732.17,8900204,0.021279,,,,,,4.0,3.46,0.54,4.09,324.245,polygon
2025-10-17,META,"Meta Platforms, Inc.",Equity,Social Media,707.075,718.54,706.12,716.915,12232441,0.006804,,,,,,4.02,3.46,0.56,4.09,324.245,polygon
2025-10-16,META,"Meta Platforms, Inc.",Equity,Social Media,717.55,725.49,703.88,712.07,9017010,-0.007637,,,,,,3.99,3.41,0.58,4.09,324.245,polygon
2025-10-15,META,"Meta Platforms, Inc.",Equity,Social Media,717.06,723.9,709.51,717.55,10246766,0.012559,,,,,,4.05,3.5,0.55,4.09,324.245,polygon
2025-10-14,META,"Meta Platforms, Inc.",Equity,Social Media,707.78,715.55,699.33,708.65,8829757,-0.00985,,,,,,4.03,3.48,0.55,4.09,324.245,polygon
2025-10-13,META,"Meta Platforms, Inc.",Equity,Social Media,713.01,719.94,707.6413,715.7,9251796,0.014745,,,,,,4.05,3.52,0.53,4.09,324.245,polygon
2025-10-10,META,"Meta Platforms, Inc.",Equity,Social Media,730.92,735.27,704.51,705.3,16980091,-0.038459,,,,,,4.05,3.52,0.53,4.09,324.245,polygon
2025-10-09,META,"Meta Platforms, Inc.",Equity,Social Media,718.275,733.51,712.44,733.51,12717172,0.021829,,,,,,4.14,3.6,0.54,4.09,324.245,polygon
2025-10-08,META,"Meta Platforms, Inc.",Equity,Social Media,713.45,719.65,707.81,717.84,10790571,0.006675,,,,,,4.13,3.58,0.55,4.09,324.245,polygon
2025-10-07,META,"Meta Platforms, Inc.",Equity,Social Media,717.72,718.4999,705.75,713.08,12062928,-0.003605,,,,,,4.14,3.57,0.57,4.09,324.245,polygon
2025-10-06,META,"Meta Platforms, Inc.",Equity,Social Media,705.185,716.88,690.51,715.66,21654738,0.007177,,,,,,4.18,3.6,0.58,4.09,324.245,polygon
2025-10-03,META,"Meta Platforms, Inc.",Equity,Social Media,729.625,731.0,710.18,710.56,16154305,-0.022681,,,,,,4.13,3.58,0.55,4.09,324.245,polygon
2025-10-02,META,"Meta Platforms, Inc.",Equity,Social Media,722.58,727.77,718.14,727.05,11415271,0.013536,,,,,,4.1,3.55,0.55,4.09,324.245,polygon
2025-10-01,META,"Meta Platforms, Inc.",Equity,Social Media,721.49,721.8499,710.2,717.34,20419633,-0.023203,,,,,,4.12,3.55,0.57,4.09,324.245,polygon
2025-09-30,META,"Meta Platforms, Inc.",Equity,Social Media,742.25,742.97,726.3,734.38,16226750,-0.012133,,,,,,4.16,3.6,0.56,4.22,324.245,polygon
2025-09-29,META,"Meta Platforms, Inc.",Equity,Social Media,748.72,750.78,739.15,743.4,9246768,-0.000471,,,,,,4.15,3.63,0.52,4.22,324.245,polygon
2025-09-26,META,"Meta Platforms, Inc.",Equity,Social Media,750.0,751.9299,737.3532,743.75,9696338,-0.00689,,,,,,4.2,3.63,0.57,4.22,324.245,polygon
2025-09-25,META,"Meta Platforms, Inc.",Equity,Social Media,753.45,756.765,744.55,748.91,10591065,-0.015447,,,,,,4.18,3.64,0.54,4.22,324.245,polygon
2025-09-24,META,"Meta Platforms, Inc.",Equity,Social Media,757.5,761.11,752.5251,760.66,8828227,0.006963,,,,,,4.16,3.57,0.59,4.22,324.245,polygon
2025-09-23,META,"Meta Platforms, Inc.",Equity,Social Media,769.25,770.6,751.07,755.4,10872592,-0.012756,,,,,,4.12,3.53,0.59,4.22,324.245,polygon
2025-09-22,META,"Meta Platforms, Inc.",Equity,Social Media,781.845,785.73,764.47,765.16,11706946,,,,,,,4.15,3.61,0.54,4.22,324.245,polygon
2026-09-18,MSFT,Microsoft Corporation,Equity,Software & Cloud,497.965,498.65,491.1,493.78,39622288,-0.007976,0.21586669220641772,0.21818128061532888,0.40625324463447776,,,,,0.25,,,polygon
2026-09-17,MSFT,Microsoft Corporation,Equity,Software & Cloud,497.795,501.47,493.17,497.75,17841640,0.015195,0.2138997635743662,0.22901100541230093,0.40943745616659355,,,4.94,4.67,0.27,,,polygon
2026-09-16,MSFT,Microsoft Corporation,Equity,Software & Cloud,493.03,495.97,487.23,490.3,16670285,-0.013719,0.2082664812505294,0.22720921059757596,0.409768868368588,,,5.01,4.74,0.27,,,polygon
2026-09-15,MSFT,Microsoft Corporation,Equity,Software & Cloud,500.06,505.9,495.54,497.12,17794612,-0.016403,0.23066776405364128,0.2254527717550271,0.4150760735638463,,,5.0,4.67,0.33,,,polygon
2026-09-14,MSFT,Microsoft Corporation,Equity,Software & Cloud,497.06,509.95,495.3416,505.41,23091892,0.019732,0.22295003142523648,0.2582163777484614,0.4128175595808983,,,4.97,4.65,0.32,,,polygon
2026-09-11,MSFT,Microsoft Corporation,Equity,Software & Cloud,495.65,498.97,492.58,495.63,14518435,0.006478,0.21462560718060636,0.2655564026812432,0.4210733725881333,,,4.96,4.63,0.33,,,polygon
2026-09-10,MSFT,Microsoft Corporation,Equity,Software & Cloud,488.32,494.52,486.0,492.44,16038805,0.001607,0.22765831775255557,0.48758763102160085,0.4227843856643641,,,4.95,4.56,0.39,,,polygon
2026-09-09,MSFT,Microsoft Corporation,Equity,Software & Cloud,493.07,494.39,489.8,491.65,12889572,-0.004656,0.22772337144692653,0.48920567965402506,0.4246155575287004,,,4.83,4.43,0.4,,,polygon
2026-09-08,MSFT,Microsoft Corporation,Equity,Software & Cloud,493.01,495.19,490.15,493.95,18882338,-0.011507,0.23201361171788254,0.48793605810507834,0.42428924108453914,,,4.8,4.39,0.41,,,polygon
2026-09-04,MSFT,Microsoft Corporation,Equity,Software & Cloud,510.0,511.0,499.36,499.7,18101758,-0.020427,0.22854317283541573,0.4853795717735198,0.4254562049523963,,,4.78,4.37,0.41,,,polygon
2026-09-03,MSFT,Microsoft Corporation,Equity,Software & Cloud,501.66,515.65,500.8,510.12,24125893,0.02677,0.23146757882102054,0.4780127524038311,0.42424815905904645,,,4.77,4.34,0.43,,,polygon
2026-09-02,MSFT,Microsoft Corporation,Equity,Software & Cloud,499.85,500.27,493.81,496.82,15336074,-0.008383,0.2179083170809831,0.48422124745056055,0.42449872028542723,,,4.79,4.39,0.4,,,polygon
2026-09-01,MSFT,Microsoft Corporation,Equity,Software & Cloud,497.52,505.97,496.78,501.02,21046892,-0.01236,0.2181456808051068,0.48820866392372786,0.42496339263353383,,,4.79,4.39,0.4,,,polygon
2026-08-31,MSFT,Microsoft Corporation,Equity,Software & Cloud,510.38,512.19,506.39,507.29,27208911,-0.012151,0.26588729831735014,0.4878291099066788,0.4282524859488037,,,4.75,4.34,0.41,,,polygon
2026-08-28,MSFT,Microsoft Corporation,Equity,Software & Cloud,505.33,517.78,504.8675,513.53,29207325,0.01677,0.2729288579059158,0.4855787385170168,0.42711130967356015,,,4.73,4.34,0.39,,,polygon
2026-08-27,MSFT,Microsoft Corporation,Equity,Software & Cloud,494.88,506.48,490.08,505.06,28688756,0.017507,0.5506910831608185,0.4912416408528101,0.43216810220724133,,,4.67,4.2,0.47,,,polygon
2026-08-26,MSFT,Microsoft Corporation,Equity,Software & Cloud,487.85,497.4,487.31,496.37,20758853,0.009477,0.5543644338732263,0.4907335165231143,0.4406052975964618,,,4.66,4.19,0.47,,,polygon
2026-08-25,MSFT,Microsoft Corporation,Equity,Software & Cloud,485.44,492.435,484.3,491.71,19518987,0.009029,0.5543331024954659,0.4940864665412224,0.44246724786133956,,,4.64,4.17,0.47,,,polygon
2026-08-24,MSFT,Microsoft Corporation,Equity,Software & Cloud,483.205,490.605,481.86,487.31,17230751,0.008422,0.5549610248792787,0.49885322996656845,0.4546962901959967,,,4.7,4.24,0.46,,,polygon
2026-08-21,MSFT,Microsoft Corporation,Equity,Software & Cloud,479.88,486.36,478.53,483.24,22510774,0.004344,0.5562587544562937,0.49936515191559505,0.45922474118234463,,,4.74,4.24,0.5,,,polygon
2026-08-20,MSFT,Microsoft Corporation,Equity,Software & Cloud,483.3,484.16,479.5,481.15,20020822,-0.006525,0.5682443702451424,0.49954962679534815,0.459735402399334,,,4.69,4.19,0.5,,,polygon
2026-08-19,MSFT,Microsoft Corporation,Equity,Software & Cloud,480.065,489.3,479.36,484.31,19961871,0.005564,0.5742861085031395,0.498012856479549,0.4596980843538951,,,4.65,4.19,0.46,,,polygon
2026-08-18,MSFT,Microsoft Corporation,Equity,Software & Cloud,481.54,484.27,477.1505,481.63,24087591,0.002665,0.5786718280512508,0.5020759655391752,0.4597120298212477,,,4.71,4.19,0.52,,,polygon
2026-08-17,MSFT,Microsoft Corporation,Equity,Software & Cloud,490.14,492.66,478.41,480.35,29635848,-0.030379,0.5798686674130903,0.5019262084158501,0.4599353839946177,,,4.72,4.19,0.53,,,polygon
2026-08-14,MSFT,Microsoft Corporation,Equity,Software & Cloud,496.355,500.01,493.92,495.4,16217647,-0.002979,0.5704396043979558,0.491605765761339,0.4549117276912153,,,4.68,4.17,0.51,,,polygon
2026-08-13,MSFT,Microsoft Corporation,Equity,Software & Cloud,493.265,501.34,493.01,496.88,23038979,0.009037,0.568561468223453,0.4910256432227325,0.45616243582196725,,,4.63,4.15,0.48,,,polygon
2026-08-12,MSFT,Microsoft Corporation,Equity,Software & Cloud,499.99,501.5,491.52,492.43,29001478,-0.022588,0.5713785607527533,0.49484913473158076,0.4559788744454003,,,4.68,4.2,0.48,,,polygon
2026-08-11,MSFT,Microsoft Corporation,Equity,Software & Cloud,504.33,505.33,499.55,503.81,23049791,-0.004446,0.5663954519077333,0.4854205061108806,0.4562686542475201,,,4.7,4.22,0.48,,,polygon
2026-08-10,MSFT,Microsoft Corporation,Equity,Software & Cloud,503.44,513.73,502.27,506.06,31206137,0.01214,0.5632512594247058,0.4878631025232036,0.4561814794257102,,,4.72,4.25,0.47,,,polygon
2026-08-07,MSFT,Microsoft Corporation,Equity,Software & Cloud,499.21,505.18,498.73,499.99,28846235,0.00026,0.5645591482498538,0.5052679832672959,0.45629606440428505,,,4.65,4.19,0.46,,,polygon
2026-08-06,MSFT,Microsoft Corporation,Equity,Software & Cloud,488.55,501.555,488.52,499.86,36441544,0.025438,0.5639637453354911,0.5223365381902133,0.45733551944234335,,,4.69,4.25,0.44,,,polygon
2026-08-05,MSFT,Microsoft Corporation,Equity,Software & Cloud,496.355,498.24,485.68,487.46,33388871,-0.010856,0.5694462646587539,0.5291261110520348,0.4554016473385409,,,4.63,4.18,0.45,,,polygon
2026-08-04,MSFT,Microsoft Corporation,Equity,Software & Cloud,480.9,499.4399,479.17,492.81,50455454,0.010581,0.5644001937828681,0.5263500031860645,0.4557646335450356,,,4.63,4.2,0.43,,,polygon
2026-08-03,MSFT,Microsoft Corporation,Equity,Software & Cloud,476.125,491.65,475.0,487.65,66762074,0.049342,0.569164824201411,0.5402854192292668,0.4563471034521343,,,4.7,4.25,0.45,,,polygon
2026-07-31,MSFT,Microsoft Corporation,Equity,Software & Cloud,450.0,466.84,449.33,464.72,60845971,0.030193,0.5530885601756937,0.5272048427210562,0.446502455337121,,,4.75,4.28,0.47,3.63,332.813,polygon
2026-07-30,MSFT,Microsoft Corporation,Equity,Software & Cloud,437.9,458.69,432.44,451.1,110160704,0.155067,0.5530854427324559,0.5384684514245061,0.4429826561774981,,,4.68,4.23,0.45,3.63,332.813,polygon
2026-07-29,MSFT,Microsoft Corporation,Equity,Software & Cloud,393.4,401.25,388.74,390.54,47209032,-0.007144,0.2559888268365832,0.34129872546117934,0.32828686192447115,,,4.67,4.22,0.45,3.63,332.813,polygon
2026-07-28,MSFT,Microsoft Corporation,Equity,Software & Cloud,393.16,400.32,391.3,393.35,32367546,0.010923,0.25878621909720223,0.34743199121585466,0.32989765099325025,,,4.61,4.26,0.35,3.63,332.813,polygon
2026-07-27,MSFT,Microsoft Corporation,Equity,Software & Cloud,390.08,394.2,387.99,389.1,27856160,0.019387,0.316645285297822,0.3459805046116027,0.3387431089130252,,,4.65,4.31,0.34,3.63,332.813,polygon
2026-07-24,MSFT,Microsoft Corporation,Equity,Software & Cloud,387.05,389.03,380.65,381.7,27659388,0.000314,0.34031600418695124,0.34466528606756486,0.33655214645824433,,,4.69,4.33,0.36,3.63,332.813,polygon
2026-07-23,MSFT,Microsoft Corporation,Equity,Software & Cloud,389.965,391.78,377.39,381.58,30351752,-0.022442,0.3511870246179834,0.3469138725146312,0.33747226340464015,,,4.71,4.37,0.34,3.63,332.813,polygon
2026-07-22,MSFT,Microsoft Corporation,Equity,Software & Cloud,399.58,401.0,386.96,390.34,28142511,-0.01863,0.3447740047408135,0.34579446640108535,0.3346698518122361,,,4.67,4.31,0.36,3.63,332.813,polygon
2026-07-21,MSFT,Microsoft Corporation,Equity,Software & Cloud,398.805,401.47,396.32,397.75,24126632,-0.011285,0.35837909194832634,0.3434114597598356,0.33580029958204,,,4.63,4.26,0.37,3.63,332.813,polygon
2026-07-20,MSFT,Microsoft Corporation,Equity,Software & Cloud,391.41,403.18,389.65,402.29,27915762,0.021507,0.3549945899774511,0.35018706417502776,0.34490990010682937,,,4.6,4.21,0.39,3.63,332.813,polygon
2026-07-17,MSFT,Microsoft Corporation,Equity,Software & Cloud,394.855,398.39,389.39,393.82,33049842,-0.01815,0.375846156602771,0.3433704537278921,0.34468083831659074,,,4.55,4.18,0.37,3.63,332.813,polygon
2026-07-16,MSFT,Microsoft Corporation,Equity,Software & Cloud,398.31,405.99,392.0501,401.1,37047443,0.013826,0.3739525329929321,0.3510961437840726,0.3442891804883081,,,4.57,4.16,0.41,3.63,332.813,polygon
2026-07-15,MSFT,Microsoft Corporation,Equity,Software & Cloud,387.8,398.96,386.4,395.63,36253745,0.027797,0.37939597468102787,0.36519661485118454,0.3436225533729226,,,4.55,4.13,0.42,3.63,332.813,polygon
2026-07-14,MSFT,Microsoft Corporation,Equity,Software & Cloud,382.82,388.19,378.65,384.93,27863916,-0.015499,0.3666858291517942,0.3617071312569567,0.33879846229944854,,,4.58,4.18,0.4,3.63,332.813,polygon
2026-07-13,MSFT,Microsoft Corporation,Equity,Software & Cloud,387.745,393.65,384.15,390.99,28914877,0.015295,0.36789599628386055,0.39750058071273225,0.34077798915598434,,,4.62,4.26,0.36,3.63,332.813,polygon
2026-07-10,MSFT,Microsoft Corporation,Equity,Software & Cloud,387.8,391.91,381.5,385.1,24644605,0.001925,0.3663107342317418,0.4086301409202686,0.35208045796179355,,,4.56,4.21,0.35,3.63,332.813,polygon
2026-07-09,MSFT,Microsoft Corporation,Equity,Software & Cloud,374.45,384.65,373.35,384.36,31083197,0.002661,0.37128687200933763,0.4087625649745534,0.35515376882654404,,,4.54,4.16,0.38,3.63,332.813,polygon
2026-07-08,MSFT,Microsoft Corporation,Equity,Software & Cloud,384.03,385.31,381.33,383.34,25908255,-0.014145,0.3717802193022938,0.40856357231080154,0.36261034222699073,,,4.56,4.21,0.35,3.63,332.813,polygon
2026-07-07,MSFT,Microsoft Corporation,Equity,Software & Cloud,392.49,395.57,388.22,388.84,29297524,0.00543,0.3787406781663407,0.4071701056561726,0.36155873424069884,,,4.55,4.19,0.36,3.63,332.813,polygon
2026-07-06,MSFT,Microsoft Corporation,Equity,Software & Cloud,387.04,389.15,381.22,386.74,34224543,-0.009603,0.37771461487006647,0.40651646529229946,0.36151669093225114,,,4.48,4.13,0.35,3.63,332.813,polygon
2026-07-02,MSFT,Microsoft Corporation,Equity,Software & Cloud,384.48,392.2,383.7,390.49,42194409,0.01616,0.3892701712249105,0.4073170071623393,0.3610231278324198,,,4.49,4.14,0.35,3.63,332.813,polygon
2026-07-01,MSFT,Microsoft Corporation,Equity,Software & Cloud,380.825,388.83,374.89,384.28,48065801,0.030186,0.4006198004097589,0.4050459759446328,0.3596503390171018,,,4.48,4.17,0.31,3.63,332.813,polygon
2026-06-30,MSFT,Microsoft Corporation,Equity,Software & Cloud,371.03,374.15,367.45,373.02,44945696,0.012074,0.3926669644209471,0.39350994493381064,0.3544651840907567,,,4.44,4.14,0.3,3.63,332.568,polygon
2026-06-29,MSFT,Microsoft Corporation,Equity,Software & Cloud,377.5,380.5,359.9,368.57,51229885,-0.011797,0.44276915034311926,0.4032849465405531,0.35432765187851223,,,4.38,4.1,0.28,3.63,332.568,polygon
2026-06-26,MSFT,Microsoft Corporation,Equity,Software & Cloud,357.15,376.61,355.43,372.97,186201631,0.057081,0.46452292301341214,0.4044235340497366,0.3535008386187942,,,4.38,4.07,0.31,3.63,332.568,polygon
2026-06-25,MSFT,Microsoft Corporation,Equity,Software & Cloud,362.77,364.23,349.2,352.83,66360473,-0.034559,0.40942863436288035,0.36476055216290615,0.3403277366215208,,,4.4,4.09,0.31,3.63,332.568,polygon
2026-06-24,MSFT,Microsoft Corporation,Equity,Software & Cloud,371.57,378.88,364.78,365.46,44509854,-0.022677,0.39718504205837124,0.3540182288432292,0.33268531528317125,,,4.41,4.11,0.3,3.63,332.568,polygon
2026-06-23,MSFT,Microsoft Corporation,Equity,Software & Cloud,372.38,377.22,370.67,373.94,40647605,0.017967,0.3929324540265155,0.3495365784760352,0.3334800645942682,,,4.5,4.16,0.34,3.63,332.568,polygon
2026-06-22,MSFT,Microsoft Corporation,Equity,Software & Cloud,375.74,381.63,367.07,367.34,45171106,-0.031787,0.38379219313463964,0.3447146401664655,0.3326994753436586,,,4.51,4.24,0.27,3.63,332.568,polygon
2026-06-18,MSFT,Microsoft Corporation,Equity,Software & Cloud,377.82,381.37,373.28,379.4,59714157,0.001293,0.3752374817391812,0.3394323697846614,0.32604607779579314,,,4.46,4.19,0.27,3.63,332.568,polygon
2026-06-17,MSFT,Microsoft Corporation,Equity,Software & Cloud,390.25,390.37,377.32,378.91,41987834,-0.037884,0.37614438247026494,0.3402687607451682,0.3308508977631547,,,4.49,4.2,0.29,3.63,332.568,polygon
2026-06-16,MSFT,Microsoft Corporation,Equity,Software & Cloud,395.79,396.84,390.69,393.83,31506846,-0.014834,0.357025537986767,0.3230166616932467,0.3210442452291479,,,4.43,4.05,0.38,3.63,332.568,polygon
2026-06-15,MSFT,Microsoft Corporation,Equity,Software & Cloud,396.795,401.75,392.845,399.76,32266437,0.023084,0.37220410217990485,0.32055034411523975,0.32186974914923866,,,4.47,4.07,0.4,3.63,332.568,polygon
2026-06-12,MSFT,Microsoft Corporation,Equity,Software & Cloud,391.43,391.74,382.27,390.74,34922036,0.001025,0.36452045119069026,0.31679040530170055,0.31881471438223463,,,4.48,4.09,0.39,3.63,332.568,polygon
2026-06-11,MSFT,Microsoft Corporation,Equity,Software & Cloud,395.205,396.85,384.0,390.34,47224135,-0.017667,0.3647053902820251,0.3358672338298791,0.3212259135034404,,,4.45,4.05,0.4,3.63,332.568,polygon
2026-06-10,MSFT,Microsoft Corporation,Equity,Software & Cloud,398.55,405.04,397.16,397.36,32576041,-0.014997,0.3620578885073634,0.3338385139411283,0.31917303583227524,,,4.55,4.13,0.42,3.63,332.568,polygon
2026-06-09,MSFT,Microsoft Corporation,Equity,Software & Cloud,409.03,411.98,398.48,403.41,35317302,-0.020231,0.35919243976786885,0.3336926010819613,0.31842471593828364,,,4.53,4.13,0.4,3.63,332.568,polygon
2026-06-08,MSFT,Microsoft Corporation,Equity,Software & Cloud,414.14,417.1599,408.56,411.74,32086714,-0.011832,0.35534110568319294,0.3289717699861355,0.31727822401777783,,,4.56,4.15,0.41,3.63,332.568,polygon
2026-06-05,MSFT,Microsoft Corporation,Equity,Software & Cloud,428.34,429.47,414.4,416.67,34782164,-0.026586,0.35790194598776554,0.3333727173647848,0.31667513537940806,,,4.55,4.17,0.38,3.63,332.568,polygon
2026-06-04,MSFT,Microsoft Corporation,Equity,Software & Cloud,435.81,436.15,426.41,428.05,26899511,0.001661,0.3442626647683969,0.3449982554709561,0.3115400590564609,,,4.47,4.05,0.42,3.63,332.568,polygon
2026-06-03,MSFT,Microsoft Corporation,Equity,Software & Cloud,438.45,440.39,424.25,427.34,39037007,-0.031656,0.3451976629305316,0.3502171159038945,0.3121870808712692,,,4.49,4.08,0.41,3.63,332.568,polygon
2026-06-02,MSFT,Microsoft Corporation,Equity,Software & Cloud,446.88,453.5,440.43,441.31,37036801,-0.041714,0.3231780889673744,0.33859443242740445,0.30457265918189985,,,4.46,4.05,0.41,3.63,332.568,polygon
2026-06-01,MSFT,Microsoft Corporation,Equity,Software & Cloud,464.84,466.32,458.27,460.52,53628910,0.022832,0.2799416534572057,0.31416010137673084,0.2907989317124828,,,4.47,4.05,0.42,3.63,332.568,polygon
2026-05-29,MSFT,Microsoft Corporation,Equity,Software & Cloud,432.545,450.33,432.36,450.24,79654376,0.054451,0.3146213332205542,0.3087426879066068,0.2886193109488531,,,4.45,3.98,0.47,3.63,333.979,polygon
2026-05-28,MSFT,Microsoft Corporation,Equity,Software & Cloud,412.975,429.49,412.67,426.99,47250541,0.034701,0.25927238361088645,0.2756234613056489,0.26815610235225035,,,4.45,3.99,0.46,3.63,333.979,polygon
2026-05-27,MSFT,Microsoft Corporation,Equity,Software & Cloud,411.01,415.94,409.58,412.67,28901479,-0.008076,0.23114424486137455,0.2884627130819566,0.2604583998899365,,,4.48,4.0,0.48,3.63,333.979,polygon
2026-05-26,MSFT,Microsoft Corporation,Equity,Software & Cloud,416.43,419.77,413.02,416.03,30398049,-0.006068,0.22990541129993752,0.29308778245312145,0.26139785217730077,,,4.5,4.01,0.49,3.63,333.979,polygon
2026-05-22,MSFT,Microsoft Corporation,Equity,Software & Cloud,419.535,424.4,416.33,418.57,22390344,-0.001241,0.24130504123871974,0.3070200426613846,0.26546124296486906,,,4.56,4.13,0.43,3.63,333.979,polygon
2026-05-21,MSFT,Microsoft Corporation,Equity,Software & Cloud,424.75,426.34,415.71,419.09,31393469,-0.004679,0.279712354309563,0.3080147641446918,0.265464925845128,,,4.57,4.08,0.49,3.63,333.979,polygon
2026-05-20,MSFT,Microsoft Corporation,Equity,Software & Cloud,414.165,422.1,411.3001,421.06,27864016,0.00872,0.2895296514833465,0.30771977189290795,0.27159527274245737,,,4.57,4.04,0.53,3.63,333.979,polygon
2026-05-19,MSFT,Microsoft Corporation,Equity,Software & Cloud,429.9,432.7,416.49,417.42,33018678,-0.01445,0.2924784384310137,0.3074283228994172,0.27201694780675667,,,4.67,4.13,0.54,3.63,333.979,polygon
2026-05-18,MSFT,Microsoft Corporation,Equity,Software & Cloud,416.62,425.12,415.61,423.54,32564130,0.00384,0.2906234592539681,0.3029595935076346,0.27898027151426474,,,4.61,4.07,0.54,3.63,333.979,polygon
2026-05-15,MSFT,Microsoft Corporation,Equity,Software & Cloud,414.27,428.17,412.91,421.92,50771160,0.030506,0.2910728756341615,0.30342545075650207,0.2790482002793075,,,4.59,4.09,0.5,3.63,333.979,polygon
2026-05-14,MSFT,Microsoft Corporation,Equity,Software & Cloud,404.48,411.84,400.88,409.43,27077542,0.010414,0.2816054515559365,0.294133770239362,0.2724644287596804,,,4.47,4.0,0.47,3.63,333.979,polygon
2026-05-13,MSFT,Microsoft Corporation,Equity,Software & Cloud,403.2,406.31,401.03,405.21,29667073,-0.006278,0.32088664642188486,0.2938098456209593,0.27201429482726075,,,4.46,3.98,0.48,3.63,333.979,polygon
2026-05-12,MSFT,Microsoft Corporation,Equity,Software & Cloud,414.48,415.5,406.64,407.77,38594221,-0.01185,0.3275576208699514,0.30308110151847517,0.27270602423216,,,4.46,4.0,0.46,3.63,333.979,polygon
2026-05-11,MSFT,Microsoft Corporation,Equity,Software & Cloud,407.87,412.69,405.5,412.66,35657943,-0.005926,0.34185672858615684,0.2992023783264094,0.2715448915566233,,,4.42,3.95,0.47,3.63,333.979,polygon
2026-05-08,MSFT,Microsoft Corporation,Equity,Software & Cloud,417.385,418.63,414.0,415.12,33383790,-0.013428,0.34184489359746456,0.31045598289842125,0.27157916383187236,,,4.38,3.9,0.48,3.63,333.979,polygon
2026-05-07,MSFT,Microsoft Corporation,Equity,Software & Cloud,420.11,427.98,418.76,420.77,34942445,0.016451,0.33665442835647896,0.3105756592325148,0.2739070013693787,,,4.41,3.92,0.49,3.63,333.979,polygon
2026-05-06,MSFT,Microsoft Corporation,Equity,Software & Cloud,408.0,418.4228,405.11,413.96,30285898,0.006272,0.334380205596715,0.3093878756462238,0.27187047894167377,,,4.36,3.87,0.49,3.63,333.979,polygon
2026-05-05,MSFT,Microsoft Corporation,Equity,Software & Cloud,415.32,416.7799,408.8,411.38,25700891,-0.005416,0.3351267853934287,0.32170632354821455,0.2787433939184687,,,4.43,3.93,0.5,3.63,333.979,polygon
2026-05-04,MSFT,Microsoft Corporation,Equity,Software & Cloud,411.54,420.78,410.8,413.62,28066528,-0.001979,0.3339203421395085,0.32085352660202554,0.28098470109429907,,,4.45,3.95,0.5,3.63,333.979,polygon
2026-05-01,MSFT,Microsoft Corporation,Equity,Software & Cloud,412.8,417.11,410.435,414.44,31372361,0.016332,0.33359796852843376,0.32648174762319615,0.3002284257505424,,,4.39,3.88,0.51,3.63,333.979,polygon
2026-04-30,MSFT,Microsoft Corporation,Equity,Software & Cloud,410.81,414.42,398.01,407.78,70909408,-0.039297,0.3322264372406494,0.3247217198436721,0.29872035677806635,,,4.4,3.88,0.52,3.64,332.407,polygon
2026-04-29,MSFT,Microsoft Corporation,Equity,Software & Cloud,424.575,426.82,420.29,424.46,38288316,-0.011159,0.30133320616735776,0.3067475868934103,0.2932595298291901,,,4.42,3.92,0.5,3.64,332.407,polygon
2026-04-28,MSFT,Microsoft Corporation,Equity,Software & Cloud,424.57,429.92,421.9,429.25,30438087,0.010428,0.29328930643909273,0.30436758627212696,0.294255098768133,,,4.36,3.84,0.52,3.64,332.407,polygon
2026-04-27,MSFT,Microsoft Corporation,Equity,Software & Cloud,422.375,427.11,417.0701,424.82,30867303,0.000471,0.31624767142269994,0.30453164791788634,0.2938258667605617,,,4.35,3.78,0.57,3.64,332.407,polygon
2026-04-24,MSFT,Microsoft Corporation,Equity,Software & Cloud,416.97,424.95,415.8,424.62,27457404,0.021335,0.3237585760006375,0.3090489415491315,0.3641115877393692,,,4.31,3.78,0.53,3.64,332.407,polygon
2026-04-23,MSFT,Microsoft Corporation,Equity,Software & Cloud,419.885,423.66,411.4101,415.75,38307959,-0.039661,0.321292432529181,0.3046334748683308,0.3610112387913396,,,4.34,3.83,0.51,3.64,332.407,polygon
2026-04-22,MSFT,Microsoft Corporation,Equity,Software & Cloud,426.185,433.7,423.67,432.92,29378173,0.020653,0.3000544014538548,0.27856526111436003,0.3554518459198537,,,4.3,3.79,0.51,3.64,332.407,polygon
2026-04-21,MSFT,Microsoft Corporation,Equity,Software & Cloud,420.24,427.18,417.2,424.16,32048495,0.014567,0.2954062581075402,0.2748041159968475,0.35325031393408524,,,4.3,3.78,0.52,3.64,332.407,polygon
2026-04-20,MSFT,Microsoft Corporation,Equity,Software & Cloud,421.145,423.33,416.3,418.07,27582237,-0.011164,0.3040928111370366,0.2719056254743025,0.3585592615808281,,,4.26,3.72,0.54,3.64,332.407,polygon
2026-04-17,MSFT,Microsoft Corporation,Equity,Software & Cloud,424.82,431.58,420.69,422.79,48568190,0.00602,0.30191284037890087,0.2699749264318073,0.35961119997189844,,,4.26,3.71,0.55,3.64,332.407,polygon
2026-04-16,MSFT,Microsoft Corporation,Equity,Software & Cloud,419.86,420.82,412.14,420.26,41642361,0.021983,0.3119267211742041,0.2720302344149481,0.36220761049398986,,,4.32,3.78,0.54,3.64,332.407,polygon
2026-04-15,MSFT,Microsoft Corporation,Equity,Software & Cloud,398.0,414.3699,396.73,411.22,45063389,0.046069,0.30406176939773594,0.2650852838918445,0.35958994513632464,,,4.29,3.76,0.53,3.64,332.407,polygon
2026-04-14,MSFT,Microsoft Corporation,Equity,Software & Cloud,387.915,394.69,386.52,393.11,37504486,0.022739,0.2624437796821488,0.23290238718169268,0.34661258699505293,,,4.26,3.76,0.5,3.64,332.407,polygon
2026-04-13,MSFT,Microsoft Corporation,Equity,Software & Cloud,373.605,384.54,371.02,384.37,35745781,0.036401,0.2539648005261091,0.2272552469011525,0.34273582863280194,,,4.3,3.78,0.52,3.64,332.407,polygon
2026-04-10,MSFT,Microsoft Corporation,Equity,Software & Cloud,372.98,375.64,370.03,370.87,28111128,-0.005897,0.2136968489633693,0.20799731536348035,0.3357757127074148,,,4.31,3.81,0.5,3.64,332.407,polygon
2026-04-09,MSFT,Microsoft Corporation,Equity,Software & Cloud,372.5,373.5,367.05,373.07,30435297,-0.003366,0.21370702980867076,0.20834514134767973,0.3363511817562256,,,4.29,3.78,0.51,3.64,332.407,polygon
2026-04-08,MSFT,Microsoft Corporation,Equity,Software & Cloud,384.98,385.0,371.41,374.33,33064818,0.00548,0.21437450745916364,0.22771036468298483,0.3363482147232469,,,4.29,3.79,0.5,3.64,332.407,polygon
2026-04-07,MSFT,Microsoft Corporation,Equity,Software & Cloud,370.34,372.45,366.56,372.29,21443349,-0.001582,0.2124023703850518,0.2300275152574673,0.33603743502475375,,,4.33,3.81,0.52,3.64,332.407,polygon
2026-04-06,MSFT,Microsoft Corporation,Equity,Software & Cloud,373.49,373.73,369.5014,372.88,16146572,-0.001553,0.21214710923766025,0.24757856434674969,0.33629468643758464,,,4.34,3.84,0.5,3.64,332.407,polygon
2026-04-02,MSFT,Microsoft Corporation,Equity,Software & Cloud,367.205,373.64,364.15,373.46,24099067,0.011073,0.2210239843790894,0.24758874680592194,0.3375896639362861,,,4.31,3.79,0.52,3.64,332.407,polygon
2026-04-01,MSFT,Microsoft Corporation,Equity,Software & Cloud,373.49,373.99,368.2,369.37,29417206,-0.002161,0.21596297885508625,0.24441980890828363,0.33776442267250223,,,4.33,3.81,0.52,3.64,332.407,polygon
2026-03-31,MSFT,Microsoft Corporation,Equity,Software & Cloud,364.55,372.9,363.07,370.17,45244365,0.031229,0.22443771190348513,0.2459678867753935,0.33783734839355356,,,4.3,3.79,0.51,3.64,330.293,polygon
2026-03-30,MSFT,Microsoft Corporation,Equity,Software & Cloud,361.895,365.36,356.28,358.96,44797002,0.006138,0.19898564448603762,0.22620329723843557,0.3319227844694192,,,4.35,3.82,0.53,3.64,330.293,polygon
2026-03-27,MSFT,Microsoft Corporation,Equity,Software & Cloud,361.9,362.45,356.51,356.77,37883400,-0.025139,0.20486035621276125,0.22441482915253674,0.33116690637653967,,,4.44,3.88,0.56,3.64,330.293,polygon
2026-03-26,MSFT,Microsoft Corporation,Equity,Software & Cloud,370.815,374.7199,365.19,365.97,36836574,-0.013664,0.1935008205497537,0.21514422482232315,0.3286679700254473,,,4.42,3.96,0.46,3.64,330.293,polygon
2026-03-25,MSFT,Microsoft Corporation,Equity,Software & Cloud,376.92,377.06,369.63,371.04,31181163,-0.004561,0.2224871614390129,0.21972485603297248,0.32820540775345974,,,4.33,3.84,0.49,3.64,330.293,polygon
2026-03-24,MSFT,Microsoft Corporation,Equity,Software & Cloud,382.36,382.47,371.85,372.74,42733625,-0.026789,0.22744378794890127,0.21985097296669315,0.3283037719992065,,,4.39,3.9,0.49,3.64,330.293,polygon
2026-03-23,MSFT,Microsoft Corporation,Equity,Software & Cloud,383.9,387.21,381.68,383.0,29680059,0.002959,0.23590137026562588,0.229285249700094,0.3251620961245168,,,4.34,3.83,0.51,3.64,330.293,polygon
2026-03-20,MSFT,Microsoft Corporation,Equity,Software & Cloud,386.79,387.0,380.12,381.87,50853154,-0.01838,0.23531523557962786,0.23647055581060397,0.3252616909885996,,,4.39,3.88,0.51,3.64,330.293,polygon
2026-03-19,MSFT,Microsoft Corporation,Equity,Software & Cloud,390.1,392.49,387.06,389.02,25138772,-0.00707,0.2275813558689631,0.2729342175851945,0.32385957458600945,,,4.25,3.79,0.46,3.64,330.293,polygon
2026-03-18,MSFT,Microsoft Corporation,Equity,Software & Cloud,397.125,398.0,391.0,391.79,25908484,-0.019078,0.22822857318344475,0.2738052014421568,0.32416190805985445,,,4.26,3.76,0.5,3.64,330.293,polygon
2026-03-17,MSFT,Microsoft Corporation,Equity,Software & Cloud,400.27,404.4,397.745,399.41,26228279,-0.00135,0.22152273717285467,0.28074875402713034,0.3249968969659103,,,4.2,3.68,0.52,3.64,330.293,polygon
2026-03-16,MSFT,Microsoft Corporation,Equity,Software & Cloud,398.07,400.63,394.79,399.95,27733721,0.011124,0.22151923027172396,0.2837650275080572,0.3250171209278203,,,4.23,3.68,0.55,3.64,330.293,polygon
2026-03-13,MSFT,Microsoft Corporation,Equity,Software & Cloud,401.0,404.8,394.25,395.55,26848000,-0.015702,0.21851020838207713,0.28117025864488415,0.32397906640472157,,,4.28,3.73,0.55,3.64,330.293,polygon
2026-03-12,MSFT,Microsoft Corporation,Equity,Software & Cloud,404.63,406.12,401.71,401.86,27263886,-0.007459,0.22446416887766893,0.407599550731277,0.323041626530831,,,4.27,3.76,0.51,3.64,330.293,polygon
2026-03-11,MSFT,Microsoft Corporation,Equity,Software & Cloud,405.57,409.01,401.59,404.88,25512139,-0.002169,0.2233467733786982,0.4082632771281072,0.32326034550016197,,,4.21,3.64,0.57,3.64,330.293,polygon
2026-03-10,MSFT,Microsoft Corporation,Equity,Software & Cloud,410.03,410.2,402.93,405.76,31706375,-0.008915,0.24861147397471417,0.4158354010057787,0.32438233640207886,,,4.15,3.57,0.58,3.64,330.293,polygon
2026-03-09,MSFT,Microsoft Corporation,Equity,Software & Cloud,404.915,410.21,403.5,409.41,30131854,0.0011,0.2537830803223335,0.4176433884964879,0.3281785370124689,,,4.12,3.56,0.56,3.64,330.293,polygon
2026-03-06,MSFT,Microsoft Corporation,Equity,Software & Cloud,409.2,413.05,408.5101,408.96,31123859,-0.004188,0.3126453067489433,0.4307410980351152,0.32823477077523383,,,4.15,3.56,0.59,3.64,330.293,polygon
2026-03-05,MSFT,Microsoft Corporation,Equity,Software & Cloud,404.42,411.61,404.4,410.68,39001315,0.013524,0.31349320952721843,0.4342179720233155,0.3305677347169819,,,4.13,3.57,0.56,3.64,330.293,polygon
2026-03-04,MSFT,Microsoft Corporation,Equity,Software & Cloud,401.265,411.0326,400.31,405.2,35807990,0.003144,0.3248871209229946,0.435424492247705,0.3292391769833953,,,4.09,3.54,0.55,3.64,330.293,polygon
2026-03-03,MSFT,Microsoft Corporation,Equity,Software & Cloud,393.14,406.7,392.67,403.93,38199209,0.013499,0.3278660004200621,0.4354821017516357,0.32957094830720307,,,4.06,3.51,0.55,3.64,330.293,polygon
2026-03-02,MSFT,Microsoft Corporation,Equity,Software & Cloud,392.855,401.19,390.63,398.55,35474907,0.014794,0.3226222772510008,0.43360277698352406,0.33100263782468964,,,4.05,3.47,0.58,3.64,330.293,polygon
2026-02-27,MSFT,Microsoft Corporation,Equity,Software & Cloud,390.88,396.82,389.88,392.74,51367196,-0.022354,0.4693606260939548,0.4297610207753407,0.32953274871310007,,,3.97,3.38,0.59,3.64,327.46,polygon
2026-02-26,MSFT,Microsoft Corporation,Equity,Software & Cloud,404.71,407.49,398.74,401.72,34405869,0.002796,0.4686366026525859,0.4303755609984259,0.3274994049401198,,,4.02,3.42,0.6,3.64,327.46,polygon
2026-02-25,MSFT,Microsoft Corporation,Equity,Software & Cloud,390.525,401.47,390.16,400.6,43625483,0.02982,0.4788340987802056,0.43034779204869067,0.3290537070591097,,,4.05,3.45,0.6,3.64,327.46,polygon
2026-02-24,MSFT,Microsoft Corporation,Equity,Software & Cloud,384.14,389.36,381.71,389.0,33884653,0.011782,0.464072428786419,0.41726579295273586,0.3249526466375756,,,4.04,3.43,0.61,3.64,327.46,polygon
2026-02-23,MSFT,Microsoft Corporation,Equity,Software & Cloud,395.0,395.36,383.1,384.47,43238273,-0.032122,0.4806091850783193,0.4145174913440201,0.324063983282485,,,4.03,3.43,0.6,3.64,327.46,polygon
2026-02-20,MSFT,Microsoft Corporation,Equity,Software & Cloud,396.11,400.1159,395.16,397.23,34015249,-0.003087,0.4780560889200297,0.40770423007918066,0.31863443256764074,,,4.08,3.48,0.6,3.64,327.46,polygon
2026-02-19,MSFT,Microsoft Corporation,Equity,Software & Cloud,400.69,404.43,396.67,398.46,28234001,-0.002853,0.4819248859265943,0.41053296590296956,0.3193464029933677,,,4.08,3.47,0.61,3.64,327.46,polygon
2026-02-18,MSFT,Microsoft Corporation,Equity,Software & Cloud,398.13,402.56,396.32,399.6,23223417,0.006904,0.48210712804932776,0.41376147224426707,0.3208123227121813,,,4.09,3.47,0.62,3.64,327.46,polygon
2026-02-17,MSFT,Microsoft Corporation,Equity,Software & Cloud,399.22,400.52,394.525,396.86,32078794,-0.011113,0.4821436034972153,0.41241189047506377,0.3207818460662421,,,4.05,3.43,0.62,3.64,327.46,polygon
2026-02-13,MSFT,Microsoft Corporation,Equity,Software & Cloud,404.45,405.54,398.05,401.32,34091553,-0.001294,0.4818700602574337,0.4149242243295796,0.3241049052142117,,,4.04,3.4,0.64,3.64,327.46,polygon
2026-02-12,MSFT,Microsoft Corporation,Equity,Software & Cloud,405.0,406.2,398.01,401.84,40802362,-0.006257,0.4853467633717668,0.4146863052970511,0.3240704744620228,,,4.09,3.47,0.62,3.64,327.46,polygon
2026-02-11,MSFT,Microsoft Corporation,Equity,Software & Cloud,416.175,416.46,401.01,404.37,42491012,-0.021536,0.48579202702523455,0.4152144188298107,0.3260220477044888,,,4.18,3.52,0.66,3.64,327.46,polygon
2026-02-10,MSFT,Microsoft Corporation,Equity,Software & Cloud,419.62,423.68,412.7,413.27,44857850,-0.000798,0.4832561759784931,0.41278164166421183,0.3247804573958837,,,4.16,3.45,0.71,3.64,327.46,polygon
2026-02-09,MSFT,Microsoft Corporation,Equity,Software & Cloud,404.85,414.89,400.87,413.6,45480526,0.031061,0.48391530383929726,0.4127980925787524,0.3251875234971899,,,4.22,3.48,0.74,3.64,327.46,polygon
2026-02-06,MSFT,Microsoft Corporation,Equity,Software & Cloud,399.165,401.79,392.92,401.14,53515311,0.018975,0.46437696656532923,0.3992362343377111,0.31792853512745367,,,4.22,3.5,0.72,3.64,327.46,polygon
2026-02-05,MSFT,Microsoft Corporation,Equity,Software & Cloud,407.44,408.3,392.32,393.67,66289247,-0.049542,0.4589004886723946,0.3933566256932099,0.31778127921542976,,,4.21,3.47,0.74,3.64,327.46,polygon
2026-02-04,MSFT,Microsoft Corporation,Equity,Software & Cloud,411.0,419.8,409.24,414.19,45012374,0.007247,0.43837142205894647,0.37085077399776545,0.30239689394258673,,,4.29,3.57,0.72,3.64,327.46,polygon
2026-02-03,MSFT,Microsoft Corporation,Equity,Software & Cloud,422.01,422.05,408.56,411.21,61424123,-0.028722,0.43623628701340605,0.3700206908257033,0.3036029449307714,,,4.28,3.57,0.71,3.64,327.46,polygon
2026-02-02,MSFT,Microsoft Corporation,Equity,Software & Cloud,430.235,430.736,422.25,423.37,42219858,-0.016082,0.43243470282562246,0.3681865015931564,0.29970621332943326,,,4.29,3.57,0.72,3.64,327.46,polygon
2026-01-30,MSFT,Microsoft Corporation,Equity,Software & Cloud,439.17,439.6,426.45,430.29,58566819,-0.007405,0.43100164706595867,0.36643328367981814,0.2985192917350441,,,4.26,3.52,0.74,3.64,326.588,polygon
2026-01-29,MSFT,Microsoft Corporation,Equity,Software & Cloud,439.99,442.5,421.02,433.5,128855323,-0.099931,0.4315823784887605,0.36672537921775816,0.29839561423873767,,,4.24,3.53,0.71,3.64,326.588,polygon
2026-01-28,MSFT,Microsoft Corporation,Equity,Software & Cloud,483.21,483.74,478.0,481.63,36875403,0.002185,0.23382549093340282,0.20268118450444464,0.21068319640830524,,,4.26,3.56,0.7,3.64,326.588,polygon
2026-01-27,MSFT,Microsoft Corporation,Equity,Software & Cloud,473.7,482.87,473.16,480.58,29213923,0.021902,0.2336070353945853,0.20483291942136136,0.21826240530131386,,,4.24,3.53,0.71,3.64,326.588,polygon
2026-01-26,MSFT,Microsoft Corporation,Equity,Software & Cloud,465.305,474.25,462.0,470.28,29291235,0.009293,0.2194371555274046,0.19673658519985626,0.21264140123320244,,,4.22,3.56,0.66,3.64,326.588,polygon
2026-01-23,MSFT,Microsoft Corporation,Equity,Software & Cloud,451.87,471.1,450.53,465.95,38000159,0.032828,0.2168810097778625,0.20946888717034856,0.216110114950233,,,4.24,3.6,0.64,3.64,326.588,polygon
2026-01-22,MSFT,Microsoft Corporation,Equity,Software & Cloud,447.62,452.84,444.7,451.14,25349378,0.015829,0.17773877512201,0.18337701449079755,0.20703089171863115,,,4.26,3.61,0.65,3.64,326.588,polygon
2026-01-21,MSFT,Microsoft Corporation,Equity,Software & Cloud,452.595,452.69,438.68,444.11,37980510,-0.022903,0.16601036193203944,0.18375980834176736,0.20429856824630713,,,4.26,3.6,0.66,3.64,326.588,polygon
2026-01-20,MSFT,Microsoft Corporation,Equity,Software & Cloud,451.215,456.8,449.28,454.52,26129992,-0.011612,0.16527152814870483,0.17448055069969065,0.19982861299073973,,,4.3,3.6,0.7,3.64,326.588,polygon
2026-01-16,MSFT,Microsoft Corporation,Equity,Software & Cloud,457.83,463.19,456.48,459.86,34246650,0.007007,0.1616935676941473,0.17355325550884979,0.1994787704361807,,,4.24,3.59,0.65,3.64,326.588,polygon
2026-01-15,MSFT,Microsoft Corporation,Equity,Software & Cloud,464.12,464.25,455.9,456.66,23225839,-0.005921,0.15969830702135365,0.18511657457349323,0.1987567326672719,,,4.17,3.56,0.61,3.64,326.588,polygon
2026-01-14,MSFT,Microsoft Corporation,Equity,Software & Cloud,466.46,468.2,457.1701,459.38,28184302,-0.023987,0.1604185005888665,0.18659509287585713,0.19930679949531796,,,4.15,3.51,0.64,3.64,326.588,polygon
2026-01-13,MSFT,Microsoft Corporation,Equity,Software & Cloud,474.675,475.7799,465.95,470.67,28545800,-0.013643,0.1421420828023697,0.17636017714387997,0.19405850478770995,,,4.18,3.53,0.65,3.64,326.588,polygon
2026-01-12,MSFT,Microsoft Corporation,Equity,Software & Cloud,476.67,480.99,475.6803,477.18,23519895,-0.004382,0.13988096626395058,0.1774482708007102,0.19240629859615282,,,4.19,3.54,0.65,3.64,326.588,polygon
2026-01-09,MSFT,Microsoft Corporation,Equity,Software & Cloud,474.06,479.82,472.2001,479.28,18491036,0.002447,0.16914496483625116,0.18470955551913606,0.19230150302159915,,,4.18,3.54,0.64,3.64,326.588,polygon
2026-01-08,MSFT,Microsoft Corporation,Equity,Software & Cloud,481.24,482.66,475.86,478.11,18162616,-0.011087,0.16903817920836664,0.18545717977837167,0.19215626727501017,,,4.19,3.49,0.7,3.64,326.588,polygon
2026-01-07,MSFT,Microsoft Corporation,Equity,Software & Cloud,479.755,489.7,477.95,483.47,25564196,0.010366,0.17525596286621797,0.1825094908865897,0.19158469063533126,,,4.15,3.47,0.68,3.64,326.588,polygon
2026-01-06,MSFT,Microsoft Corporation,Equity,Software & Cloud,473.8,478.7367,469.75,478.51,23037665,0.01197,0.17219978147718687,0.18460998650614552,0.19497194836508475,,,4.18,3.47,0.71,3.64,326.588,polygon
2026-01-05,MSFT,Microsoft Corporation,Equity,Software & Cloud,474.055,476.07,469.5,472.85,25250260,-0.00019,0.168375294623782,0.18817575955132365,0.1930703166208877,,,4.17,3.46,0.71,3.64,326.588,polygon
2026-01-02,MSFT,Microsoft Corporation,Equity,Software & Cloud,484.385,484.66,470.16,472.94,25571567,-0.022083,0.1891105417658271,0.1916610201068332,0.19317084334205473,,,4.19,3.47,0.72,3.64,326.588,polygon
2025-12-31,MSFT,Microsoft Corporation,Equity,Software & Cloud,487.84,488.14,483.3,483.62,15601554,-0.007918,0.17541277759591464,0.1969148420633619,0.18893212932613876,,,4.18,3.47,0.71,3.72,326.031,polygon
2025-12-30,MSFT,Microsoft Corporation,Equity,Software & Cloud,485.93,489.68,485.5,487.48,13944512,0.00078,0.177223117307516,0.1963196635254607,0.19417042862020445,,,4.14,3.45,0.69,3.72,326.031,polygon
2025-12-29,MSFT,Microsoft Corporation,Equity,Software & Cloud,484.855,488.35,484.18,487.1,10893408,-0.001251,0.18352288820864784,0.20107967534746268,0.1943204845990801,,,4.12,3.45,0.67,3.72,326.031,polygon
2025-12-26,MSFT,Microsoft Corporation,Equity,Software & Cloud,486.705,488.12,485.96,487.71,8842175,-0.000635,0.19316118166180066,0.20536028689457372,0.19480704889115025,,,4.14,3.46,0.68,3.72,326.031,polygon
2025-12-24,MSFT,Microsoft Corporation,Equity,Software & Cloud,485.68,489.1625,484.83,488.02,5855880,0.002403,0.19388388044791366,0.20618284706560808,0.1950192263380819,,,4.15,3.47,0.68,3.72,326.031,polygon
2025-12-23,MSFT,Microsoft Corporation,Equity,Software & Cloud,484.98,487.83,484.74,486.85,14683582,0.00398,0.19406397987380655,0.20681054871493196,0.19550238984250964,,,4.18,3.48,0.7,3.72,326.031,polygon
2025-12-22,MSFT,Microsoft Corporation,Equity,Software & Cloud,486.12,488.73,482.69,484.92,16963019,-0.002058,0.2003508236471151,0.2140263877648728,0.19578156972535554,,,4.17,3.44,0.73,3.72,326.031,polygon
2025-12-19,MSFT,Microsoft Corporation,Equity,Software & Cloud,487.36,487.85,482.49,485.92,70836105,0.004008,0.21041607878616553,0.21399426705479896,0.19674579364497402,,,4.16,3.48,0.68,3.72,326.031,polygon
2025-12-18,MSFT,Microsoft Corporation,Equity,Software & Cloud,478.19,489.6,477.89,483.98,28573545,0.016508,0.21486220294253175,0.22058685144886728,0.1968060435789533,,,4.12,3.46,0.66,3.72,326.031,polygon
2025-12-17,MSFT,Microsoft Corporation,Equity,Software & Cloud,476.905,480.0,475.0,476.12,24527176,-0.000567,0.22365850991454886,0.21667792962505789,0.19359004549962944,,,4.16,3.49,0.67,3.72,326.031,polygon
2025-12-16,MSFT,Microsoft Corporation,Equity,Software & Cloud,471.905,477.89,470.88,476.39,20705560,0.003307,0.2235989313167424,0.21672480666792263,0.1944767049748487,,,4.15,3.48,0.67,3.72,326.031,polygon
2025-12-15,MSFT,Microsoft Corporation,Equity,Software & Cloud,480.1,480.7205,472.52,474.82,23727694,-0.007753,0.2301558719122551,0.21600915896560383,,,,4.18,3.51,0.67,3.72,326.031,polygon
2025-12-12,MSFT,Microsoft Corporation,Equity,Software & Cloud,479.82,482.45,476.34,478.53,21248102,-0.010218,0.2337808385901081,0.21854184536419421,,,,4.19,3.52,0.67,3.72,326.031,polygon
2025-12-11,MSFT,Microsoft Corporation,Equity,Software & Cloud,476.63,486.03,475.86,483.47,24669180,0.01026,0.23382711202280304,0.23084845942098314,,,,4.14,3.52,0.62,3.72,326.031,polygon
2025-12-10,MSFT,Microsoft Corporation,Equity,Software & Cloud,484.03,484.25,475.08,478.56,35756229,-0.027357,0.23108194728928474,0.22720812427369572,,,,4.13,3.54,0.59,3.72,326.031,polygon
2025-12-09,MSFT,Microsoft Corporation,Equity,Software & Cloud,489.1,492.12,488.5001,492.02,14696078,0.002037,0.22301785679431524,0.22597623603094272,,,,4.18,3.61,0.57,3.72,326.031,polygon
2025-12-08,MSFT,Microsoft Corporation,Equity,Software & Cloud,484.885,492.3,484.38,491.02,21965900,0.016268,0.22283288463195297,0.2313307300478358,,,,4.17,3.57,0.6,3.72,326.031,polygon
2025-12-05,MSFT,Microsoft Corporation,Equity,Software & Cloud,482.515,483.4,478.8801,483.16,22608710,0.004825,0.2238570910498691,0.22612762470553893,,,,4.14,3.56,0.58,3.72,326.031,polygon
2025-12-04,MSFT,Microsoft Corporation,Equity,Software & Cloud,479.76,481.322,476.49,480.84,22318155,0.00651,0.22581712200198137,0.22521002814897534,,,,4.11,3.52,0.59,3.72,326.031,polygon
2025-12-03,MSFT,Microsoft Corporation,Equity,Software & Cloud,476.32,484.24,475.2,477.73,34615102,-0.025041,0.2231108820029306,0.2248947798281084,,,,4.06,3.49,0.57,3.72,326.031,polygon
2025-12-02,MSFT,Microsoft Corporation,Equity,Software & Cloud,486.715,493.4999,486.32,490.0,19562722,0.006698,0.2088666725303814,0.21461483156062214,,,,4.09,3.51,0.58,3.72,326.031,polygon
2025-12-01,MSFT,Microsoft Corporation,Equity,Software & Cloud,488.435,489.8599,484.6475,486.74,23963993,-0.010711,0.21035525683198653,0.21446657334255587,,,,4.09,3.54,0.55,3.72,326.031,polygon
2025-11-28,MSFT,Microsoft Corporation,Equity,Software & Cloud,487.595,492.63,486.65,492.01,14386730,0.013409,0.22774201984118417,0.21332846870527686,,,,4.02,3.47,0.55,3.88,325.063,polygon
2025-11-26,MSFT,Microsoft Corporation,Equity,Software & Cloud,486.31,488.31,481.2,485.5,25709079,0.017841,0.21880663548243695,0.20883654445029579,,,,4.0,3.45,0.55,3.88,325.063,polygon
2025-11-25,MSFT,Microsoft Corporation,Equity,Software & Cloud,474.07,479.15,464.89,476.99,28019793,0.006308,0.22149877066550386,0.2005510327803081,,,,4.01,3.43,0.58,3.88,325.063,polygon
2025-11-24,MSFT,Microsoft Corporation,Equity,Software & Cloud,475.0,476.9,468.02,474.0,34421046,0.003982,0.22908824016042548,0.19889803644035364,,,,4.04,3.46,0.58,3.88,325.063,polygon
2025-11-21,MSFT,Microsoft Corporation,Equity,Software & Cloud,478.5,478.92,468.27,472.12,31769248,-0.013189,0.23007272603817075,0.19958560764349534,,,,4.06,3.51,0.55,3.88,325.063,polygon
2025-11-20,MSFT,Microsoft Corporation,Equity,Software & Cloud,492.71,493.57,475.5,478.43,26802542,-0.01784,0.2284003133583407,0.20526627010793894,,,,4.1,3.55,0.55,3.88,325.063,polygon
2025-11-19,MSFT,Microsoft Corporation,Equity,Software & Cloud,490.1,495.1872,482.83,487.12,23245314,-0.013508,0.22477309360740214,0.20033966657666463,,,,4.13,3.58,0.55,3.88,325.063,polygon
2025-11-18,MSFT,Microsoft Corporation,Equity,Software & Cloud,495.365,502.98,486.78,493.79,33815114,-0.026996,0.22181783158609739,0.19785022359014043,,,,4.12,3.58,0.54,3.88,325.063,polygon
2025-11-17,MSFT,Microsoft Corporation,Equity,Software & Cloud,508.45,512.12,504.91,507.49,19092752,-0.005273,0.20350415442512856,0.18395112517447385,,,,4.13,3.6,0.53,3.88,325.063,polygon
2025-11-14,MSFT,Microsoft Corporation,Equity,Software & Cloud,498.23,511.6,497.44,510.18,28505746,0.01369,0.2032943076408461,0.1949839403059724,,,,4.14,3.62,0.52,3.88,325.063,polygon
2025-11-13,MSFT,Microsoft Corporation,Equity,Software & Cloud,510.31,513.5,501.29,503.29,25273114,-0.015358,0.19729151742542803,0.19073559390192407,,,,4.11,3.58,0.53,3.88,325.063,polygon
2025-11-12,MSFT,Microsoft Corporation,Equity,Software & Cloud,509.355,511.67,499.1201,511.14,26574851,0.004836,0.19008406296264063,0.1868218845597908,,,,4.08,3.56,0.52,3.88,325.063,polygon
2025-11-11,MSFT,Microsoft Corporation,Equity,Software & Cloud,504.8,509.6,502.3488,508.68,17980020,0.005296,0.1892009897162695,0.1865094449465654,,,,4.13,3.58,0.55,3.88,325.063,polygon
2025-11-10,MSFT,Microsoft Corporation,Equity,Software & Cloud,500.035,506.85,498.8,506.0,26101480,0.018478,0.1895060008441117,0.18687259743516973,,,,4.13,3.58,0.55,3.88,325.063,polygon
2025-11-07,MSFT,Microsoft Corporation,Equity,Software & Cloud,496.945,499.377,493.25,496.82,24019764,-0.000563,0.1908168262468449,0.17936542720137105,,,,4.11,3.55,0.56,3.88,325.063,polygon
2025-11-06,MSFT,Microsoft Corporation,Equity,Software & Cloud,505.66,505.7,495.81,497.1,27406496,-0.019836,0.19085281334263204,0.18154278339627603,,,,4.11,3.57,0.54,3.88,325.063,polygon
2025-11-05,MSFT,Microsoft Corporation,Equity,Software & Cloud,513.3,514.83,506.575,507.16,23024342,-0.01394,0.1803702480704219,0.17291605338709784,,,,4.17,3.63,0.54,3.88,325.063,polygon
2025-11-04,MSFT,Microsoft Corporation,Equity,Software & Cloud,511.76,515.55,507.84,514.33,20958663,-0.005222,0.17663487027658883,0.1679194833265677,,,,4.1,3.58,0.52,3.88,325.063,polygon
2025-11-03,MSFT,Microsoft Corporation,Equity,Software & Cloud,519.805,524.96,514.59,517.03,22374742,-0.001506,0.19261897672939712,0.16995315280053883,,,,4.13,3.6,0.53,3.88,325.063,polygon
2025-10-31,MSFT,Microsoft Corporation,Equity,Software & Cloud,528.875,529.32,515.1,517.81,34006424,-0.015121,0.19283787644376732,,,,,4.11,3.6,0.51,4.09,324.245,polygon
2025-10-30,MSFT,Microsoft Corporation,Equity,Software & Cloud,530.48,534.97,522.12,525.76,41023088,-0.029157,0.18689973999932277,,,,,4.11,3.61,0.5,4.09,324.245,polygon
2025-10-29,MSFT,Microsoft Corporation,Equity,Software & Cloud,544.94,546.27,536.7287,541.55,36023004,-0.000959,0.15143685548931518,,,,,4.08,3.59,0.49,4.09,324.245,polygon
2025-10-28,MSFT,Microsoft Corporation,Equity,Software & Cloud,550.0,553.72,540.77,542.07,29986683,0.019849,0.1517250340066456,,,,,3.99,3.47,0.52,4.09,324.245,polygon
2025-10-27,MSFT,Microsoft Corporation,Equity,Software & Cloud,531.78,534.58,529.01,531.52,18734716,0.015107,0.13913987750695272,,,,,4.01,3.48,0.53,4.09,324.245,polygon
2025-10-24,MSFT,Microsoft Corporation,Equity,Software & Cloud,522.79,525.345,520.71,523.61,15532360,0.005859,0.13322021691018276,,,,,4.02,3.48,0.54,4.09,324.245,polygon
2025-10-23,MSFT,Microsoft Corporation,Equity,Software & Cloud,522.46,523.95,518.61,520.56,14023532,3.8e-05,0.13478935391482985,,,,,4.01,3.48,0.53,4.09,324.245,polygon
2025-10-22,MSFT,Microsoft Corporation,Equity,Software & Cloud,521.15,525.23,517.71,520.54,18962694,0.005563,0.13477576822535167,,,,,3.97,3.45,0.52,4.09,324.245,polygon
2025-10-21,MSFT,Microsoft Corporation,Equity,Software & Cloud,517.5,518.69,513.04,517.66,15586204,0.001683,0.13911692580452864,,,,,3.98,3.45,0.53,4.09,324.245,polygon
2025-10-20,MSFT,Microsoft Corporation,Equity,Software & Cloud,514.61,518.7,513.43,516.79,14665620,0.00625,,,,,,4.0,3.46,0.54,4.09,324.245,polygon
2025-10-17,MSFT,Microsoft Corporation,Equity,Software & Cloud,509.04,515.48,507.31,513.58,19867765,0.003851,,,,,,4.02,3.46,0.56,4.09,324.245,polygon
2025-10-16,MSFT,Microsoft Corporation,Equity,Software & Cloud,512.58,516.85,508.13,511.61,15559565,-0.003545,,,,,,3.99,3.41,0.58,4.09,324.245,polygon
2025-10-15,MSFT,Microsoft Corporation,Equity,Software & Cloud,514.955,517.19,510.0,513.43,14694654,-0.000273,,,,,,4.05,3.5,0.55,4.09,324.245,polygon
2025-10-14,MSFT,Microsoft Corporation,Equity,Software & Cloud,510.225,515.282,506.0,513.57,14684300,-0.000934,,,,,,4.03,3.48,0.55,4.09,324.245,polygon
2025-10-13,MSFT,Microsoft Corporation,Equity,Software & Cloud,516.41,516.41,511.68,514.05,14284238,0.006047,,,,,,4.05,3.52,0.53,4.09,324.245,polygon
2025-10-10,MSFT,Microsoft Corporation,Equity,Software & Cloud,519.64,523.58,509.63,510.96,24133840,-0.021899,,,,,,4.05,3.52,0.53,4.09,324.245,polygon
2025-10-09,MSFT,Microsoft Corporation,Equity,Software & Cloud,522.335,524.325,517.4,522.4,18343602,-0.004668,,,,,,4.14,3.6,0.54,4.09,324.245,polygon
2025-10-08,MSFT,Microsoft Corporation,Equity,Software & Cloud,523.28,526.95,523.09,524.85,13363447,0.00166,,,,,,4.13,3.58,0.55,4.09,324.245,polygon
2025-10-07,MSFT,Microsoft Corporation,Equity,Software & Cloud,528.285,529.8,521.44,523.98,14615208,-0.008684,,,,,,4.14,3.57,0.57,4.09,324.245,polygon
2025-10-06,MSFT,Microsoft Corporation,Equity,Software & Cloud,518.61,531.03,518.2,528.57,21388581,0.021687,,,,,,4.18,3.6,0.58,4.09,324.245,polygon
2025-10-03,MSFT,Microsoft Corporation,Equity,Software & Cloud,517.1,520.49,515.0,517.35,15112321,0.003122,,,,,,4.13,3.58,0.55,4.09,324.245,polygon
2025-10-02,MSFT,Microsoft Corporation,Equity,Software & Cloud,517.64,521.6,510.6791,515.74,21222886,-0.007639,,,,,,4.1,3.55,0.55,4.09,324.245,polygon
2025-10-01,MSFT,Microsoft Corporation,Equity,Software & Cloud,514.8,520.505,511.69,519.71,22632336,0.003398,,,,,,4.12,3.55,0.57,4.09,324.245,polygon
2025-09-30,MSFT,Microsoft Corporation,Equity,Software & Cloud,513.24,518.16,509.66,517.95,19728229,0.00651,,,,,,4.16,3.6,0.56,4.22,324.245,polygon
2025-09-29,MSFT,Microsoft Corporation,Equity,Software & Cloud,511.5,516.845,508.88,514.6,17617775,0.006139,,,,,,4.15,3.63,0.52,4.22,324.245,polygon
2025-09-26,MSFT,Microsoft Corporation,Equity,Software & Cloud,510.06,513.94,506.62,511.46,16213129,0.008737,,,,,,4.2,3.63,0.57,4.22,324.245,polygon
2025-09-25,MSFT,Microsoft Corporation,Equity,Software & Cloud,508.3,510.01,505.04,507.03,15786468,-0.006116,,,,,,4.18,3.64,0.54,4.22,324.245,polygon
2025-09-24,MSFT,Microsoft Corporation,Equity,Software & Cloud,510.38,512.48,506.92,510.15,13533711,0.001807,,,,,,4.16,3.57,0.59,4.22,324.245,polygon
2025-09-23,MSFT,Microsoft Corporation,Equity,Software & Cloud,513.8,514.5899,507.31,509.23,19799580,-0.010147,,,,,,4.12,3.53,0.59,4.22,324.245,polygon
2025-09-22,MSFT,Microsoft Corporation,Equity,Software & Cloud,515.59,517.74,512.545,514.45,20009314,,,,,,,4.15,3.61,0.54,4.22,324.245,polygon
2026-09-18,NVDA,NVIDIA Corporation,Equity,Semiconductors,219.35,222.73,218.03,222.27,190287428,0.013358,0.4472072517317974,0.40435521479341197,0.3953402784300483,,,,,0.25,,,polygon
2026-09-17,NVDA,NVIDIA Corporation,Equity,Semiconductors,218.375,219.905,217.145,219.34,94191263,0.025432,0.4464318614421975,0.402550000454514,0.3948728436924806,,,4.94,4.67,0.27,,,polygon
2026-09-16,NVDA,NVIDIA Corporation,Equity,Semiconductors,214.14,216.76,212.5,213.9,96563590,0.008154,0.44372842601200146,0.40798589300267973,0.4017157223056519,,,5.01,4.74,0.27,,,polygon
2026-09-15,NVDA,NVIDIA Corporation,Equity,Semiconductors,213.375,213.94,211.16,212.17,88059658,0.005736,0.4421417312371953,0.4138540077922315,0.4019187216724588,,,5.0,4.67,0.33,,,polygon
2026-09-14,NVDA,NVIDIA Corporation,Equity,Semiconductors,211.24,212.77,208.93,210.96,132267244,-0.033579,0.44114141442318566,0.42160018824428086,0.40614080749656956,,,4.97,4.65,0.32,,,polygon
2026-09-11,NVDA,NVIDIA Corporation,Equity,Semiconductors,221.235,222.0,218.15,218.29,89060140,-0.000321,0.4271463626848355,0.4145885425683201,0.40076621139729457,,,4.96,4.63,0.33,,,polygon
2026-09-10,NVDA,NVIDIA Corporation,Equity,Semiconductors,220.525,220.99,217.2,218.36,105768001,-0.02374,0.4405474254613682,0.4193885571911914,0.4039897064665459,,,4.95,4.56,0.39,,,polygon
2026-09-09,NVDA,NVIDIA Corporation,Equity,Semiconductors,225.275,226.18,223.46,223.67,82955478,-0.009126,0.431690277795091,0.4279951645267625,0.40673083175127034,,,4.83,4.43,0.4,,,polygon
2026-09-08,NVDA,NVIDIA Corporation,Equity,Semiconductors,233.11,233.71,224.85,225.73,122965555,-0.020099,0.443110639640687,0.42615138587218426,0.40612986653682903,,,4.8,4.39,0.41,,,polygon
2026-09-04,NVDA,NVIDIA Corporation,Equity,Semiconductors,231.09,234.76,229.63,230.36,135352420,0.008361,0.44271694495307445,0.4505969264349367,0.40562288831774335,,,4.78,4.37,0.41,,,polygon
2026-09-03,NVDA,NVIDIA Corporation,Equity,Semiconductors,226.02,230.4,224.75,228.45,134681610,0.018003,0.442329597466278,0.4518668217124417,0.4137379670612239,,,4.77,4.34,0.43,,,polygon
2026-09-02,NVDA,NVIDIA Corporation,Equity,Semiconductors,218.785,227.95,218.48,224.41,157104683,0.032055,0.4528519720936201,0.45274686977029854,0.41240177160848207,,,4.79,4.39,0.4,,,polygon
2026-09-01,NVDA,NVIDIA Corporation,Equity,Semiconductors,216.75,220.41,215.1,217.44,109756184,-0.015128,0.44834859990464654,0.44843377220517067,0.4089118736173565,,,4.79,4.39,0.4,,,polygon
2026-08-31,NVDA,NVIDIA Corporation,Equity,Semiconductors,218.87,221.3,216.21,220.78,124702660,0.014847,0.45249891667037095,0.44841505052980857,0.42890405294481687,,,4.75,4.34,0.41,,,polygon
2026-08-28,NVDA,NVIDIA Corporation,Equity,Semiconductors,227.36,229.26,216.81,217.55,195116417,-0.04575,0.4591067741949546,0.44697290583521565,0.42943705063926096,,,4.73,4.34,0.39,,,polygon
2026-08-27,NVDA,NVIDIA Corporation,Equity,Semiconductors,222.86,230.47,220.9,227.98,298909822,0.08738,0.4230758211105381,0.428851897811754,0.42524894329085305,,,4.67,4.2,0.47,,,polygon
2026-08-26,NVDA,NVIDIA Corporation,Equity,Semiconductors,212.64,213.6,209.23,209.66,179900003,-0.015912,0.3530633560945523,0.3613893420738723,0.38829949765635646,,,4.66,4.19,0.47,,,polygon
2026-08-25,NVDA,NVIDIA Corporation,Equity,Semiconductors,211.025,214.73,210.11,213.05,122309019,0.021921,0.34626393557535023,0.3584740733112807,0.4071261667976585,,,4.64,4.17,0.47,,,polygon
2026-08-24,NVDA,NVIDIA Corporation,Equity,Semiconductors,215.53,215.59,207.25,208.48,135187288,-0.029061,0.38849348296170766,0.37154478282460784,0.4057208284981084,,,4.7,4.24,0.46,,,polygon
2026-08-21,NVDA,NVIDIA Corporation,Equity,Semiconductors,218.42,218.74,214.5,214.72,98869300,-0.009822,0.37497446765421233,0.3764781219763854,0.4014919767044708,,,4.74,4.24,0.5,,,polygon
2026-08-20,NVDA,NVIDIA Corporation,Equity,Semiconductors,218.36,219.86,215.66,216.85,92457037,-0.003263,0.3776952107579993,0.39149226862621883,0.40156963294378145,,,4.69,4.19,0.5,,,polygon
2026-08-19,NVDA,NVIDIA Corporation,Equity,Semiconductors,221.67,222.87,216.76,217.56,96797314,-0.009921,0.38462576463270204,0.3920153738371064,0.40153632363510977,,,4.65,4.19,0.46,,,polygon
2026-08-18,NVDA,NVIDIA Corporation,Equity,Semiconductors,220.45,221.64,218.6902,219.74,103128247,-0.023421,0.38633939799776695,0.40210079090046924,0.4029802898059553,,,4.71,4.19,0.52,,,polygon
2026-08-17,NVDA,NVIDIA Corporation,Equity,Semiconductors,225.98,227.92,224.86,225.01,93678685,-0.000666,0.373378880034719,0.39371206767460354,0.40169163522397894,,,4.72,4.19,0.53,,,polygon
2026-08-14,NVDA,NVIDIA Corporation,Equity,Semiconductors,226.765,227.49,224.5,225.16,75680870,-0.000621,0.38489039055320756,0.3934005979198827,0.40253771222947393,,,4.68,4.17,0.51,,,polygon
2026-08-13,NVDA,NVIDIA Corporation,Equity,Semiconductors,225.055,227.23,223.71,225.3,98867226,0.0054,0.3969497311862767,0.3969112110669705,0.40287299692470485,,,4.63,4.15,0.48,,,polygon
2026-08-12,NVDA,NVIDIA Corporation,Equity,Semiconductors,221.04,225.1,220.2,224.09,108783636,0.030299,0.39684335474895854,0.3999337940339486,0.40368385024573505,,,4.68,4.2,0.48,,,polygon
2026-08-11,NVDA,NVIDIA Corporation,Equity,Semiconductors,222.17,222.2,216.2,217.5,101273148,-0.00023,0.40683083400791015,0.39786556717890625,0.409175919676507,,,4.7,4.22,0.48,,,polygon
2026-08-10,NVDA,NVIDIA Corporation,Equity,Semiconductors,223.4,224.1379,216.77,217.55,115846596,-0.028621,0.42870222906753175,0.398515678754899,0.4191240929543736,,,4.72,4.25,0.47,,,polygon
2026-08-07,NVDA,NVIDIA Corporation,Equity,Semiconductors,221.54,224.76,220.66,223.96,105669440,0.022695,0.4330271057732076,0.39106626358811897,0.41753167080456804,,,4.65,4.19,0.46,,,polygon
2026-08-06,NVDA,NVIDIA Corporation,Equity,Semiconductors,221.53,223.63,217.0,218.99,113940644,-0.001049,0.42973071518538936,0.39182569579084686,0.415155652043711,,,4.69,4.25,0.44,,,polygon
2026-08-05,NVDA,NVIDIA Corporation,Equity,Semiconductors,216.86,222.22,216.4,219.22,158187403,0.034349,0.44376269212897096,0.39240249629147994,0.417074788133961,,,4.63,4.18,0.45,,,polygon
2026-08-04,NVDA,NVIDIA Corporation,Equity,Semiconductors,211.3,213.06,209.05,211.94,134921997,0.025648,0.4314959587001644,0.40231482892364684,0.4127813676230219,,,4.63,4.2,0.43,,,polygon
2026-08-03,NVDA,NVIDIA Corporation,Equity,Semiconductors,197.69,208.74,196.85,206.64,128406883,0.02934,0.4243676946115236,0.39631858763000577,0.4110423170398111,,,4.7,4.25,0.45,,,polygon
2026-07-31,NVDA,NVIDIA Corporation,Equity,Semiconductors,198.4405,202.0,194.95,200.75,139961152,0.029276,0.41707635181238767,0.39642833562532864,0.42281912318056347,,,4.75,4.28,0.47,3.63,332.813,polygon
2026-07-30,NVDA,NVIDIA Corporation,Equity,Semiconductors,193.45,197.25,191.52,195.04,129010151,0.026472,0.40648386374185996,0.3879321753960329,0.4191178513727752,,,4.68,4.23,0.45,3.63,332.813,polygon
2026-07-29,NVDA,NVIDIA Corporation,Equity,Semiconductors,195.845,197.074,190.01,190.01,147680809,-0.035531,0.4063095044877168,0.38347632386966574,0.41548930237477805,,,4.67,4.22,0.45,3.63,332.813,polygon
2026-07-28,NVDA,NVIDIA Corporation,Equity,Semiconductors,195.0,198.7,192.74,197.01,134111494,0.002544,0.3881693750810798,0.3864148403408001,0.4090219643236821,,,4.61,4.26,0.35,3.63,332.813,polygon
2026-07-27,NVDA,NVIDIA Corporation,Equity,Semiconductors,208.2,208.75,195.44,196.51,154353698,-0.049942,0.39287064941380284,0.3863393560828431,0.42021944585971216,,,4.65,4.31,0.34,3.63,332.813,polygon
2026-07-24,NVDA,NVIDIA Corporation,Equity,Semiconductors,207.45,211.9099,204.81,206.84,114836805,-0.009197,0.3518901207206627,0.3617395444602845,0.40873118884845894,,,4.69,4.33,0.36,3.63,332.813,polygon
2026-07-23,NVDA,NVIDIA Corporation,Equity,Semiconductors,209.455,210.8687,205.96,208.76,110505328,-0.015562,0.3505664615073345,0.37811514448178035,0.4095837177714556,,,4.71,4.37,0.34,3.63,332.813,polygon
2026-07-22,NVDA,NVIDIA Corporation,Equity,Semiconductors,205.805,214.39,204.95,212.06,137645596,0.023011,0.37829590398752994,0.3752327556717755,0.416372983806136,,,4.67,4.31,0.36,3.63,332.813,polygon
2026-07-21,NVDA,NVIDIA Corporation,Equity,Semiconductors,207.54,208.65,204.01,207.29,108685563,0.019726,0.371184446945084,0.372680267612285,0.42276201645703937,,,4.63,4.26,0.37,3.63,332.813,polygon
2026-07-20,NVDA,NVIDIA Corporation,Equity,Semiconductors,205.87,207.74,202.28,203.28,88701540,0.002317,0.3791590268742938,0.4119247842281262,0.4219735058135634,,,4.6,4.21,0.39,3.63,332.813,polygon
2026-07-17,NVDA,NVIDIA Corporation,Equity,Semiconductors,202.64,206.645,197.97,202.81,144281910,-0.022131,0.38168118550312286,0.41600171088114024,0.4227872804562244,,,4.55,4.18,0.37,3.63,332.813,polygon
2026-07-16,NVDA,NVIDIA Corporation,Equity,Semiconductors,210.17,211.08,205.845,207.4,122986074,-0.024,0.3828674546723697,0.4242507293188729,0.4208076471945692,,,4.57,4.16,0.41,3.63,332.813,polygon
2026-07-15,NVDA,NVIDIA Corporation,Equity,Semiconductors,211.96,213.81,206.04,212.5,124797151,0.003305,0.3924243429737618,0.4194141097514559,0.41764536926627926,,,4.55,4.13,0.42,3.63,332.813,polygon
2026-07-14,NVDA,NVIDIA Corporation,Equity,Semiconductors,208.2,212.55,203.8,211.8,124379646,0.040633,0.39237941874464227,0.45685253700040457,0.4188712068109139,,,4.58,4.18,0.4,3.63,332.813,polygon
2026-07-13,NVDA,NVIDIA Corporation,Equity,Semiconductors,208.54,210.57,203.0,203.53,121411018,-0.03522,0.3749291076257168,0.4427493087530724,0.4110656933978834,,,4.62,4.26,0.36,3.63,332.813,polygon
2026-07-10,NVDA,NVIDIA Corporation,Equity,Semiconductors,202.0,211.0,201.92,210.96,148421001,0.040339,0.3776767058200791,0.43141720204296136,0.40468817002317914,,,4.56,4.21,0.35,3.63,332.813,polygon
2026-07-09,NVDA,NVIDIA Corporation,Equity,Semiconductors,204.46,204.585,198.96,202.78,132037359,-0.006565,0.35015773154822244,0.4153909932076709,0.40381411411020973,,,4.54,4.16,0.38,3.63,332.813,polygon
2026-07-08,NVDA,NVIDIA Corporation,Equity,Semiconductors,195.18,205.16,195.06,204.12,147419133,0.03651,0.3552841675074086,0.41515796027318813,0.40352051254799615,,,4.56,4.21,0.35,3.63,332.813,polygon
2026-07-07,NVDA,NVIDIA Corporation,Equity,Semiconductors,192.37,198.41,191.14,196.93,124154574,0.007057,0.3938362521582038,0.4022548031908647,0.40023681774195374,,,4.55,4.19,0.36,3.63,332.813,polygon
2026-07-06,NVDA,NVIDIA Corporation,Equity,Semiconductors,194.42,197.55,193.99,195.55,108999015,0.003696,0.39987038893001114,0.40300217371139807,0.400469607973638,,,4.48,4.13,0.35,3.63,332.813,polygon
2026-07-02,NVDA,NVIDIA Corporation,Equity,Semiconductors,197.14,200.055,192.35,194.83,142385548,-0.013918,0.4139118530097641,0.40548792416100626,0.4027317215062034,,,4.49,4.14,0.35,3.63,332.813,polygon
2026-07-01,NVDA,NVIDIA Corporation,Equity,Semiconductors,196.2,199.85,193.45,197.58,146147597,-0.012544,0.4129930443026709,0.4045653283044616,0.4014355182173569,,,4.48,4.17,0.31,3.63,332.813,polygon
2026-06-30,NVDA,NVIDIA Corporation,Equity,Semiconductors,197.24,200.63,195.11,200.09,166476665,0.02626,0.4722147543166264,0.40471725147213516,0.4003145643879013,,,4.44,4.14,0.3,3.63,332.568,polygon
2026-06-29,NVDA,NVIDIA Corporation,Equity,Semiconductors,193.85,196.18,189.8,194.97,148835724,0.012673,0.4621827650106658,0.411531128398472,0.3975119708523635,,,4.38,4.1,0.28,3.63,332.568,polygon
2026-06-26,NVDA,NVIDIA Corporation,Equity,Semiconductors,193.12,195.55,191.22,192.53,179304147,-0.016399,0.4602208139835439,0.4325266584782035,0.3970677056064264,,,4.38,4.07,0.31,3.63,332.568,polygon
2026-06-25,NVDA,NVIDIA Corporation,Equity,Semiconductors,200.08,200.8,192.13,195.74,150205647,-0.016382,0.4587537708173125,0.4385455714137383,0.40959426692006684,,,4.4,4.09,0.31,3.63,332.568,polygon
2026-06-24,NVDA,NVIDIA Corporation,Equity,Semiconductors,200.12,201.67,196.58,199.0,151810704,-0.005199,0.45668063615208637,0.43783775366377037,0.40914109278051153,,,4.41,4.11,0.3,3.63,332.568,polygon
2026-06-23,NVDA,NVIDIA Corporation,Equity,Semiconductors,202.17,203.77,200.0,200.04,153496196,-0.041265,0.45981329151430433,0.4427155966508179,0.41198477789930643,,,4.5,4.16,0.34,3.63,332.568,polygon
2026-06-22,NVDA,NVIDIA Corporation,Equity,Semiconductors,211.44,213.99,207.72,208.65,122041419,-0.009682,0.4420761562076656,0.4297343036966472,0.41216616707374065,,,4.51,4.24,0.27,3.63,332.568,polygon
2026-06-18,NVDA,NVIDIA Corporation,Equity,Semiconductors,207.33,211.39,206.5,210.69,241272013,0.029514,0.44484166697037,0.4318689108100445,0.41281758819951486,,,4.46,4.19,0.27,3.63,332.568,polygon
2026-06-17,NVDA,NVIDIA Corporation,Equity,Semiconductors,208.53,209.21,203.08,204.65,128363473,-0.013307,0.43026760267839964,0.4539184918922806,0.4093780067448741,,,4.49,4.2,0.29,3.63,332.568,polygon
2026-06-16,NVDA,NVIDIA Corporation,Equity,Semiconductors,211.18,211.49,207.29,207.41,125694100,-0.023723,0.43026968533980514,0.4530710525749782,0.40904366799922687,,,4.43,4.05,0.38,3.63,332.568,polygon
2026-06-15,NVDA,NVIDIA Corporation,Equity,Semiconductors,208.92,212.7107,208.34,212.45,149936688,0.035382,0.44860183120696195,0.44663124823688083,0.412126541906146,,,4.47,4.07,0.4,3.63,332.568,polygon
2026-06-12,NVDA,NVIDIA Corporation,Equity,Semiconductors,204.86,207.07,203.4385,205.19,112345314,0.001562,0.45850966248243435,0.4363161655738147,0.4075574634265979,,,4.48,4.09,0.39,3.63,332.568,polygon
2026-06-11,NVDA,NVIDIA Corporation,Equity,Semiconductors,201.49,205.66,199.54,204.87,158643204,0.022203,0.46776130967036195,0.458190867708106,0.4081343241135614,,,4.45,4.05,0.4,3.63,332.568,polygon
2026-06-10,NVDA,NVIDIA Corporation,Equity,Semiconductors,204.43,207.22,199.92,200.42,161746587,-0.037322,0.4600167483285994,0.45581734799556983,0.4063961153222342,,,4.55,4.13,0.42,3.63,332.568,polygon
2026-06-09,NVDA,NVIDIA Corporation,Equity,Semiconductors,210.615,211.4,199.34,208.19,180962450,-0.002157,0.4499522593725682,0.44505194064669895,0.399016461624594,,,4.53,4.13,0.4,3.63,332.568,polygon
2026-06-08,NVDA,NVIDIA Corporation,Equity,Semiconductors,210.18,210.47,206.0,208.64,138372837,0.01726,0.4546810504715666,0.46030541309581363,0.4006787301870845,,,4.56,4.15,0.41,3.63,332.568,polygon
2026-06-05,NVDA,NVIDIA Corporation,Equity,Semiconductors,214.53,214.87,204.33,205.1,219655531,-0.062014,0.4548759468368041,0.47401384082985726,0.4010878556350043,,,4.55,4.17,0.38,3.63,332.568,polygon
2026-06-04,NVDA,NVIDIA Corporation,Equity,Semiconductors,213.905,221.6,210.97,218.66,169022152,0.018207,0.43372715320122157,0.4351266448233565,0.37712319817291806,,,4.47,4.05,0.42,3.63,332.568,polygon
2026-06-03,NVDA,NVIDIA Corporation,Equity,Semiconductors,221.72,222.82,214.51,214.75,160907001,-0.036218,0.4340623864698728,0.4338154419387027,0.3762354008877345,,,4.49,4.08,0.41,3.63,332.568,polygon
2026-06-02,NVDA,NVIDIA Corporation,Equity,Semiconductors,227.18,232.28,221.35,222.82,193362903,-0.006864,0.4085811262817213,0.41965938309934603,0.37020469181342924,,,4.46,4.05,0.41,3.63,332.568,polygon
2026-06-01,NVDA,NVIDIA Corporation,Equity,Semiconductors,215.73,224.87,215.7,224.36,212850685,0.062612,0.40812232068202664,0.4185849972276563,0.3762463172806074,,,4.47,4.05,0.42,3.63,332.568,polygon
2026-05-29,NVDA,NVIDIA Corporation,Equity,Semiconductors,214.575,217.8599,211.13,211.14,289410623,-0.014516,0.395647162354198,0.3843586879206825,0.3567490999157836,,,4.45,3.98,0.47,3.63,333.979,polygon
2026-05-28,NVDA,NVIDIA Corporation,Equity,Semiconductors,211.275,215.5191,211.22,214.25,143996048,0.007761,0.39776423489588936,0.38138822547509893,0.35610996880245055,,,4.45,3.99,0.46,3.63,333.979,polygon
2026-05-27,NVDA,NVIDIA Corporation,Equity,Semiconductors,214.12,214.15,208.78,212.6,167601172,-0.010518,0.4006222047406341,0.3820855212282113,0.3575166986874888,,,4.48,4.0,0.48,3.63,333.979,polygon
2026-05-26,NVDA,NVIDIA Corporation,Equity,Semiconductors,216.54,218.18,212.0,214.86,187202576,-0.002183,0.42206716467998084,0.39278088267975936,0.3606289866874211,,,4.5,4.01,0.49,3.63,333.979,polygon
2026-05-22,NVDA,NVIDIA Corporation,Equity,Semiconductors,220.904,221.01,214.8,215.33,169275710,-0.019042,0.44474082101338736,0.3923187398406078,0.3724959362408556,,,4.56,4.13,0.43,3.63,333.979,polygon
2026-05-21,NVDA,NVIDIA Corporation,Equity,Semiconductors,222.29,227.3999,217.93,219.51,203381760,-0.01772,0.44183380176935827,0.39024207417649703,0.3890027559773437,,,4.57,4.08,0.49,3.63,333.979,polygon
2026-05-20,NVDA,NVIDIA Corporation,Equity,Semiconductors,223.18,226.13,220.495,223.47,184201587,0.012964,0.43561693902760096,0.38379287724569877,0.38754835995825815,,,4.57,4.04,0.53,3.63,333.979,polygon
2026-05-19,NVDA,NVIDIA Corporation,Equity,Semiconductors,219.62,224.48,217.91,220.61,140948207,-0.007692,0.43817000771546366,0.3859805990602322,0.3870480087591522,,,4.67,4.13,0.54,3.63,333.979,polygon
2026-05-18,NVDA,NVIDIA Corporation,Equity,Semiconductors,229.87,230.0,218.37,222.32,146280896,-0.013314,0.4361408539832916,0.3836823472898215,0.38671085688750806,,,4.61,4.07,0.54,3.63,333.979,polygon
2026-05-15,NVDA,NVIDIA Corporation,Equity,Semiconductors,229.76,231.5,224.24,225.32,180977639,-0.044201,0.4328879268377597,0.37905070371577204,0.38555085897229,,,4.59,4.09,0.5,3.63,333.979,polygon
2026-05-14,NVDA,NVIDIA Corporation,Equity,Semiconductors,229.85,236.54,229.3,235.74,180782857,0.043883,0.39258512065911133,0.343887629802271,0.3723174881018146,,,4.47,4.0,0.47,3.63,333.979,polygon
2026-05-13,NVDA,NVIDIA Corporation,Equity,Semiconductors,224.93,227.84,221.5653,225.83,150405386,0.022873,0.37206260988446477,0.3292152292050341,0.36423631718881655,,,4.46,3.98,0.48,3.63,333.979,polygon
2026-05-12,NVDA,NVIDIA Corporation,Equity,Semiconductors,218.545,223.75,214.92,220.78,159176619,0.006106,0.383349827523808,0.3529651853393701,0.36245451142215174,,,4.46,4.0,0.46,3.63,333.979,polygon
2026-05-11,NVDA,NVIDIA Corporation,Equity,Semiconductors,214.035,222.3,213.89,219.44,160685774,0.019703,0.3835478247440223,0.35955076852572176,0.36613245987571247,,,4.42,3.95,0.47,3.63,333.979,polygon
2026-05-08,NVDA,NVIDIA Corporation,Equity,Semiconductors,213.03,217.8,212.89,215.2,136421361,0.017494,0.38642567327866256,0.3689836158413461,0.3664959343183631,,,4.38,3.9,0.48,3.63,333.979,polygon
2026-05-07,NVDA,NVIDIA Corporation,Equity,Semiconductors,208.34,214.2,206.5,211.5,168307873,0.017659,0.3848989288049029,0.39514645479110694,0.36532981320387237,,,4.41,3.92,0.49,3.63,333.979,polygon
2026-05-06,NVDA,NVIDIA Corporation,Equity,Semiconductors,199.89,208.265,198.61,207.83,188362812,0.057659,0.38678432823658876,0.395761199185823,0.3644109745197833,,,4.36,3.87,0.49,3.63,333.979,polygon
2026-05-05,NVDA,NVIDIA Corporation,Equity,Semiconductors,199.3,200.24,196.03,196.5,113406620,-0.009976,0.3439200770866005,0.3662997174982704,0.3497161462271373,,,4.43,3.93,0.5,3.63,333.979,polygon
2026-05-04,NVDA,NVIDIA Corporation,Equity,Semiconductors,199.5,201.73,194.74,198.48,125368092,0.000151,0.33996547384508247,0.3658129949983819,0.38100081631565774,,,4.45,3.95,0.5,3.63,333.979,polygon
2026-05-01,NVDA,NVIDIA Corporation,Equity,Semiconductors,201.28,203.0,197.12,198.45,128646996,-0.005612,0.3396784236145979,0.38193048240343,0.3823432642605635,,,4.39,3.88,0.51,3.63,333.979,polygon
2026-04-30,NVDA,NVIDIA Corporation,Equity,Semiconductors,209.93,210.3,198.7,199.57,225239156,-0.04626,0.3371652201768046,0.3831261989603877,0.38945176288862265,,,4.4,3.88,0.52,3.64,332.407,polygon
2026-04-29,NVDA,NVIDIA Corporation,Equity,Semiconductors,212.7,212.72,207.5758,209.25,123711821,-0.018389,0.316225902276365,0.35382953807276574,0.3812374464336146,,,4.42,3.92,0.5,3.64,332.407,polygon
2026-04-28,NVDA,NVIDIA Corporation,Equity,Semiconductors,209.49,214.73,208.2,213.17,180275363,-0.015881,0.31129250367899497,0.3488062542740987,0.3843359630915561,,,4.36,3.84,0.52,3.64,332.407,polygon
2026-04-27,NVDA,NVIDIA Corporation,Equity,Semiconductors,209.645,216.825,207.38,216.61,187172421,0.040044,0.3185166131041917,0.3444112705247238,0.3830119084174675,,,4.35,3.78,0.57,3.64,332.407,polygon
2026-04-24,NVDA,NVIDIA Corporation,Equity,Semiconductors,199.96,210.95,199.81,208.27,214134441,0.043228,0.35195866005002613,0.3352802960310124,0.3751228612671666,,,4.31,3.78,0.53,3.64,332.407,polygon
2026-04-23,NVDA,NVIDIA Corporation,Equity,Semiconductors,202.46,203.829,197.2206,199.64,113561830,-0.014123,0.33172369632308407,0.31988352298877776,0.3666046253057423,,,4.34,3.83,0.51,3.64,332.407,polygon
2026-04-22,NVDA,NVIDIA Corporation,Equity,Semiconductors,200.99,202.5,199.0,202.5,107501042,0.013108,0.3250419634197008,0.3161975368388677,0.3657800566247135,,,4.3,3.79,0.51,3.64,332.407,polygon
2026-04-21,NVDA,NVIDIA Corporation,Equity,Semiconductors,202.13,202.75,199.0,199.88,107945302,-0.010789,0.3262485368510125,0.31582034050063873,0.3653050483557542,,,4.3,3.78,0.52,3.64,332.407,polygon
2026-04-20,NVDA,NVIDIA Corporation,Equity,Semiconductors,199.98,202.17,197.8397,202.06,119381388,0.001884,0.35018702889487036,0.3202883975086145,0.3655807958079434,,,4.26,3.72,0.54,3.64,332.407,polygon
2026-04-17,NVDA,NVIDIA Corporation,Equity,Semiconductors,199.9,201.7,199.27,201.68,160324416,0.016789,0.35443277868190376,0.335815935959013,0.3658437776783428,,,4.26,3.71,0.55,3.64,332.407,polygon
2026-04-16,NVDA,NVIDIA Corporation,Equity,Semiconductors,197.43,199.85,195.81,198.35,134012859,-0.002615,0.3549769303998719,0.3333928059365918,0.3688959766455858,,,4.32,3.78,0.54,3.64,332.407,polygon
2026-04-15,NVDA,NVIDIA Corporation,Equity,Semiconductors,196.54,200.4,195.74,198.87,185338388,0.01201,0.3563714051494859,0.33534247690862795,0.38098652011472267,,,4.29,3.76,0.53,3.64,332.407,polygon
2026-04-14,NVDA,NVIDIA Corporation,Equity,Semiconductors,190.84,196.51,190.77,196.51,161307010,0.038033,0.35794594855968315,0.3377150546010386,0.38047097689379994,,,4.26,3.76,0.5,3.64,332.407,polygon
2026-04-13,NVDA,NVIDIA Corporation,Equity,Semiconductors,186.03,189.66,185.74,189.31,133648180,0.003605,0.34289074373943224,0.3313386414976567,0.37524415940839717,,,4.3,3.78,0.52,3.64,332.407,polygon
2026-04-10,NVDA,NVIDIA Corporation,Equity,Semiconductors,184.31,190.0,184.3,188.63,160459524,0.025665,0.3479121851801651,0.3557368373053438,0.3764434190904861,,,4.31,3.81,0.5,3.64,332.407,polygon
2026-04-09,NVDA,NVIDIA Corporation,Equity,Semiconductors,181.84,184.08,180.62,183.91,116428523,0.010051,0.33709959151577146,0.3838569677898526,0.372927422378841,,,4.29,3.78,0.51,3.64,332.407,polygon
2026-04-08,NVDA,NVIDIA Corporation,Equity,Semiconductors,184.5,185.26,180.3,182.08,147732686,0.022347,0.3377295076219527,0.3851044596238546,0.37233639182284456,,,4.29,3.79,0.5,3.64,332.407,polygon
2026-04-07,NVDA,NVIDIA Corporation,Equity,Semiconductors,175.725,178.23,173.66,178.1,132534902,0.00259,0.3419954476496103,0.37931488576232075,0.36941099505937286,,,4.33,3.81,0.52,3.64,332.407,polygon
2026-04-06,NVDA,NVIDIA Corporation,Equity,Semiconductors,177.155,177.79,175.76,177.64,107564279,0.001409,0.35784777980842886,0.3805237385990021,0.37186429763998957,,,4.34,3.84,0.5,3.64,332.407,polygon
2026-04-02,NVDA,NVIDIA Corporation,Equity,Semiconductors,172.18,177.49,171.37,177.39,143143157,0.009331,0.35787217515650976,0.38209088848786565,0.3725146910436867,,,4.31,3.79,0.52,3.64,332.407,polygon
2026-04-01,NVDA,NVIDIA Corporation,Equity,Semiconductors,176.0,177.37,174.75,175.75,168132005,0.007741,0.36144529131725883,0.38064961399472175,0.37198276574548494,,,4.33,3.81,0.52,3.64,332.407,polygon
2026-03-31,NVDA,NVIDIA Corporation,Equity,Semiconductors,166.97,174.62,166.96,174.4,226181301,0.055882,0.36232291771721054,0.3833400776170745,0.37156365784328127,,,4.3,3.79,0.51,3.64,330.293,polygon
2026-03-30,NVDA,NVIDIA Corporation,Equity,Semiconductors,168.78,169.45,164.27,165.17,185626992,-0.014028,0.3212422665602191,0.34709599597224466,0.35426156987921487,,,4.35,3.82,0.53,3.64,330.293,polygon
2026-03-27,NVDA,NVIDIA Corporation,Equity,Semiconductors,170.0,170.97,167.01,167.52,196212684,-0.021724,0.34727869740572537,0.35010841770002643,0.35344558365253664,,,4.44,3.88,0.56,3.64,330.293,polygon
2026-03-26,NVDA,NVIDIA Corporation,Equity,Semiconductors,176.07,176.51,171.14,171.24,186152232,-0.041639,0.38658295600971,0.3479773901975521,0.3509846714788563,,,4.42,3.96,0.46,3.64,330.293,polygon
2026-03-25,NVDA,NVIDIA Corporation,Equity,Semiconductors,177.1,181.22,176.85,178.68,162602054,0.019863,0.36904719186142587,0.3289887410687737,0.3412370060027526,,,4.33,3.84,0.49,3.64,330.293,polygon
2026-03-24,NVDA,NVIDIA Corporation,Equity,Semiconductors,174.83,176.22,173.98,175.2,147667844,-0.002505,0.3614088379179161,0.3230148703582226,0.3393152916966711,,,4.39,3.9,0.49,3.64,330.293,polygon
2026-03-23,NVDA,NVIDIA Corporation,Equity,Semiconductors,177.255,178.37,174.76,175.64,182836294,0.017024,0.36432629264713867,0.3326205290300112,0.3393288043915622,,,4.34,3.83,0.51,3.64,330.293,polygon
2026-03-20,NVDA,NVIDIA Corporation,Equity,Semiconductors,178.0,178.26,171.72,172.7,241323528,-0.032818,0.360267900520663,0.3986159190257506,0.343212093151953,,,4.39,3.88,0.51,3.64,330.293,polygon
2026-03-19,NVDA,NVIDIA Corporation,Equity,Semiconductors,178.01,179.98,175.785,178.56,170968527,-0.0102,0.3441642438930326,0.3880675523044182,0.3379839989112335,,,4.25,3.79,0.46,3.64,330.293,polygon
2026-03-18,NVDA,NVIDIA Corporation,Equity,Semiconductors,182.48,183.38,180.33,180.4,156683136,-0.00841,0.34873794670719,0.4004028291407255,0.3465061629425707,,,4.26,3.76,0.5,3.64,330.293,polygon
2026-03-17,NVDA,NVIDIA Corporation,Equity,Semiconductors,185.06,185.4,181.6804,181.93,182497757,-0.007041,0.35045612384655167,0.4084065756626178,0.3479131151807921,,,4.2,3.68,0.52,3.64,330.293,polygon
2026-03-16,NVDA,NVIDIA Corporation,Equity,Semiconductors,182.97,188.88,181.41,183.22,217307380,0.016477,0.3581208955434268,0.4164419892916841,0.3570751307277318,,,4.23,3.68,0.55,3.64,330.293,polygon
2026-03-13,NVDA,NVIDIA Corporation,Equity,Semiconductors,184.92,186.09,179.94,180.25,160988424,-0.01578,0.3561966677412818,0.41329892306457033,0.3559095922312712,,,4.28,3.73,0.55,3.64,330.293,polygon
2026-03-12,NVDA,NVIDIA Corporation,Equity,Semiconductors,184.05,184.94,181.75,183.14,155762663,-0.015535,0.35449267525711525,0.41173155802052636,0.35454619529026743,,,4.27,3.76,0.51,3.64,330.293,polygon
2026-03-11,NVDA,NVIDIA Corporation,Equity,Semiconductors,185.91,187.62,184.45,186.03,145280386,0.006819,0.351569689944019,0.41241643183872434,0.35980279313907243,,,4.21,3.64,0.57,3.64,330.293,polygon
2026-03-10,NVDA,NVIDIA Corporation,Equity,Semiconductors,182.4,186.44,182.01,184.77,179118528,0.011607,0.36187064124754514,0.413221113805038,0.36104993245627176,,,4.15,3.57,0.58,3.64,330.293,polygon
2026-03-09,NVDA,NVIDIA Corporation,Equity,Semiconductors,176.83,182.91,175.56,182.65,177213588,0.027162,0.44655004035827656,0.4120235335859389,0.36049533720355703,,,4.12,3.56,0.56,3.64,330.293,polygon
2026-03-06,NVDA,NVIDIA Corporation,Equity,Semiconductors,179.84,182.7561,176.8201,177.82,189021949,-0.030108,0.44109377822177076,0.40657971795276243,0.35610878761605164,,,4.15,3.56,0.59,3.64,330.293,polygon
2026-03-05,NVDA,NVIDIA Corporation,Equity,Semiconductors,181.17,184.06,177.88,183.34,198779729,0.001639,0.44502738930846114,0.3977597236821021,0.35241033699036745,,,4.13,3.57,0.56,3.64,330.293,polygon
2026-03-04,NVDA,NVIDIA Corporation,Equity,Semiconductors,180.44,184.7,180.06,183.04,177731198,0.016606,0.4566354324935901,0.406579041480793,0.3525667701546912,,,4.09,3.54,0.55,3.64,330.293,polygon
2026-03-03,NVDA,NVIDIA Corporation,Equity,Semiconductors,178.49,180.9,176.92,180.05,178099430,-0.013317,0.46248923440246975,0.42459848829873753,0.353563757535655,,,4.06,3.51,0.55,3.64,330.293,polygon
2026-03-02,NVDA,NVIDIA Corporation,Equity,Semiconductors,175.01,183.46,174.64,182.48,209095331,0.029855,0.4612005621235472,0.42313422564639125,0.3531235701316758,,,4.05,3.47,0.58,3.64,330.293,polygon
2026-02-27,NVDA,NVIDIA Corporation,Equity,Semiconductors,181.25,182.59,176.38,177.19,311636494,-0.041646,0.44746576235622815,0.4186425249356711,0.3482753986459806,,,3.97,3.38,0.59,3.64,327.46,polygon
2026-02-26,NVDA,NVIDIA Corporation,Equity,Semiconductors,194.27,194.29,184.315,184.89,360807907,-0.054561,0.42891543878871313,0.40207796897992004,0.33851402777810097,,,4.02,3.42,0.6,3.64,327.46,polygon
2026-02-25,NVDA,NVIDIA Corporation,Equity,Semiconductors,194.45,197.6299,193.79,195.56,250637102,0.014052,0.38036652460654485,0.3655242675783045,0.31973747593095964,,,4.05,3.45,0.6,3.64,327.46,polygon
2026-02-24,NVDA,NVIDIA Corporation,Equity,Semiconductors,191.49,193.77,187.4,192.85,175123602,0.006787,0.37902249009251254,0.3637332891223834,0.3196832955543016,,,4.04,3.43,0.61,3.64,327.46,polygon
2026-02-23,NVDA,NVIDIA Corporation,Equity,Semiconductors,191.4,193.95,189.575,191.55,171584839,0.009114,0.38167068099531637,0.36343487708144123,0.32442171727656754,,,4.03,3.43,0.6,3.64,327.46,polygon
2026-02-20,NVDA,NVIDIA Corporation,Equity,Semiconductors,186.57,190.33,185.9378,189.82,178422337,0.010218,0.38148259672460727,0.36854472084231027,0.32645606792059,,,4.08,3.48,0.6,3.64,327.46,polygon
2026-02-19,NVDA,NVIDIA Corporation,Equity,Semiconductors,187.055,188.43,185.66,187.9,126554526,-0.000426,0.39225084115767334,0.3684911640866463,0.3266219150791108,,,4.08,3.47,0.61,3.64,327.46,polygon
2026-02-18,NVDA,NVIDIA Corporation,Equity,Semiconductors,188.75,190.37,186.76,187.98,164749125,0.016273,0.42524520611569044,0.36875280781658765,0.3334214306431533,,,4.09,3.47,0.62,3.64,327.46,polygon
2026-02-17,NVDA,NVIDIA Corporation,Equity,Semiconductors,181.75,187.15,179.18,184.97,162276860,0.011816,0.42162908392177817,0.3656776176208795,0.3367421372225079,,,4.05,3.43,0.62,3.64,327.46,polygon
2026-02-13,NVDA,NVIDIA Corporation,Equity,Semiconductors,187.475,187.5,181.59,182.81,161888021,-0.022093,0.4262964421450734,0.3659136723507846,0.34098215596119236,,,4.04,3.4,0.64,3.64,327.46,polygon
2026-02-12,NVDA,NVIDIA Corporation,Equity,Semiconductors,193.03,193.61,186.51,186.94,189932491,-0.016364,0.42197105771816984,0.36046817324982405,0.34011788895454026,,,4.09,3.47,0.62,3.64,327.46,polygon
2026-02-11,NVDA,NVIDIA Corporation,Equity,Semiconductors,192.45,193.26,188.77,190.05,144192685,0.008009,0.4177119789461707,0.3572973281704031,0.3403450587662738,,,4.18,3.52,0.66,3.64,327.46,polygon
2026-02-10,NVDA,NVIDIA Corporation,Equity,Semiconductors,191.38,192.48,188.12,188.54,136764825,-0.007893,0.41700897603375564,0.3583247147335001,0.348151521650684,,,4.16,3.45,0.71,3.64,327.46,polygon
2026-02-09,NVDA,NVIDIA Corporation,Equity,Semiconductors,184.26,193.66,183.95,190.04,196387351,0.024972,0.41584105136521554,0.35882827843591786,0.3478836379576695,,,4.22,3.48,0.74,3.64,327.46,polygon
2026-02-06,NVDA,NVIDIA Corporation,Equity,Semiconductors,176.69,187.0,174.6,185.41,231346241,0.078718,0.4140229923182829,0.3513634056421561,0.3491967452230789,,,4.22,3.5,0.72,3.64,327.46,polygon
2026-02-05,NVDA,NVIDIA Corporation,Equity,Semiconductors,174.925,176.815,171.03,171.88,206312890,-0.013261,0.31008741643748516,0.28288135434467204,0.33277294135401425,,,4.21,3.47,0.74,3.64,327.46,polygon
2026-02-04,NVDA,NVIDIA Corporation,Equity,Semiconductors,179.46,179.58,171.91,174.19,207014116,-0.034102,0.3082696895212618,0.28501379079184996,0.331874193896224,,,4.29,3.57,0.72,3.64,327.46,polygon
2026-02-03,NVDA,NVIDIA Corporation,Equity,Semiconductors,186.24,186.27,176.23,180.34,204019589,-0.028393,0.2869244648540317,0.28944246495191156,0.3329922651037313,,,4.28,3.57,0.71,3.64,327.46,polygon
2026-02-02,NVDA,NVIDIA Corporation,Equity,Semiconductors,187.2,190.3,184.88,185.61,165794054,-0.028881,0.2740611531933141,0.27919095819885775,0.32983417285165656,,,4.29,3.57,0.72,3.64,327.46,polygon
2026-01-30,NVDA,NVIDIA Corporation,Equity,Semiconductors,191.21,194.49,189.47,191.13,179489463,-0.007168,0.25392057785661354,0.28993500564198865,0.33462652547989447,,,4.26,3.52,0.74,3.64,326.588,polygon
2026-01-29,NVDA,NVIDIA Corporation,Equity,Semiconductors,191.34,193.48,186.06,192.51,171764375,0.005169,0.25278361612252237,0.2889091721416331,0.337614052512929,,,4.24,3.53,0.71,3.64,326.588,polygon
2026-01-28,NVDA,NVIDIA Corporation,Equity,Semiconductors,191.27,192.35,189.84,191.52,148552677,0.015913,0.2563748385396104,0.2891102726880048,0.33738912622133094,,,4.26,3.56,0.7,3.64,326.588,polygon
2026-01-27,NVDA,NVIDIA Corporation,Equity,Semiconductors,187.24,190.0,185.7,188.52,143711557,0.010994,0.25277623473374206,0.30473663604662526,0.3378306492688388,,,4.24,3.53,0.71,3.64,326.588,polygon
2026-01-26,NVDA,NVIDIA Corporation,Equity,Semiconductors,187.16,189.12,185.99,186.47,124799649,-0.006394,0.24977812101550945,0.30720711738841344,0.3428527998398591,,,4.22,3.56,0.66,3.64,326.588,polygon
2026-01-23,NVDA,NVIDIA Corporation,Equity,Semiconductors,187.5,189.6,186.8233,187.67,142748076,0.015311,0.26975575394426776,0.3072148521848441,0.35754978884792715,,,4.24,3.6,0.64,3.64,326.588,polygon
2026-01-22,NVDA,NVIDIA Corporation,Equity,Semiconductors,184.75,186.17,183.93,184.84,139636626,0.008292,0.2695029227225638,0.3041652490832318,0.3607711735500877,,,4.26,3.61,0.65,3.64,326.588,polygon
2026-01-21,NVDA,NVIDIA Corporation,Equity,Semiconductors,179.05,185.379,178.4,183.32,200380959,0.029483,0.29868241501807885,0.30733106133317184,0.3632932219898904,,,4.26,3.6,0.66,3.64,326.588,polygon
2026-01-20,NVDA,NVIDIA Corporation,Equity,Semiconductors,181.9,182.3786,177.61,178.07,223345257,-0.043817,0.28894485697338396,0.2951565188402034,0.35892562272795164,,,4.3,3.6,0.7,3.64,326.588,polygon
2026-01-16,NVDA,NVIDIA Corporation,Equity,Semiconductors,189.075,190.44,186.08,186.23,187967169,-0.004384,0.27739215469121203,0.2707962974614663,0.34685852436957865,,,4.24,3.59,0.65,3.64,326.588,polygon
2026-01-15,NVDA,NVIDIA Corporation,Equity,Semiconductors,186.5,189.7,186.33,187.05,206188642,0.02135,0.27700576564126134,0.27241602908804513,0.3471669011659754,,,4.17,3.56,0.61,3.64,326.588,polygon
2026-01-14,NVDA,NVIDIA Corporation,Equity,Semiconductors,184.32,184.46,180.8,183.14,159586135,-0.01437,0.2695178728962437,0.26671950557176327,0.34453186651639456,,,4.15,3.51,0.64,3.64,326.588,polygon
2026-01-13,NVDA,NVIDIA Corporation,Equity,Semiconductors,184.995,188.1099,183.4,185.81,160128939,0.004704,0.29104275591109136,0.2665578937680966,0.34355298140676294,,,4.18,3.53,0.65,3.64,326.588,polygon
2026-01-12,NVDA,NVIDIA Corporation,Equity,Semiconductors,183.22,187.12,183.02,184.94,137968453,0.000433,0.2964918466405322,0.2724871213827856,0.34412867767224936,,,4.19,3.54,0.65,3.64,326.588,polygon
2026-01-09,NVDA,NVIDIA Corporation,Equity,Semiconductors,185.08,186.34,183.6701,184.86,131327534,-0.000973,0.29741130136228305,0.2749821830465949,0.3441438868256084,,,4.18,3.54,0.64,3.64,326.588,polygon
2026-01-08,NVDA,NVIDIA Corporation,Equity,Semiconductors,189.11,189.55,183.71,185.04,172457048,-0.021522,0.2975915216159971,0.28632016635400376,0.3565324684990645,,,4.19,3.49,0.7,3.64,326.588,polygon
2026-01-07,NVDA,NVIDIA Corporation,Equity,Semiconductors,188.57,191.37,186.56,189.11,153543174,0.009987,0.2923877220066187,0.28391418719981104,0.3582451940682503,,,4.15,3.47,0.68,3.64,326.588,polygon
2026-01-06,NVDA,NVIDIA Corporation,Equity,Semiconductors,190.52,192.174,186.82,187.24,176862604,-0.004678,0.2917550708535508,0.2847893587979962,0.3723641294828428,,,4.18,3.47,0.71,3.64,326.588,polygon
2026-01-05,NVDA,NVIDIA Corporation,Equity,Semiconductors,191.76,193.63,186.15,188.12,183529733,-0.003866,0.29884407323304696,0.3003032168211356,0.37419156119770386,,,4.17,3.46,0.71,3.64,326.588,polygon
2026-01-02,NVDA,NVIDIA Corporation,Equity,Semiconductors,189.835,192.9299,188.26,188.85,148240462,0.012601,0.30134154628987614,0.3105441163623327,0.376761803495147,,,4.19,3.47,0.72,3.64,326.588,polygon
2025-12-31,NVDA,NVIDIA Corporation,Equity,Semiconductors,189.57,190.56,186.49,186.5,120100484,-0.005545,0.29988052258310166,0.3203113163443809,0.3759501675868683,,,4.18,3.47,0.71,3.72,326.031,polygon
2025-12-30,NVDA,NVIDIA Corporation,Equity,Semiconductors,188.24,188.99,186.93,187.54,97687274,-0.003613,0.30278505391320476,0.3246465394104445,0.37648261371116265,,,4.14,3.45,0.69,3.72,326.031,polygon
2025-12-29,NVDA,NVIDIA Corporation,Equity,Semiconductors,187.71,188.755,185.91,188.22,120006103,-0.012124,0.3108016760840835,0.32863595128432976,0.3766652470379378,,,4.12,3.45,0.67,3.72,326.031,polygon
2025-12-26,NVDA,NVIDIA Corporation,Equity,Semiconductors,189.92,192.69,188.0,190.53,139740292,0.01018,0.30874537706158073,0.3437962304993261,0.3762303240113742,,,4.14,3.46,0.68,3.72,326.031,polygon
2025-12-24,NVDA,NVIDIA Corporation,Equity,Semiconductors,187.94,188.91,186.59,188.61,65528545,-0.003171,0.3239362985394305,0.34251834441817613,0.3757361161603885,,,4.15,3.47,0.68,3.72,326.031,polygon
2025-12-23,NVDA,NVIDIA Corporation,Equity,Semiconductors,182.97,189.33,182.9,189.21,174873621,0.030051,0.32977756165860284,0.35283328188256236,0.37927174202791736,,,4.18,3.48,0.7,3.72,326.031,polygon
2025-12-22,NVDA,NVIDIA Corporation,Equity,Semiconductors,183.92,184.16,182.35,183.69,129064369,0.014918,0.31723574797731874,0.38080336959764016,0.3767156756430103,,,4.17,3.44,0.73,3.72,326.031,polygon
2025-12-19,NVDA,NVIDIA Corporation,Equity,Semiconductors,176.665,181.45,176.34,180.99,324925927,0.039336,0.3323085209279932,0.3779497920975419,0.3755709793200166,,,4.16,3.48,0.68,3.72,326.031,polygon
2025-12-18,NVDA,NVIDIA Corporation,Equity,Semiconductors,174.53,176.15,171.82,174.14,176096001,0.01872,0.3180297284195501,0.372277251676603,0.36711244363918155,,,4.12,3.46,0.66,3.72,326.031,polygon
2025-12-17,NVDA,NVIDIA Corporation,Equity,Semiconductors,176.1,176.13,170.31,170.94,222775464,-0.03815,0.3215761004875588,0.3681549364361134,0.36534670605681663,,,4.16,3.49,0.67,3.72,326.031,polygon
2025-12-16,NVDA,NVIDIA Corporation,Equity,Semiconductors,176.26,178.49,174.9,177.72,148588098,0.008112,0.3012184118384999,0.3693752045945054,0.3613437635287209,,,4.15,3.48,0.67,3.72,326.031,polygon
2025-12-15,NVDA,NVIDIA Corporation,Equity,Semiconductors,177.936,178.415,175.03,176.29,164775636,0.007256,0.3074266822308213,0.37549081646969573,,,,4.18,3.51,0.67,3.72,326.031,polygon
2025-12-12,NVDA,NVIDIA Corporation,Equity,Semiconductors,181.11,182.82,174.62,175.02,204274918,-0.032665,0.3262047380484287,0.3739112834576578,,,,4.19,3.52,0.67,3.72,326.031,polygon
2025-12-11,NVDA,NVIDIA Corporation,Equity,Semiconductors,180.275,181.32,176.62,180.93,182136641,-0.015508,0.3103502260593795,0.3672183501426923,,,,4.14,3.52,0.62,3.72,326.031,polygon
2025-12-10,NVDA,NVIDIA Corporation,Equity,Semiconductors,184.965,185.48,182.035,183.78,162785370,-0.006433,0.32148426733576363,0.37841694719835717,,,,4.13,3.54,0.59,3.72,326.031,polygon
2025-12-09,NVDA,NVIDIA Corporation,Equity,Semiconductors,185.56,185.7167,183.32,184.97,144719705,-0.003126,0.3826707272840103,0.4066465916360794,,,,4.18,3.61,0.57,3.72,326.031,polygon
2025-12-08,NVDA,NVIDIA Corporation,Equity,Semiconductors,182.64,188.0,182.4,185.55,204378106,0.017214,0.3825956351720826,0.41507025062118413,,,,4.17,3.57,0.6,3.72,326.031,polygon
2025-12-05,NVDA,NVIDIA Corporation,Equity,Semiconductors,183.89,184.66,180.91,182.41,143971098,-0.00529,0.39686748461446125,0.41720590745593267,,,,4.14,3.56,0.58,3.72,326.031,polygon
2025-12-04,NVDA,NVIDIA Corporation,Equity,Semiconductors,181.62,184.515,179.96,183.38,167364857,0.021104,0.39998158978425885,0.41793290503778546,,,,4.11,3.52,0.59,3.72,326.031,polygon
2025-12-03,NVDA,NVIDIA Corporation,Equity,Semiconductors,181.08,182.45,179.1101,179.59,165138023,-0.010305,0.4085326167215054,0.41369829421531445,,,,4.06,3.49,0.57,3.72,326.031,polygon
2025-12-02,NVDA,NVIDIA Corporation,Equity,Semiconductors,181.76,185.66,180.0,181.46,182632230,0.008559,0.4196852492726676,0.41327821165645645,,,,4.09,3.51,0.58,3.72,326.031,polygon
2025-12-01,NVDA,NVIDIA Corporation,Equity,Semiconductors,174.76,180.3,173.68,179.92,188130955,0.016497,0.4169199248831684,0.41251848358102633,,,,4.09,3.54,0.55,3.72,326.031,polygon
2025-11-28,NVDA,NVIDIA Corporation,Equity,Semiconductors,179.01,179.29,176.5,177.0,121332776,-0.018085,0.41174236440302664,0.4101841692534444,,,,4.02,3.47,0.55,3.88,325.063,polygon
2025-11-26,NVDA,NVIDIA Corporation,Equity,Semiconductors,181.63,182.91,178.24,180.26,183852010,0.013722,0.4288097356731332,0.4081730353255742,,,,4.0,3.45,0.55,3.88,325.063,polygon
2025-11-25,NVDA,NVIDIA Corporation,Equity,Semiconductors,174.91,178.16,169.55,177.82,320600271,-0.025911,0.46385919427898575,0.40615200849251365,,,,4.01,3.43,0.58,3.88,325.063,polygon
2025-11-24,NVDA,NVIDIA Corporation,Equity,Semiconductors,179.49,183.5,176.48,182.55,256618335,0.020517,0.46817980518792196,0.4199356021563906,,,,4.04,3.46,0.58,3.88,325.063,polygon
2025-11-21,NVDA,NVIDIA Corporation,Equity,Semiconductors,181.235,184.56,172.93,178.88,346926153,-0.009743,0.4693426868853297,0.4237778678134922,,,,4.06,3.51,0.55,3.88,325.063,polygon
2025-11-20,NVDA,NVIDIA Corporation,Equity,Semiconductors,195.95,196.0,179.85,180.64,343504849,-0.031525,0.4697089237419794,0.44670203802328473,,,,4.1,3.55,0.55,3.88,325.063,polygon
2025-11-19,NVDA,NVIDIA Corporation,Equity,Semiconductors,184.79,187.855,182.8301,186.52,247246436,0.028452,0.4555096012586187,0.44114923950800794,,,,4.13,3.58,0.55,3.88,325.063,polygon
2025-11-18,NVDA,NVIDIA Corporation,Equity,Semiconductors,183.375,184.8,179.65,181.36,213598877,-0.028081,0.44596713796436027,0.4379782737852564,,,,4.12,3.58,0.54,3.88,325.063,polygon
2025-11-17,NVDA,NVIDIA Corporation,Equity,Semiconductors,185.965,189.0,184.32,186.6,173628858,-0.018773,0.43430426723423227,0.43005329168209705,,,,4.13,3.6,0.53,3.88,325.063,polygon
2025-11-14,NVDA,NVIDIA Corporation,Equity,Semiconductors,182.86,191.01,180.58,190.17,186591856,0.017714,0.4287596264843714,0.4276231531546626,,,,4.14,3.62,0.52,3.88,325.063,polygon
2025-11-13,NVDA,NVIDIA Corporation,Equity,Semiconductors,191.05,191.44,183.85,186.86,207423074,-0.03581,0.4263698677389684,0.42496694786078587,,,,4.11,3.58,0.53,3.88,325.063,polygon
2025-11-12,NVDA,NVIDIA Corporation,Equity,Semiconductors,195.72,195.89,191.13,193.8,154935263,0.003313,0.40332843825327613,0.41158263220939756,,,,4.08,3.56,0.52,3.88,325.063,polygon
2025-11-11,NVDA,NVIDIA Corporation,Equity,Semiconductors,195.155,195.42,191.3,193.16,176483327,-0.029591,0.43697322214771694,0.4115933229506868,,,,4.13,3.58,0.55,3.88,325.063,polygon
2025-11-10,NVDA,NVIDIA Corporation,Equity,Semiconductors,195.11,199.94,193.79,199.05,198897134,0.057933,0.43073943711447377,0.4065473544285621,,,,4.13,3.58,0.55,3.88,325.063,polygon
2025-11-07,NVDA,NVIDIA Corporation,Equity,Semiconductors,184.9,188.32,178.91,188.15,264942255,0.000372,0.42547621606846964,0.377918097073171,,,,4.11,3.55,0.56,3.88,325.063,polygon
2025-11-06,NVDA,NVIDIA Corporation,Equity,Semiconductors,196.42,197.62,186.38,188.08,223029778,-0.036525,0.430669076477629,0.37790337833679255,,,,4.11,3.57,0.54,3.88,325.063,polygon
2025-11-05,NVDA,NVIDIA Corporation,Equity,Semiconductors,198.77,202.92,194.65,195.21,171350332,-0.017515,0.4150856966155422,0.3592655435552209,,,,4.17,3.63,0.54,3.88,325.063,polygon
2025-11-04,NVDA,NVIDIA Corporation,Equity,Semiconductors,203.0,203.9699,197.93,198.69,188919320,-0.039588,0.40909426134081206,0.35550255087523647,,,,4.1,3.58,0.52,3.88,325.063,polygon
2025-11-03,NVDA,NVIDIA Corporation,Equity,Semiconductors,208.08,211.335,205.56,206.88,180267285,0.02168,0.38137860920880445,0.3443061155735092,,,,4.13,3.6,0.53,3.88,325.063,polygon
2025-10-31,NVDA,NVIDIA Corporation,Equity,Semiconductors,206.45,207.97,202.07,202.49,179802178,-0.001972,0.378227326701534,,,,,4.11,3.6,0.51,4.09,324.245,polygon
2025-10-30,NVDA,NVIDIA Corporation,Equity,Semiconductors,205.15,206.16,201.41,202.89,178864443,-0.020044,0.37816769426334623,,,,,4.11,3.61,0.5,4.09,324.245,polygon
2025-10-29,NVDA,NVIDIA Corporation,Equity,Semiconductors,207.98,212.1899,204.775,207.04,308829564,0.029896,0.36792970333717834,,,,,4.08,3.59,0.49,4.09,324.245,polygon
2025-10-28,NVDA,NVIDIA Corporation,Equity,Semiconductors,193.05,203.15,191.91,201.03,297986180,0.04982,0.36497904797920355,,,,,3.99,3.47,0.52,4.09,324.245,polygon
2025-10-27,NVDA,NVIDIA Corporation,Equity,Semiconductors,189.99,192.0,188.4318,191.49,153452704,0.028079,0.3340036431148236,,,,,4.01,3.48,0.53,4.09,324.245,polygon
2025-10-24,NVDA,NVIDIA Corporation,Equity,Semiconductors,183.835,187.47,183.5,186.26,131296677,0.022508,0.3221389780577895,,,,,4.02,3.48,0.54,4.09,324.245,polygon
2025-10-23,NVDA,NVIDIA Corporation,Equity,Semiconductors,180.42,183.03,179.7901,182.16,111363718,0.010428,0.3139566983935833,,,,,4.01,3.48,0.53,4.09,324.245,polygon
2025-10-22,NVDA,NVIDIA Corporation,Equity,Semiconductors,181.14,183.44,176.76,180.28,162249552,-0.004858,0.31384832457968154,,,,,3.97,3.45,0.52,4.09,324.245,polygon
2025-10-21,NVDA,NVIDIA Corporation,Equity,Semiconductors,182.785,182.785,179.8,181.16,124240168,-0.008103,0.32935777019226975,,,,,3.98,3.45,0.53,4.09,324.245,polygon
2025-10-20,NVDA,NVIDIA Corporation,Equity,Semiconductors,183.13,185.2,181.73,182.64,128544711,-0.003166,,,,,,4.0,3.46,0.54,4.09,324.245,polygon
2025-10-17,NVDA,NVIDIA Corporation,Equity,Semiconductors,180.18,184.1,179.75,183.22,173135217,0.007755,,,,,,4.02,3.46,0.56,4.09,324.245,polygon
2025-10-16,NVDA,NVIDIA Corporation,Equity,Semiconductors,182.23,183.28,179.77,181.81,179723309,0.01101,,,,,,3.99,3.41,0.58,4.09,324.245,polygon
2025-10-15,NVDA,NVIDIA Corporation,Equity,Semiconductors,184.8,184.87,177.29,179.83,214450482,-0.001111,,,,,,4.05,3.5,0.55,4.09,324.245,polygon
2025-10-14,NVDA,NVIDIA Corporation,Equity,Semiconductors,184.77,184.8,179.7,180.03,205641380,-0.044021,,,,,,4.03,3.48,0.55,4.09,324.245,polygon
2025-10-13,NVDA,NVIDIA Corporation,Equity,Semiconductors,187.965,190.1099,185.96,188.32,153482755,0.028172,,,,,,4.05,3.52,0.53,4.09,324.245,polygon
2025-10-10,NVDA,NVIDIA Corporation,Equity,Semiconductors,193.505,195.62,182.05,183.16,268774359,-0.048865,,,,,,4.05,3.52,0.53,4.09,324.245,polygon
2025-10-09,NVDA,NVIDIA Corporation,Equity,Semiconductors,192.225,195.3,191.06,192.57,182997234,0.018296,,,,,,4.14,3.6,0.54,4.09,324.245,polygon
2025-10-08,NVDA,NVIDIA Corporation,Equity,Semiconductors,186.57,189.6,186.54,189.11,130168861,0.021995,,,,,,4.13,3.58,0.55,4.09,324.245,polygon
2025-10-07,NVDA,NVIDIA Corporation,Equity,Semiconductors,186.23,189.06,184.0,185.04,140088008,-0.002695,,,,,,4.14,3.57,0.57,4.09,324.245,polygon
2025-10-06,NVDA,NVIDIA Corporation,Equity,Semiconductors,185.5,187.23,183.33,185.54,157678104,-0.011086,,,,,,4.18,3.6,0.58,4.09,324.245,polygon
2025-10-03,NVDA,NVIDIA Corporation,Equity,Semiconductors,189.19,190.36,185.38,187.62,137596896,-0.006723,,,,,,4.13,3.58,0.55,4.09,324.245,polygon
2025-10-02,NVDA,NVIDIA Corporation,Equity,Semiconductors,189.6,191.05,188.06,188.89,136805821,0.008812,,,,,,4.1,3.55,0.55,4.09,324.245,polygon
2025-10-01,NVDA,NVIDIA Corporation,Equity,Semiconductors,185.24,188.14,183.9,187.24,173844901,0.003537,,,,,,4.12,3.55,0.57,4.09,324.245,polygon
2025-09-30,NVDA,NVIDIA Corporation,Equity,Semiconductors,182.08,187.35,181.48,186.58,236981032,0.02601,,,,,,4.16,3.6,0.56,4.22,324.245,polygon
2025-09-29,NVDA,NVIDIA Corporation,Equity,Semiconductors,180.425,184.0,180.32,181.85,193063455,0.02054,,,,,,4.15,3.63,0.52,4.22,324.245,polygon
2025-09-26,NVDA,NVIDIA Corporation,Equity,Semiconductors,178.17,179.77,174.93,178.19,148573732,0.002814,,,,,,4.2,3.63,0.57,4.22,324.245,polygon
2025-09-25,NVDA,NVIDIA Corporation,Equity,Semiconductors,174.48,180.26,173.125,177.69,191586733,0.004068,,,,,,4.18,3.64,0.54,4.22,324.245,polygon
2025-09-24,NVDA,NVIDIA Corporation,Equity,Semiconductors,179.77,179.78,175.4,176.97,143564116,-0.008182,,,,,,4.16,3.57,0.59,4.22,324.245,polygon
2025-09-23,NVDA,NVIDIA Corporation,Equity,Semiconductors,181.97,182.42,176.21,178.43,192559552,-0.028212,,,,,,4.12,3.53,0.59,4.22,324.245,polygon
2025-09-22,NVDA,NVIDIA Corporation,Equity,Semiconductors,175.3,184.55,174.7053,183.61,269637001,,,,,,,4.15,3.61,0.54,4.22,324.245,polygon
2026-09-18,QQQ,Invesco QQQ Trust,ETF,Technology,718.83,721.73,715.08,721.45,48478713,0.006319,0.13194508817401712,0.13258775711308995,0.20196213977671978,,,,,0.25,,,polygon
2026-09-17,QQQ,Invesco QQQ Trust,ETF,Technology,715.95,718.0401,713.32,716.92,37270287,0.017312,0.13035656129396608,0.13183204585841968,0.20177058069570117,,,4.94,4.67,0.27,,,polygon
2026-09-16,QQQ,Invesco QQQ Trust,ETF,Technology,708.0,711.88,700.0,704.72,35687958,0.000255,0.12735447994496737,0.123814733312455,0.20998111120440943,,,5.01,4.74,0.27,,,polygon
2026-09-15,QQQ,Invesco QQQ Trust,ETF,Technology,708.8,709.5299,703.635,704.54,26631661,-0.006543,0.12716252380930151,0.15881324419790516,0.21005015647556738,,,5.0,4.67,0.33,,,polygon
2026-09-14,QQQ,Invesco QQQ Trust,ETF,Technology,703.325,712.95,702.74,709.18,35218978,-0.007973,0.12595734316422036,0.16500031645121485,0.2161194600392185,,,4.97,4.65,0.32,,,polygon
2026-09-11,QQQ,Invesco QQQ Trust,ETF,Technology,715.68,717.63,713.63,714.88,26649142,0.008734,0.13129796089652873,0.1634542692109262,0.21648448068606857,,,4.96,4.63,0.33,,,polygon
2026-09-10,QQQ,Invesco QQQ Trust,ETF,Technology,707.55,712.06,706.855,708.69,31414409,-0.010638,0.13012350134430448,0.18554279157191772,0.2190375158017359,,,4.95,4.56,0.39,,,polygon
2026-09-09,QQQ,Invesco QQQ Trust,ETF,Technology,716.4,719.7,714.02,716.31,26763377,-0.002854,0.12538544849429972,0.1935902764608581,0.2274641059779934,,,4.83,4.43,0.4,,,polygon
2026-09-08,QQQ,Invesco QQQ Trust,ETF,Technology,720.909,721.886,715.57,718.36,28341416,-0.000835,0.12542074215002508,0.19610262745542856,0.22771770124225654,,,4.8,4.39,0.41,,,polygon
2026-09-04,QQQ,Invesco QQQ Trust,ETF,Technology,719.345,721.86,716.56,718.96,32871076,0.001797,0.13205103502060223,0.19646675317743315,0.23764350151450672,,,4.78,4.37,0.41,,,polygon
2026-09-03,QQQ,Invesco QQQ Trust,ETF,Technology,710.85,718.915,709.69,717.67,29449781,0.011886,0.1326310008657222,0.19998094524116058,0.24140708610163844,,,4.77,4.34,0.43,,,polygon
2026-09-02,QQQ,Invesco QQQ Trust,ETF,Technology,707.1,709.7988,705.1,709.24,23476207,0.002261,0.12893275895013676,0.20578612844754324,0.2413715894362684,,,4.79,4.39,0.4,,,polygon
2026-09-01,QQQ,Invesco QQQ Trust,ETF,Technology,707.39,712.3,704.66,707.64,35236116,-0.012724,0.17549570691428654,0.20624999229548993,0.24345336381435273,,,4.79,4.39,0.4,,,polygon
2026-08-31,QQQ,Invesco QQQ Trust,ETF,Technology,715.17,717.58,713.16,716.76,32237181,0.000461,0.17779882313273043,0.2092871363731669,0.26235310352343466,,,4.75,4.34,0.41,,,polygon
2026-08-28,QQQ,Invesco QQQ Trust,ETF,Technology,719.74,724.125,715.085,716.43,34105374,-0.00649,0.1783832424589147,0.20928147087098653,0.2624917615510242,,,4.73,4.34,0.39,,,polygon
2026-08-27,QQQ,Invesco QQQ Trust,ETF,Technology,716.93,721.35,714.525,721.11,28723451,0.013692,0.20357151901431864,0.21342694253310152,0.26224055474341246,,,4.67,4.2,0.47,,,polygon
2026-08-26,QQQ,Invesco QQQ Trust,ETF,Technology,708.41,713.02,707.97,711.37,20392390,0.000915,0.21742088547917085,0.21549920205450734,0.2608080050691297,,,4.66,4.19,0.47,,,polygon
2026-08-25,QQQ,Invesco QQQ Trust,ETF,Technology,711.22,714.04,707.45,710.72,23869646,0.006229,0.2214909800961563,0.21557844943218732,0.2611501682519006,,,4.64,4.17,0.47,,,polygon
2026-08-24,QQQ,Invesco QQQ Trust,ETF,Technology,709.66,709.79,702.7,706.32,37443142,-0.00998,0.22158281498931162,0.2173470844181172,0.2609180995768782,,,4.7,4.24,0.46,,,polygon
2026-08-21,QQQ,Invesco QQQ Trust,ETF,Technology,715.23,715.6738,709.2,713.44,33399407,0.003531,0.22241085901735935,0.222467359519452,0.26082949174446973,,,4.74,4.24,0.5,,,polygon
2026-08-20,QQQ,Invesco QQQ Trust,ETF,Technology,712.09,714.94,708.52,710.93,33396416,-0.007192,0.23337088512522247,0.2223999740718448,0.2607071509585925,,,4.69,4.19,0.5,,,polygon
2026-08-19,QQQ,Invesco QQQ Trust,ETF,Technology,720.39,721.4999,712.61,716.08,35801712,-0.001993,0.23262249199879093,0.22682591429928722,0.2629062157663351,,,4.65,4.19,0.46,,,polygon
2026-08-18,QQQ,Invesco QQQ Trust,ETF,Technology,720.21,722.13,715.92,717.51,48997172,-0.016935,0.2404692688179087,0.22684809729262292,0.26301750902026133,,,4.71,4.19,0.52,,,polygon
2026-08-17,QQQ,Invesco QQQ Trust,ETF,Technology,732.95,734.58,729.27,729.87,26452580,-0.001641,0.23088160226174362,0.2279763522173838,0.26059696735540505,,,4.72,4.19,0.53,,,polygon
2026-08-14,QQQ,Invesco QQQ Trust,ETF,Technology,733.41,734.39,728.32,731.07,23790607,-0.001366,0.23840710949611021,0.23140754383599238,0.2626196917395322,,,4.68,4.17,0.51,,,polygon
2026-08-13,QQQ,Invesco QQQ Trust,ETF,Technology,725.15,733.96,724.03,732.07,31599737,0.011566,0.2465289858896875,0.23738957464661276,0.2629656921678314,,,4.63,4.15,0.48,,,polygon
2026-08-12,QQQ,Invesco QQQ Trust,ETF,Technology,727.08,727.25,722.92,723.7,29065976,0.007307,0.24376040445058064,0.23915515122617834,0.26216365124381585,,,4.68,4.2,0.48,,,polygon
2026-08-11,QQQ,Invesco QQQ Trust,ETF,Technology,723.29,723.35,715.5,718.45,29286144,-0.003357,0.24550264916299092,0.24347086863964834,0.2636674992521981,,,4.7,4.22,0.48,,,polygon
2026-08-10,QQQ,Invesco QQQ Trust,ETF,Technology,722.39,724.67,720.33,720.87,26243183,-0.002987,0.254526591758061,0.2536095019144597,0.26397256597986046,,,4.72,4.25,0.47,,,polygon
2026-08-07,QQQ,Invesco QQQ Trust,ETF,Technology,720.15,723.63,716.51,723.03,31070371,0.011726,0.25458796557908925,0.25690751234260567,0.2647363326162445,,,4.65,4.19,0.46,,,polygon
2026-08-06,QQQ,Invesco QQQ Trust,ETF,Technology,710.82,719.32,708.5,714.65,33035860,-0.003694,0.25792076048914453,0.2557387292318813,0.2642899987623631,,,4.69,4.25,0.44,,,polygon
2026-08-05,QQQ,Invesco QQQ Trust,ETF,Technology,726.25,728.54,716.92,717.3,33540176,-0.009049,0.2576635392832251,0.255816914019261,0.26423765120372095,,,4.63,4.18,0.45,,,polygon
2026-08-04,QQQ,Invesco QQQ Trust,ETF,Technology,708.16,725.66,707.53,723.85,59778624,0.033968,0.2642470991572114,0.27270191311729153,0.2676724631448891,,,4.63,4.2,0.43,,,polygon
2026-08-03,QQQ,Invesco QQQ Trust,ETF,Technology,688.3,701.59,685.82,700.07,44965071,0.017558,0.241111194552709,0.25292894863190174,0.2588519362124135,,,4.7,4.25,0.45,,,polygon
2026-07-31,QQQ,Invesco QQQ Trust,ETF,Technology,692.11,695.77,680.0512,687.99,50540483,0.006496,0.23811019088393406,0.2586313621509874,0.25983179104626875,,,4.75,4.28,0.47,3.63,332.813,polygon
2026-07-30,QQQ,Invesco QQQ Trust,ETF,Technology,674.76,685.12,673.3,683.55,66753681,0.032974,0.23974592154413335,0.2585839564924493,0.2608290841666438,,,4.68,4.23,0.45,3.63,332.813,polygon
2026-07-29,QQQ,Invesco QQQ Trust,ETF,Technology,675.505,680.05,661.14,661.73,57233269,-0.02037,0.21509593481367734,0.24121870003785262,0.2520805397093348,,,4.67,4.22,0.45,3.63,332.813,polygon
2026-07-28,QQQ,Invesco QQQ Trust,ETF,Technology,676.23,679.4,667.88,675.49,51398741,-0.00972,0.2284251962395679,0.2560223275467567,0.24927986559350515,,,4.61,4.26,0.35,3.63,332.813,polygon
2026-07-27,QQQ,Invesco QQQ Trust,ETF,Technology,691.68,692.3,675.945,682.12,42681473,-0.003084,0.2305767652837414,0.256010959402103,0.24908617718006923,,,4.65,4.31,0.34,3.63,332.813,polygon
2026-07-24,QQQ,Invesco QQQ Trust,ETF,Technology,690.41,692.63,682.48,684.23,42876658,-0.011171,0.2333414612019713,0.27516871083064837,0.2492305189677635,,,4.69,4.33,0.36,3.63,332.813,polygon
2026-07-23,QQQ,Invesco QQQ Trust,ETF,Technology,694.67,698.66,687.79,691.96,44028575,-0.018983,0.23102790968740267,0.27940133989671284,0.24901146576162128,,,4.71,4.37,0.34,3.63,332.813,polygon
2026-07-22,QQQ,Invesco QQQ Trust,ETF,Technology,703.62,709.65,703.62,705.35,23692181,-0.005106,0.24943648948431957,0.27589884056816677,0.24555378387691257,,,4.67,4.31,0.36,3.63,332.813,polygon
2026-07-21,QQQ,Invesco QQQ Trust,ETF,Technology,706.57,710.05,702.8,708.97,33728341,0.018547,0.24926511843484483,0.27934897647487794,0.24792977445437717,,,4.63,4.26,0.37,3.63,332.813,polygon
2026-07-20,QQQ,Invesco QQQ Trust,ETF,Technology,702.16,705.8,695.51,696.06,29687558,0.00105,0.2567293014970936,0.3082567547919104,0.24578740918000197,,,4.6,4.21,0.39,3.63,332.813,polygon
2026-07-17,QQQ,Invesco QQQ Trust,ETF,Technology,691.65,702.3,686.76,695.33,54109267,-0.01503,0.25809309159523935,0.30821246222364546,0.24785324696816413,,,4.55,4.18,0.37,3.63,332.813,polygon
2026-07-16,QQQ,Invesco QQQ Trust,ETF,Technology,712.01,713.599,702.61,705.94,39402024,-0.01644,0.26099161792488196,0.30579269809710563,0.24572684610427406,,,4.57,4.16,0.41,3.63,332.813,polygon
2026-07-15,QQQ,Invesco QQQ Trust,ETF,Technology,723.85,724.36,710.23,717.74,32627583,-0.002709,0.2799068732536816,0.3030748948521523,0.24304619396022573,,,4.55,4.13,0.42,3.63,332.813,polygon
2026-07-14,QQQ,Invesco QQQ Trust,ETF,Technology,720.22,722.29,714.34,719.69,29448117,0.01117,0.28052846281500116,0.30373010438087555,0.2439640504701442,,,4.58,4.18,0.4,3.63,332.813,polygon
2026-07-13,QQQ,Invesco QQQ Trust,ETF,Technology,717.72,718.74,710.08,711.74,36552362,-0.01898,0.30109240457453607,0.3019459571688362,0.24329383000868776,,,4.62,4.26,0.36,3.63,332.813,polygon
2026-07-10,QQQ,Invesco QQQ Trust,ETF,Technology,720.7,726.39,717.0,725.51,26415898,0.003083,0.3019789329423515,0.29816029513241804,0.24052427849664024,,,4.56,4.21,0.35,3.63,332.813,polygon
2026-07-09,QQQ,Invesco QQQ Trust,ETF,Technology,718.33,724.23,715.125,723.28,33654712,0.016642,0.3050650683452704,0.2980101931430872,0.2426398703195234,,,4.54,4.16,0.38,3.63,332.813,polygon
2026-07-08,QQQ,Invesco QQQ Trust,ETF,Technology,704.95,712.2599,700.91,711.44,35603179,0.002833,0.3044156138564857,0.2985633015347972,0.24145405254088173,,,4.56,4.21,0.35,3.63,332.813,polygon
2026-07-07,QQQ,Invesco QQQ Trust,ETF,Technology,714.17,716.35,704.9,709.43,42483079,-0.018525,0.34927910608472007,0.29871803107669775,0.2414635771893439,,,4.55,4.19,0.36,3.63,332.813,polygon
2026-07-06,QQQ,Invesco QQQ Trust,ETF,Technology,719.93,726.08,718.45,722.82,30220428,0.014342,0.34421878784936194,0.293578001004555,0.2375154408274134,,,4.48,4.13,0.35,3.63,332.813,polygon
2026-07-02,QQQ,Invesco QQQ Trust,ETF,Technology,725.58,730.83,707.56,712.6,51086080,-0.017334,0.33949589293171517,0.29453813168148796,0.2425286759519593,,,4.49,4.14,0.35,3.63,332.813,polygon
2026-07-01,QQQ,Invesco QQQ Trust,ETF,Technology,729.19,731.92,724.6,725.17,40803791,-0.01525,0.335555789765479,0.2903244892852864,0.2387719410188796,,,4.48,4.17,0.31,3.63,332.813,polygon
2026-06-30,QQQ,Invesco QQQ Trust,ETF,Technology,724.18,737.62,723.91,736.4,42121829,0.017015,0.33228436892524016,0.28668738338856775,0.23556175394348713,,,4.44,4.14,0.3,3.63,332.568,polygon
2026-06-29,QQQ,Invesco QQQ Trust,ETF,Technology,713.99,724.58,705.172,724.08,44939090,0.024854,0.32688106785251164,0.2865884203835412,0.23404473381891608,,,4.38,4.1,0.28,3.63,332.568,polygon
2026-06-26,QQQ,Invesco QQQ Trust,ETF,Technology,707.13,715.555,702.81,706.52,47081821,-0.013764,0.3157253705445563,0.278034430349091,0.23067391706342047,,,4.38,4.07,0.31,3.63,332.568,polygon
2026-06-25,QQQ,Invesco QQQ Trust,ETF,Technology,725.9,726.83,705.3,716.38,50144089,0.008106,0.31252056524553407,0.27673821451594766,0.2358152057498702,,,4.4,4.09,0.31,3.63,332.568,polygon
2026-06-24,QQQ,Invesco QQQ Trust,ETF,Technology,715.37,719.93,704.45,710.62,52480437,-0.004246,0.3176725469470173,0.27693300817250827,0.23690341631697912,,,4.41,4.11,0.3,3.63,332.568,polygon
2026-06-23,QQQ,Invesco QQQ Trust,ETF,Technology,715.74,723.61,712.1101,713.65,53354151,-0.032929,0.3177559642339567,0.27678149762025284,0.2412596707522646,,,4.5,4.16,0.34,3.63,332.568,polygon
2026-06-22,QQQ,Invesco QQQ Trust,ETF,Technology,742.02,745.45,734.39,737.95,43518595,-0.003605,0.29357785722697183,0.26549892503979,0.23582699142989316,,,4.51,4.24,0.27,3.63,332.568,polygon
2026-06-18,QQQ,Invesco QQQ Trust,ETF,Technology,737.2,741.82,732.51,740.62,50154595,0.025065,0.29725599437779054,0.2651469506815885,0.23538388556842327,,,4.46,4.19,0.27,3.63,332.568,polygon
2026-06-17,QQQ,Invesco QQQ Trust,ETF,Technology,735.19,735.68,720.85,722.51,51669322,-0.01007,0.2873310166108359,0.2622931036435332,0.23235171189612014,,,4.49,4.2,0.29,3.63,332.568,polygon
2026-06-16,QQQ,Invesco QQQ Trust,ETF,Technology,742.25,744.22,729.64,729.86,45348675,-0.019005,0.2851665134040011,0.26157440835198587,0.23101119088328287,,,4.43,4.05,0.38,3.63,332.568,polygon
2026-06-15,QQQ,Invesco QQQ Trust,ETF,Technology,738.1,744.7599,737.38,744.0,46710216,0.031414,0.28185845761701195,0.25367522935197745,0.23078711044352038,,,4.47,4.07,0.4,3.63,332.568,polygon
2026-06-12,QQQ,Invesco QQQ Trust,ETF,Technology,717.61,724.01,711.28,721.34,51236021,0.005885,0.26196833227615635,0.24066464235231894,0.22413730593345407,,,4.48,4.09,0.39,3.63,332.568,polygon
2026-06-11,QQQ,Invesco QQQ Trust,ETF,Technology,699.29,718.3721,695.0,717.12,71798857,0.033776,0.2636669524877683,0.24127368517061776,0.22682619510851781,,,4.45,4.05,0.4,3.63,332.568,polygon
2026-06-10,QQQ,Invesco QQQ Trust,ETF,Technology,701.66,711.28,692.93,693.69,65334283,-0.019977,0.23702498606399544,0.22360926131664388,0.21789599768950146,,,4.55,4.13,0.42,3.63,332.568,polygon
2026-06-09,QQQ,Invesco QQQ Trust,ETF,Technology,722.98,725.66,686.37,707.83,91932171,-0.011507,0.2271734179590309,0.21681572923313958,0.2134400143476909,,,4.53,4.13,0.4,3.63,332.568,polygon
2026-06-08,QQQ,Invesco QQQ Trust,ETF,Technology,717.81,723.03,713.07,716.07,47401451,0.015616,0.23698079465420194,0.21297731998059877,0.21211383174578222,,,4.56,4.15,0.41,3.63,332.568,polygon
2026-06-05,QQQ,Invesco QQQ Trust,ETF,Technology,730.06,731.69,704.32,705.06,99606571,-0.048001,0.23148515101639994,0.2150293920600395,0.21451743651154354,,,4.55,4.17,0.38,3.63,332.568,polygon
2026-06-04,QQQ,Invesco QQQ Trust,ETF,Technology,735.48,743.4988,732.62,740.61,40782580,-0.004837,0.1561845647377395,0.15146837223782467,0.1856692606607706,,,4.47,4.05,0.42,3.63,332.568,polygon
2026-06-03,QQQ,Invesco QQQ Trust,ETF,Technology,747.31,748.65,741.01,744.21,40270198,-0.002613,0.1556760237846161,0.15321137085126837,0.18502438756039813,,,4.49,4.08,0.41,3.63,332.568,polygon
2026-06-02,QQQ,Invesco QQQ Trust,ETF,Technology,742.4,746.44,739.23,746.16,30085237,0.004605,0.15525726963952677,0.15375194243404625,0.18568947159727295,,,4.46,4.05,0.41,3.63,332.568,polygon
2026-06-01,QQQ,Invesco QQQ Trust,ETF,Technology,737.04,745.65,735.99,742.74,33890559,0.006,0.15610948802505206,0.15546788010252113,0.18962651588003182,,,4.47,4.05,0.42,3.63,332.568,polygon
2026-05-29,QQQ,Invesco QQQ Trust,ETF,Technology,737.84,741.63,735.25,738.31,37541668,0.003684,0.1567701815238542,0.15736594901680265,0.18998168022158854,,,4.45,3.98,0.47,3.63,333.979,polygon
2026-05-28,QQQ,Invesco QQQ Trust,ETF,Technology,729.73,736.6,726.41,735.6,32839952,0.008431,0.15669291911434335,0.15733379107209455,0.19155738382626605,,,4.45,3.99,0.46,3.63,333.979,polygon
2026-05-27,QQQ,Invesco QQQ Trust,ETF,Technology,732.96,733.32,725.44,729.45,35148674,-0.001137,0.1650360973145463,0.15923256602869848,0.19341787384712633,,,4.48,4.0,0.48,3.63,333.979,polygon
2026-05-26,QQQ,Invesco QQQ Trust,ETF,Technology,725.96,731.17,724.16,730.28,34254692,0.017755,0.16442445956057997,0.16248780489226997,0.1932572285948697,,,4.5,4.01,0.49,3.63,333.979,polygon
2026-05-22,QQQ,Invesco QQQ Trust,ETF,Technology,718.07,722.12,715.95,717.54,33118575,0.004241,0.16583324384300205,0.1591427648688647,0.1912714613846345,,,4.56,4.13,0.43,3.63,333.979,polygon
2026-05-21,QQQ,Invesco QQQ Trust,ETF,Technology,708.99,717.12,706.77,714.51,36415360,0.001907,0.1696015308446242,0.1595188309678701,0.1936486778878305,,,4.57,4.08,0.49,3.63,333.979,polygon
2026-05-20,QQQ,Invesco QQQ Trust,ETF,Technology,705.29,713.15,703.79,713.15,36779222,0.016564,0.17472437775769623,0.1592504035742421,0.19518156860567903,,,4.57,4.04,0.53,3.63,333.979,polygon
2026-05-19,QQQ,Invesco QQQ Trust,ETF,Technology,699.81,706.49,695.25,701.53,46827529,-0.006163,0.1718426561566593,0.17092100237314942,0.19380134509241548,,,4.67,4.13,0.54,3.63,333.979,polygon
2026-05-18,QQQ,Invesco QQQ Trust,ETF,Technology,711.54,712.07,698.85,705.88,49834549,-0.004302,0.1699346732712755,0.16800706362188525,0.19535741398446024,,,4.61,4.07,0.54,3.63,333.979,polygon
2026-05-15,QQQ,Invesco QQQ Trust,ETF,Technology,710.14,715.13,705.55,708.93,51792656,-0.015088,0.169832094985322,0.16510744149745155,0.1952639220858794,,,4.59,4.09,0.5,3.63,333.979,polygon
2026-05-14,QQQ,Invesco QQQ Trust,ETF,Technology,714.62,722.03,714.22,719.79,33327545,0.007108,0.1534381850951464,0.1528592890266139,0.19218194432322236,,,4.47,4.0,0.47,3.63,333.979,polygon
2026-05-13,QQQ,Invesco QQQ Trust,ETF,Technology,709.96,716.65,704.83,714.71,40012526,0.010562,0.15596070339128937,0.1536376896901253,0.19221670526717838,,,4.46,3.98,0.48,3.63,333.979,polygon
2026-05-12,QQQ,Invesco QQQ Trust,ETF,Technology,708.22,710.18,696.64,707.24,45873009,-0.008482,0.16070293294738047,0.17118917968646358,0.19171496785834524,,,4.46,4.0,0.46,3.63,333.979,polygon
2026-05-11,QQQ,Invesco QQQ Trust,ETF,Technology,710.36,714.59,708.91,713.29,36019146,0.002896,0.15154722532970963,0.17050158398362086,0.19029344654530805,,,4.42,3.95,0.47,3.63,333.979,polygon
2026-05-08,QQQ,Invesco QQQ Trust,ETF,Technology,699.92,711.23,699.5,711.23,44320421,0.023441,0.15216900259855815,0.18799780472757904,0.19624959762748886,,,4.38,3.9,0.48,3.63,333.979,polygon
2026-05-07,QQQ,Invesco QQQ Trust,ETF,Technology,696.58,701.24,691.77,694.94,43779087,-0.001193,0.14079199409183582,0.20245412169425833,0.1914541933190763,,,4.41,3.92,0.49,3.63,333.979,polygon
2026-05-06,QQQ,Invesco QQQ Trust,ETF,Technology,687.78,695.93,686.48,695.77,38778492,0.020774,0.15829414152327714,0.20144430409154024,0.19184133563679637,,,4.36,3.87,0.49,3.63,333.979,polygon
2026-05-05,QQQ,Invesco QQQ Trust,ETF,Technology,677.96,682.7734,677.51,681.61,37101063,0.012974,0.15354940600210162,0.19969877960672644,0.1883171951065177,,,4.43,3.93,0.5,3.63,333.979,polygon
2026-05-04,QQQ,Invesco QQQ Trust,ETF,Technology,674.66,676.73,668.9,672.88,34541990,-0.001884,0.15206361237118507,0.19890594241457862,0.19102456565558762,,,4.45,3.95,0.5,3.63,333.979,polygon
2026-05-01,QQQ,Invesco QQQ Trust,ETF,Technology,669.16,675.97,668.8,674.15,39172607,0.0096,0.1502674300202977,0.2094843698775585,0.1938470567467231,,,4.39,3.88,0.51,3.63,333.979,polygon
2026-04-30,QQQ,Invesco QQQ Trust,ETF,Technology,665.35,668.9,657.56,667.74,40622226,0.009326,0.15118735021716942,0.20994176497753647,0.19716686913185116,,,4.4,3.88,0.52,3.64,332.407,polygon
2026-04-29,QQQ,Invesco QQQ Trust,ETF,Technology,658.63,661.72,656.5899,661.57,31724860,0.006114,0.17661603274275844,0.21550418088089188,0.19942010652282668,,,4.42,3.92,0.5,3.64,332.407,polygon
2026-04-28,QQQ,Invesco QQQ Trust,ETF,Technology,657.41,659.64,653.81,657.55,34147916,-0.010057,0.18481816454880604,0.21538399334634592,0.19950891883269323,,,4.36,3.84,0.52,3.64,332.407,polygon
2026-04-27,QQQ,Invesco QQQ Trust,ETF,Technology,663.4,664.43,660.69,664.23,32717030,0.000527,0.19879890172860465,0.21291412466374454,0.20001626962770527,,,4.35,3.78,0.57,3.64,332.407,polygon
2026-04-24,QQQ,Invesco QQQ Trust,ETF,Technology,658.51,664.51,656.5301,663.88,45563050,0.019127,0.22547832218116254,0.214582617792796,0.20051495932134597,,,4.31,3.78,0.53,3.64,332.407,polygon
2026-04-23,QQQ,Invesco QQQ Trust,ETF,Technology,653.55,656.92,645.52,651.42,40099827,-0.005633,0.22039951483340267,0.21764922495866013,0.19699627396127334,,,4.34,3.83,0.51,3.64,332.407,polygon
2026-04-22,QQQ,Invesco QQQ Trust,ETF,Technology,650.15,655.33,648.52,655.11,37368402,0.016731,0.22118981831268664,0.21647904044123206,0.1973263183760709,,,4.3,3.79,0.51,3.64,332.407,polygon
2026-04-21,QQQ,Invesco QQQ Trust,ETF,Technology,648.41,650.2,642.21,644.33,39580523,-0.003803,0.21809469529203435,0.21239488495034742,0.19471520893178687,,,4.3,3.78,0.52,3.64,332.407,polygon
2026-04-20,QQQ,Invesco QQQ Trust,ETF,Technology,648.04,648.76,642.52,646.79,37138511,-0.003175,0.2311823678416875,0.2141316898524513,0.19456918191734074,,,4.26,3.72,0.54,3.64,332.407,polygon
2026-04-17,QQQ,Invesco QQQ Trust,ETF,Technology,645.59,650.0,644.07,648.85,53488871,0.013084,0.23117651461352343,0.21964371754032597,0.19485729620947537,,,4.26,3.71,0.55,3.64,332.407,polygon
2026-04-16,QQQ,Invesco QQQ Trust,ETF,Technology,639.21,642.18,635.255,640.47,42320581,0.004816,0.23701103930122697,0.2176447830160747,0.19497329154395138,,,4.32,3.78,0.54,3.64,332.407,polygon
2026-04-15,QQQ,Invesco QQQ Trust,ETF,Technology,629.08,637.83,628.2,637.4,50102386,0.013999,0.2370177524677018,0.2210030340388778,0.20007768787934674,,,4.29,3.76,0.53,3.64,332.407,polygon
2026-04-14,QQQ,Invesco QQQ Trust,ETF,Technology,620.22,628.6,620.1,628.6,49921081,0.018157,0.23559024094487185,0.22095199669241644,0.1981083546066641,,,4.26,3.76,0.5,3.64,332.407,polygon
2026-04-13,QQQ,Invesco QQQ Trust,ETF,Technology,609.48,626.74,608.11,617.39,32972110,0.010343,0.2305739613286639,0.21508402368145613,0.1947477501940405,,,4.3,3.78,0.52,3.64,332.407,polygon
2026-04-10,QQQ,Invesco QQQ Trust,ETF,Technology,611.84,613.67,609.58,611.07,34038533,0.001442,0.2371658503003202,0.21332289252744707,0.19474405326561195,,,4.31,3.81,0.5,3.64,332.407,polygon
2026-04-09,QQQ,Invesco QQQ Trust,ETF,Technology,605.93,610.5,603.03,610.19,37837538,0.006765,0.2371300792298543,0.2161921430192108,0.19471764124568036,,,4.29,3.78,0.51,3.64,332.407,polygon
2026-04-08,QQQ,Invesco QQQ Trust,ETF,Technology,608.71,609.9,602.12,606.09,63085996,0.029732,0.23592986373995406,0.21948391446228951,0.1941601578755388,,,4.29,3.79,0.5,3.64,332.407,polygon
2026-04-07,QQQ,Invesco QQQ Trust,ETF,Technology,585.64,588.98,578.4001,588.59,49948195,0.000153,0.2164661903888092,0.20389664272289007,0.18529014549639314,,,4.33,3.81,0.52,3.64,332.407,polygon
2026-04-06,QQQ,Invesco QQQ Trust,ETF,Technology,586.23,590.61,584.69,588.5,35108496,0.006017,0.22196047367239402,0.20657749745671547,0.18553954990739677,,,4.34,3.84,0.5,3.64,332.407,polygon
2026-04-02,QQQ,Invesco QQQ Trust,ETF,Technology,573.97,586.05,571.92,584.98,50941709,0.001147,0.2202498703697529,0.20757868385025366,0.18501706730889983,,,4.31,3.79,0.52,3.64,332.407,polygon
2026-04-01,QQQ,Invesco QQQ Trust,ETF,Technology,581.48,587.739,580.42,584.31,79435132,0.012353,0.22799812354073815,0.20762565408913358,0.18605738709133166,,,4.33,3.81,0.52,3.64,332.407,polygon
2026-03-31,QQQ,Invesco QQQ Trust,ETF,Technology,564.29,578.64,564.21,577.18,95877997,0.033854,0.22454328698812454,0.2053570699228106,0.18494508401086296,,,4.3,3.79,0.51,3.64,330.293,polygon
2026-03-30,QQQ,Invesco QQQ Trust,ETF,Technology,567.38,568.05,555.6,558.28,70602622,-0.007643,0.18400967242846938,0.17718154983530626,0.17057235204571422,,,4.35,3.82,0.53,3.64,330.293,polygon
2026-03-27,QQQ,Invesco QQQ Trust,ETF,Technology,570.81,571.02,561.57,562.58,82702240,-0.019537,0.1835384330742066,0.17697639975928436,0.1706726500192673,,,4.44,3.88,0.56,3.64,330.293,polygon
2026-03-26,QQQ,Invesco QQQ Trust,ETF,Technology,582.6,584.63,573.43,573.79,81492124,-0.023868,0.17700043380721606,0.17769605602837557,0.16645276184917537,,,4.42,3.96,0.46,3.64,330.293,polygon
2026-03-25,QQQ,Invesco QQQ Trust,ETF,Technology,589.14,591.37,585.69,587.82,60475491,0.006576,0.17037563900106084,0.16549617138510186,0.15970204024559131,,,4.33,3.84,0.49,3.64,330.293,polygon
2026-03-24,QQQ,Invesco QQQ Trust,ETF,Technology,584.81,587.93,581.93,583.98,57750895,-0.006837,0.17343850894234702,0.16404641538821307,0.15894041825751792,,,4.39,3.9,0.49,3.64,330.293,polygon
2026-03-23,QQQ,Invesco QQQ Trust,ETF,Technology,590.52,595.08,585.96,588.0,89936118,0.010205,0.17653769403821204,0.16544681176818213,0.15869100000786143,,,4.34,3.83,0.51,3.64,330.293,polygon
2026-03-20,QQQ,Invesco QQQ Trust,ETF,Technology,591.06,591.17,578.54,582.06,91964677,-0.018482,0.17546335112517536,0.17455908565185577,0.157447182176192,,,4.39,3.88,0.51,3.64,330.293,polygon
2026-03-19,QQQ,Invesco QQQ Trust,ETF,Technology,589.51,595.8,587.08,593.02,75597578,-0.00316,0.16461695568849544,0.17126017093533077,0.15334799184547154,,,4.25,3.79,0.46,3.64,330.293,polygon
2026-03-18,QQQ,Invesco QQQ Trust,ETF,Technology,601.49,603.16,594.56,594.9,56127962,-0.01394,0.1669535887219394,0.17805452864495552,0.15576228310792165,,,4.26,3.76,0.5,3.64,330.293,polygon
2026-03-17,QQQ,Invesco QQQ Trust,ETF,Technology,603.14,605.9,601.87,603.31,47106607,0.00488,0.15959143520917182,0.1790075471124924,0.15601982496033898,,,4.2,3.68,0.52,3.64,330.293,polygon
2026-03-16,QQQ,Invesco QQQ Trust,ETF,Technology,600.04,603.86,599.11,600.38,49077155,0.011217,0.15884260413101173,0.17968306376370777,0.16035239847100988,,,4.23,3.68,0.55,3.64,330.293,polygon
2026-03-13,QQQ,Invesco QQQ Trust,ETF,Technology,599.73,603.5999,592.57,593.72,63145490,-0.005927,0.1684157540267529,0.17844790524741225,0.15864317770447892,,,4.28,3.73,0.55,3.64,330.293,polygon
2026-03-12,QQQ,Invesco QQQ Trust,ETF,Technology,602.76,604.14,597.05,597.26,71836629,-0.017163,0.16821685708801293,0.17845938651358279,0.15851952319131787,,,4.27,3.76,0.51,3.64,330.293,polygon
2026-03-11,QQQ,Invesco QQQ Trust,ETF,Technology,608.95,612.43,605.03,607.69,60114800,-0.000132,0.1582845552244831,0.17295515881461576,0.15947375277078107,,,4.21,3.64,0.57,3.64,330.293,polygon
2026-03-10,QQQ,Invesco QQQ Trust,ETF,Technology,607.78,613.29,605.42,607.77,64078867,1.6e-05,0.16078687954483922,0.1754921638564023,0.1595716356495078,,,4.15,3.57,0.58,3.64,330.293,polygon
2026-03-09,QQQ,Invesco QQQ Trust,ETF,Technology,594.225,609.27,591.33,607.76,93068170,0.013356,0.17658107329716763,0.17615945350017564,0.15984961169700368,,,4.12,3.56,0.56,3.64,330.293,polygon
2026-03-06,QQQ,Invesco QQQ Trust,ETF,Technology,600.31,606.0,598.33,599.75,86302307,-0.015043,0.17816599575617892,0.17151343038240363,0.1573156406790703,,,4.15,3.56,0.59,3.64,330.293,polygon
2026-03-05,QQQ,Invesco QQQ Trust,ETF,Technology,607.4,612.76,602.26,608.91,89602407,-0.003013,0.18091021666177853,0.16786228639511233,0.154420601112075,,,4.13,3.57,0.56,3.64,330.293,polygon
2026-03-04,QQQ,Invesco QQQ Trust,ETF,Technology,604.16,612.88,603.43,610.75,70943888,0.015243,0.1880302181664397,0.17234188853490962,0.15459972151133158,,,4.09,3.54,0.55,3.64,330.293,polygon
2026-03-03,QQQ,Invesco QQQ Trust,ETF,Technology,596.33,603.96,591.87,601.58,97015532,-0.010706,0.1810333957528653,0.17727484138561317,0.15120753764953587,,,4.06,3.51,0.55,3.64,330.293,polygon
2026-03-02,QQQ,Invesco QQQ Trust,ETF,Technology,598.86,609.92,597.99,608.09,75264644,0.001317,0.18193279950702465,0.17487803200222182,0.14983082459446437,,,4.05,3.47,0.58,3.64,330.293,polygon
2026-02-27,QQQ,Invesco QQQ Trust,ETF,Technology,602.98,608.32,602.19,607.29,68125196,-0.003201,0.18219958687968607,0.17523498922589598,0.1507292712649443,,,3.97,3.38,0.59,3.64,327.46,polygon
2026-02-26,QQQ,Invesco QQQ Trust,ETF,Technology,615.59,615.59,603.98,609.24,96178870,-0.012065,0.18304697426882371,0.1775294197717209,0.15074282999543515,,,4.02,3.42,0.6,3.64,327.46,polygon
2026-02-25,QQQ,Invesco QQQ Trust,ETF,Technology,611.07,616.83,611.0,616.68,55710653,0.014493,0.18249305245563463,0.17433463188737902,0.14963425630618526,,,4.05,3.45,0.6,3.64,327.46,polygon
2026-02-24,QQQ,Invesco QQQ Trust,ETF,Technology,602.4,608.99,599.73,607.87,55023732,0.010741,0.17523742396305603,0.1685633389758682,0.14777512257584186,,,4.04,3.43,0.61,3.64,327.46,polygon
2026-02-23,QQQ,Invesco QQQ Trust,ETF,Technology,606.605,608.01,599.05,601.41,63859111,-0.012155,0.17071289643885837,0.16811132129939266,0.1466582667809522,,,4.03,3.43,0.6,3.64,327.46,polygon
2026-02-20,QQQ,Invesco QQQ Trust,ETF,Technology,600.12,610.35,599.23,608.81,74127323,0.008849,0.16861785933081036,0.16537911869956223,0.15338365673841087,,,4.08,3.48,0.6,3.64,327.46,polygon
2026-02-19,QQQ,Invesco QQQ Trust,ETF,Technology,602.81,605.815,600.75,603.47,60960839,-0.00383,0.17257083803460396,0.1629534427537226,0.15310156258034807,,,4.08,3.47,0.61,3.64,327.46,polygon
2026-02-18,QQQ,Invesco QQQ Trust,ETF,Technology,602.11,609.771,600.72,605.79,64250668,0.007467,0.18724190466834817,0.16517311440099675,0.16088951903073445,,,4.09,3.47,0.62,3.64,327.46,polygon
2026-02-17,QQQ,Invesco QQQ Trust,ETF,Technology,598.375,603.95,593.34,601.3,69013763,-0.00103,0.18460628192505538,0.16537997078079159,0.1606309385635959,,,4.05,3.43,0.62,3.64,327.46,polygon
2026-02-13,QQQ,Invesco QQQ Trust,ETF,Technology,600.43,606.48,596.42,601.92,69237547,0.002131,0.18547708196219445,0.16541914332143673,0.162613361832285,,,4.04,3.4,0.64,3.64,327.46,polygon
2026-02-12,QQQ,Invesco QQQ Trust,ETF,Technology,614.71,615.81,599.5699,600.64,81378903,-0.020339,0.18775759923214572,0.1666377695608817,0.16347910177081273,,,4.09,3.47,0.62,3.64,327.46,polygon
2026-02-11,QQQ,Invesco QQQ Trust,ETF,Technology,616.38,617.52,607.69,613.11,58575101,0.002682,0.17520604060419748,0.15612450158253402,0.1579027746377506,,,4.18,3.52,0.66,3.64,327.46,polygon
2026-02-10,QQQ,Invesco QQQ Trust,ETF,Technology,615.305,617.02,611.01,611.47,53938859,-0.004639,0.17482297250201376,0.15635159384169087,0.1634224629935676,,,4.16,3.45,0.71,3.64,327.46,polygon
2026-02-09,QQQ,Invesco QQQ Trust,ETF,Technology,607.54,616.46,605.07,614.32,56797557,0.00766,0.17840835047652592,0.15590153412424318,0.16317080898383882,,,4.22,3.48,0.74,3.64,327.46,polygon
2026-02-06,QQQ,Invesco QQQ Trust,ETF,Technology,600.19,611.41,598.77,609.65,78019338,0.021138,0.17674788956088716,0.15435238424740813,0.16242422153611857,,,4.22,3.5,0.72,3.64,327.46,polygon
2026-02-05,QQQ,Invesco QQQ Trust,ETF,Technology,600.21,604.81,594.76,597.03,89354492,-0.014395,0.1579288749609582,0.14122811261251264,0.1629756485400762,,,4.21,3.47,0.74,3.64,327.46,polygon
2026-02-04,QQQ,Invesco QQQ Trust,ETF,Technology,615.02,615.1,600.47,605.75,81850748,-0.017469,0.15536745215407044,0.13605495056160027,0.16040747790318174,,,4.29,3.57,0.72,3.64,327.46,polygon
2026-02-03,QQQ,Invesco QQQ Trust,ETF,Technology,628.3,629.98,610.96,616.52,81233969,-0.015364,0.1457262103717069,0.13162909730868863,0.16097311099568298,,,4.28,3.57,0.71,3.64,327.46,polygon
2026-02-02,QQQ,Invesco QQQ Trust,ETF,Technology,618.7,628.49,618.66,626.14,49020292,0.006866,0.1343984819094039,0.1287392854903996,0.15832840753185015,,,4.29,3.57,0.72,3.64,327.46,polygon
2026-01-30,QQQ,Invesco QQQ Trust,ETF,Technology,625.71,628.256,619.2975,621.87,65650714,-0.012011,0.1361983505768654,0.14014700573588385,0.1632602082145121,,,4.26,3.52,0.74,3.64,326.588,polygon
2026-01-29,QQQ,Invesco QQQ Trust,ETF,Technology,632.65,633.67,618.27,629.43,79944047,-0.005985,0.12913148346717473,0.13496474908802447,0.16169855940931235,,,4.24,3.53,0.71,3.64,326.588,polygon
2026-01-28,QQQ,Invesco QQQ Trust,ETF,Technology,635.46,636.6,631.81,633.22,50691691,0.003312,0.1284438048908776,0.13455456758974269,0.161499841975613,,,4.26,3.56,0.7,3.64,326.588,polygon
2026-01-27,QQQ,Invesco QQQ Trust,ETF,Technology,628.91,632.0427,627.34,631.13,38997212,0.009065,0.12811464334755177,0.1466685123585592,0.16448329054621497,,,4.24,3.53,0.71,3.64,326.588,polygon
2026-01-26,QQQ,Invesco QQQ Trust,ETF,Technology,623.21,627.61,622.12,625.46,35983008,0.0044,0.12472533216611782,0.1446179375453242,0.1636671320439184,,,4.22,3.56,0.66,3.64,326.588,polygon
2026-01-23,QQQ,Invesco QQQ Trust,ETF,Technology,619.73,625.3999,618.65,622.72,43645825,0.003157,0.12484691182659662,0.1445385431818983,0.16419503856303097,,,4.24,3.6,0.64,3.64,326.588,polygon
2026-01-22,QQQ,Invesco QQQ Trust,ETF,Technology,622.35,622.46,617.78,620.76,42254757,0.007269,0.12495199738951498,0.1442671683998122,0.1680810908570188,,,4.26,3.61,0.65,3.64,326.588,polygon
2026-01-21,QQQ,Invesco QQQ Trust,ETF,Technology,609.47,620.42,607.8635,616.28,79837881,0.013518,0.13040244320100433,0.14260027432038483,0.16883542292490766,,,4.26,3.6,0.66,3.64,326.588,polygon
2026-01-20,QQQ,Invesco QQQ Trust,ETF,Technology,610.53,615.055,607.05,608.06,81988898,-0.021247,0.13163062929824293,0.13713573306800797,0.16744987909017267,,,4.3,3.6,0.7,3.64,326.588,polygon
2026-01-16,QQQ,Invesco QQQ Trust,ETF,Technology,625.5,626.08,618.88,621.26,61058094,-0.000836,0.12601532877665367,0.12235746819959104,0.16264300678580534,,,4.24,3.59,0.65,3.64,326.588,polygon
2026-01-15,QQQ,Invesco QQQ Trust,ETF,Technology,626.6,630.0,620.75,621.78,53934892,0.003599,0.12595053524282784,0.12255944166876313,0.16263060723173833,,,4.17,3.56,0.61,3.64,326.588,polygon
2026-01-14,QQQ,Invesco QQQ Trust,ETF,Technology,622.24,623.45,614.56,619.55,72598700,-0.010683,0.12713814082408653,0.12422747680346008,0.16442786370728651,,,4.15,3.51,0.64,3.64,326.588,polygon
2026-01-13,QQQ,Invesco QQQ Trust,ETF,Technology,627.27,629.47,623.695,626.24,44481380,-0.001483,0.1395008943482214,0.1204003705684666,0.16322590583915306,,,4.18,3.53,0.65,3.64,326.588,polygon
2026-01-12,QQQ,Invesco QQQ Trust,ETF,Technology,622.31,628.845,622.26,627.17,37388651,0.00083,0.1398762776453077,0.12229079807148566,0.16341753900619202,,,4.19,3.54,0.65,3.64,326.588,polygon
2026-01-09,QQQ,Invesco QQQ Trust,ETF,Technology,621.41,627.89,619.06,626.65,49688734,0.00996,0.14058298044564602,0.1245279306178272,0.16393589148076637,,,4.18,3.54,0.64,3.64,326.588,polygon
2026-01-08,QQQ,Invesco QQQ Trust,ETF,Technology,623.03,623.42,617.8,620.47,50435941,-0.005689,0.13611210412937555,0.12263920631926342,0.16351505288980656,,,4.19,3.49,0.7,3.64,326.588,polygon
2026-01-07,QQQ,Invesco QQQ Trust,ETF,Technology,623.04,627.94,622.56,624.02,44880339,0.000962,0.13484088374277423,0.13990296802464522,0.1682736659504244,,,4.15,3.47,0.68,3.64,326.588,polygon
2026-01-06,QQQ,Invesco QQQ Trust,ETF,Technology,619.23,624.0213,618.54,623.42,43137520,0.008787,0.135580069782076,0.14081154221822068,0.1839674698161684,,,4.18,3.47,0.71,3.64,326.588,polygon
2026-01-05,QQQ,Invesco QQQ Trust,ETF,Technology,619.32,620.81,616.72,617.99,46828359,0.007943,0.13183824084430654,0.15818851739308065,0.18315454299787334,,,4.17,3.46,0.71,3.64,326.588,polygon
2026-01-02,QQQ,Invesco QQQ Trust,ETF,Technology,620.06,622.85,610.15,613.12,61859163,-0.001937,0.12880707637449568,0.15754437854993592,0.18392126504903908,,,4.19,3.47,0.72,3.64,326.588,polygon
2025-12-31,QQQ,Invesco QQQ Trust,ETF,Technology,619.65,619.96,614.05,614.31,40746527,-0.008266,0.13198758003778832,0.1619472618878254,0.18421715425139853,,,4.18,3.47,0.71,3.72,326.031,polygon
2025-12-30,QQQ,Invesco QQQ Trust,ETF,Technology,619.84,622.18,619.215,619.43,31226754,-0.002319,0.12926033174408397,0.16208133109723777,0.18395332500786393,,,4.14,3.45,0.69,3.72,326.031,polygon
2025-12-29,QQQ,Invesco QQQ Trust,ETF,Technology,620.1,622.78,618.73,620.87,32458308,-0.004841,0.1318836880747677,0.16184880933921614,0.18411608975773078,,,4.12,3.45,0.67,3.72,326.031,polygon
2025-12-26,QQQ,Invesco QQQ Trust,ETF,Technology,624.66,625.515,623.14,623.89,28959778,-6.4e-05,0.13335994242664015,0.17262996951775336,0.18393715093389693,,,4.14,3.46,0.68,3.72,326.031,polygon
2025-12-24,QQQ,Invesco QQQ Trust,ETF,Technology,621.99,624.28,621.72,623.93,18468707,0.002926,0.13437306181448114,0.17265056570607407,0.18413520114424223,,,4.15,3.47,0.68,3.72,326.031,polygon
2025-12-23,QQQ,Invesco QQQ Trust,ETF,Technology,618.2,622.41,617.78,622.11,41120445,0.004683,0.1576872647413135,0.17262415341190837,0.18412576604907344,,,4.18,3.48,0.7,3.72,326.031,polygon
2025-12-22,QQQ,Invesco QQQ Trust,ETF,Technology,621.35,621.65,617.77,619.21,43703101,0.003501,0.15847039734855412,0.18358295151881357,0.18412092719354814,,,4.17,3.44,0.73,3.72,326.031,polygon
2025-12-19,QQQ,Invesco QQQ Trust,ETF,Technology,611.95,617.62,611.87,617.05,60369829,0.013035,0.18322827070139763,0.18365719616318366,0.18416544407437718,,,4.16,3.48,0.68,3.72,326.031,polygon
2025-12-18,QQQ,Invesco QQQ Trust,ETF,Technology,609.8,612.93,606.92,609.11,78875824,0.01449,0.17920195636847053,0.18765308108114995,0.1826322942843037,,,4.12,3.46,0.66,3.72,326.031,polygon
2025-12-17,QQQ,Invesco QQQ Trust,ETF,Technology,613.06,613.65,600.28,600.41,70654327,-0.018537,0.17790368254227684,0.1834600732123956,0.18043177745208575,,,4.16,3.49,0.67,3.72,326.031,polygon
2025-12-16,QQQ,Invesco QQQ Trust,ETF,Technology,608.26,613.51,606.9101,611.75,55152819,0.001982,0.1678376159571774,0.18503124398868953,0.1767295570145877,,,4.15,3.48,0.67,3.72,326.031,polygon
2025-12-15,QQQ,Invesco QQQ Trust,ETF,Technology,618.37,618.42,609.32,610.54,49538197,-0.005019,0.16772992568937511,0.1856101929316934,,,,4.18,3.51,0.67,3.72,326.031,polygon
2025-12-12,QQQ,Invesco QQQ Trust,ETF,Technology,622.08,623.54,611.36,613.62,75158726,-0.019118,0.18192085814796008,0.18594296488766582,,,,4.19,3.52,0.67,3.72,326.031,polygon
2025-12-11,QQQ,Invesco QQQ Trust,ETF,Technology,623.82,625.78,617.72,625.58,58272844,-0.003234,0.16873298964864902,0.18286697025607784,,,,4.14,3.52,0.62,3.72,326.031,polygon
2025-12-10,QQQ,Invesco QQQ Trust,ETF,Technology,623.85,629.21,620.99,627.61,55031384,0.004096,0.16859296210880845,0.18324734192746983,,,,4.13,3.54,0.59,3.72,326.031,polygon
2025-12-09,QQQ,Invesco QQQ Trust,ETF,Technology,623.01,625.87,621.0,625.05,37155999,0.001233,0.1841391556140893,0.1842772522678944,,,,4.18,3.61,0.57,3.72,326.031,polygon
2025-12-08,QQQ,Invesco QQQ Trust,ETF,Technology,627.21,628.84,621.69,624.28,43462406,-0.001919,0.18475138647399833,0.1913653945859128,,,,4.17,3.57,0.6,3.72,326.031,polygon
2025-12-05,QQQ,Invesco QQQ Trust,ETF,Technology,624.38,628.92,623.71,625.48,53614169,0.004077,0.19693587321634126,0.19349273045390583,,,,4.14,3.56,0.58,3.72,326.031,polygon
2025-12-04,QQQ,Invesco QQQ Trust,ETF,Technology,624.93,624.94,619.54,622.94,47067751,-0.00093,0.197715873074434,0.19452264684494883,,,,4.11,3.52,0.59,3.72,326.031,polygon
2025-12-03,QQQ,Invesco QQQ Trust,ETF,Technology,619.62,624.22,618.03,623.52,47841627,0.002444,0.21044951234565595,0.1968952225973426,,,,4.06,3.49,0.57,3.72,326.031,polygon
2025-12-02,QQQ,Invesco QQQ Trust,ETF,Technology,619.46,623.75,617.59,622.0,54541834,0.007826,0.2110353943891496,0.19683806453673217,,,,4.09,3.51,0.58,3.72,326.031,polygon
2025-12-01,QQQ,Invesco QQQ Trust,ETF,Technology,613.63,619.4401,612.52,617.17,40957588,-0.003359,0.20980041390837353,0.19881346236268274,,,,4.09,3.54,0.55,3.72,326.031,polygon
2025-11-28,QQQ,Invesco QQQ Trust,ETF,Technology,616.11,619.32,615.4174,619.25,23034394,0.008107,0.21580297245254682,0.19911743810905239,,,,4.02,3.47,0.55,3.88,325.063,polygon
2025-11-26,QQQ,Invesco QQQ Trust,ETF,Technology,612.51,616.19,610.39,614.27,42393598,0.008836,0.21420298342913005,0.1984345743985041,,,,4.0,3.45,0.55,3.88,325.063,polygon
2025-11-25,QQQ,Invesco QQQ Trust,ETF,Technology,603.51,610.2601,597.32,608.89,57560867,0.006164,0.21355493935639844,0.19787086235238743,,,,4.01,3.43,0.58,3.88,325.063,polygon
2025-11-24,QQQ,Invesco QQQ Trust,ETF,Technology,595.28,606.68,595.16,605.16,60168149,0.025573,0.2222734093419499,0.19824066393513637,,,,4.04,3.46,0.58,3.88,325.063,polygon
2025-11-21,QQQ,Invesco QQQ Trust,ETF,Technology,587.47,596.98,580.74,590.07,103344155,0.007513,0.2057212031389133,0.1939018453133038,,,,4.06,3.51,0.55,3.88,325.063,polygon
2025-11-20,QQQ,Invesco QQQ Trust,ETF,Technology,611.62,614.03,584.75,585.67,117743195,-0.023672,0.20623826546768936,0.2178331873214216,,,,4.1,3.55,0.55,3.88,325.063,polygon
2025-11-19,QQQ,Invesco QQQ Trust,ETF,Technology,597.07,606.16,594.59,599.87,73111487,0.00597,0.19217595570114251,0.20707128910507067,,,,4.13,3.58,0.55,3.88,325.063,polygon
2025-11-18,QQQ,Invesco QQQ Trust,ETF,Technology,599.62,602.31,591.34,596.31,83327279,-0.012176,0.19058109862689004,0.20916826305715763,,,,4.12,3.58,0.54,3.88,325.063,polygon
2025-11-17,QQQ,Invesco QQQ Trust,ETF,Technology,606.3,612.48,599.87,603.66,63850367,-0.008541,0.19180050463897358,0.20671373063758172,,,,4.13,3.6,0.53,3.88,325.063,polygon
2025-11-14,QQQ,Invesco QQQ Trust,ETF,Technology,599.55,613.35,597.17,608.86,80087291,0.000756,0.19044989676932558,0.20631347723948018,,,,4.14,3.62,0.52,3.88,325.063,polygon
2025-11-13,QQQ,Invesco QQQ Trust,ETF,Technology,617.54,618.12,606.08,608.4,71333634,-0.020416,0.19106034373738456,0.20672392617834717,,,,4.11,3.58,0.53,3.88,325.063,polygon
2025-11-12,QQQ,Invesco QQQ Trust,ETF,Technology,624.84,624.86,617.81,621.08,47444384,-0.000788,0.1759775229199021,0.19734120627417134,,,,4.08,3.56,0.52,3.88,325.063,polygon
2025-11-11,QQQ,Invesco QQQ Trust,ETF,Technology,620.57,622.72,617.52,621.57,44868841,-0.002664,0.17824161466289307,0.19757047932359673,,,,4.13,3.58,0.55,3.88,325.063,polygon
2025-11-10,QQQ,Invesco QQQ Trust,ETF,Technology,618.92,624.31,616.89,623.23,55919931,0.022124,0.18971707064869808,0.19728212663312328,,,,4.13,3.58,0.55,3.88,325.063,polygon
2025-11-07,QQQ,Invesco QQQ Trust,ETF,Technology,608.31,609.95,598.67,609.74,81835388,-0.003155,0.21804438320787306,0.18777464863636367,,,,4.11,3.55,0.56,3.88,325.063,polygon
2025-11-06,QQQ,Invesco QQQ Trust,ETF,Technology,621.79,622.04,610.3,611.67,72115128,-0.018627,0.2178012622098845,0.1876363532775889,,,,4.11,3.57,0.54,3.88,325.063,polygon
2025-11-05,QQQ,Invesco QQQ Trust,ETF,Technology,618.49,626.6,617.21,623.28,48688484,0.006508,0.2099019867080874,0.1788408963338277,,,,4.17,3.63,0.54,3.88,325.063,polygon
2025-11-04,QQQ,Invesco QQQ Trust,ETF,Technology,623.28,626.95,618.455,619.25,63830768,-0.020298,0.21030583725474422,0.17876042723300684,,,,4.1,3.58,0.52,3.88,325.063,polygon
2025-11-03,QQQ,Invesco QQQ Trust,ETF,Technology,635.11,635.82,629.85,632.08,37154307,0.004785,0.1962991711710883,0.16838682883510056,,,,4.13,3.6,0.53,3.88,325.063,polygon
2025-10-31,QQQ,Invesco QQQ Trust,ETF,Technology,634.17,634.2,626.69,629.07,66305147,0.004824,0.1972992571892584,,,,,4.11,3.6,0.51,4.09,324.245,polygon
2025-10-30,QQQ,Invesco QQQ Trust,ETF,Technology,632.17,633.5,625.94,626.05,61628621,-0.015289,0.19717803381874766,,,,,4.11,3.61,0.5,4.09,324.245,polygon
2025-10-29,QQQ,Invesco QQQ Trust,ETF,Technology,635.59,637.01,630.25,635.77,67422806,0.004503,0.1871721025234081,,,,,4.08,3.59,0.49,4.09,324.245,polygon
2025-10-28,QQQ,Invesco QQQ Trust,ETF,Technology,630.36,634.68,629.25,632.92,61195733,0.00769,0.1870623022712559,,,,,3.99,3.47,0.52,4.09,324.245,polygon
2025-10-27,QQQ,Invesco QQQ Trust,ETF,Technology,624.52,628.55,624.03,628.09,54098611,0.017809,0.1863301402617803,,,,,4.01,3.48,0.53,4.09,324.245,polygon
2025-10-24,QQQ,Invesco QQQ Trust,ETF,Technology,615.99,618.42,615.13,617.1,47632473,0.010678,0.1781800142872599,,,,,4.02,3.48,0.54,4.09,324.245,polygon
2025-10-23,QQQ,Invesco QQQ Trust,ETF,Technology,604.91,611.37,604.52,610.58,42844298,0.008406,0.17642592486674244,,,,,4.01,3.48,0.53,4.09,324.245,polygon
2025-10-22,QQQ,Invesco QQQ Trust,ETF,Technology,610.82,611.41,599.74,605.49,61478802,-0.009634,0.1750900905828361,,,,,3.97,3.45,0.52,4.09,324.245,polygon
2025-10-21,QQQ,Invesco QQQ Trust,ETF,Technology,611.64,612.7213,609.32,611.38,44538161,-0.000262,0.17316484082560807,,,,,3.98,3.45,0.53,4.09,324.245,polygon
2025-10-20,QQQ,Invesco QQQ Trust,ETF,Technology,607.14,612.8,607.065,611.54,45761697,0.012601,,,,,,4.0,3.46,0.54,4.09,324.245,polygon
2025-10-17,QQQ,Invesco QQQ Trust,ETF,Technology,597.95,605.51,596.37,603.93,72024872,0.006567,,,,,,4.02,3.46,0.56,4.09,324.245,polygon
2025-10-16,QQQ,Invesco QQQ Trust,ETF,Technology,605.11,608.31,595.5,599.99,70981963,-0.003703,,,,,,3.99,3.41,0.58,4.09,324.245,polygon
2025-10-15,QQQ,Invesco QQQ Trust,ETF,Technology,604.01,606.7,595.93,602.22,62805456,0.007057,,,,,,4.05,3.5,0.55,4.09,324.245,polygon
2025-10-14,QQQ,Invesco QQQ Trust,ETF,Technology,595.31,602.69,590.13,598.0,69203187,-0.006661,,,,,,4.03,3.48,0.55,4.09,324.245,polygon
2025-10-13,QQQ,Invesco QQQ Trust,ETF,Technology,599.68,602.95,597.23,602.01,65872584,0.021221,,,,,,4.05,3.52,0.53,4.09,324.245,polygon
2025-10-10,QQQ,Invesco QQQ Trust,ETF,Technology,611.4,613.18,589.05,589.5,97614783,-0.034714,,,,,,4.05,3.52,0.53,4.09,324.245,polygon
2025-10-09,QQQ,Invesco QQQ Trust,ETF,Technology,611.48,611.61,607.48,610.7,45550958,-0.00121,,,,,,4.14,3.6,0.54,4.09,324.245,polygon
2025-10-08,QQQ,Invesco QQQ Trust,ETF,Technology,605.41,611.75,605.26,611.44,50629754,0.011464,,,,,,4.13,3.58,0.55,4.09,324.245,polygon
2025-10-07,QQQ,Invesco QQQ Trust,ETF,Technology,609.02,609.71,603.03,604.51,58209463,-0.005266,,,,,,4.14,3.57,0.57,4.09,324.245,polygon
2025-10-06,QQQ,Invesco QQQ Trust,ETF,Technology,608.45,609.36,605.97,607.71,41962115,0.00751,,,,,,4.18,3.6,0.58,4.09,324.245,polygon
2025-10-03,QQQ,Invesco QQQ Trust,ETF,Technology,606.51,607.3255,601.385,603.18,46482098,-0.00421,,,,,,4.13,3.58,0.55,4.09,324.245,polygon
2025-10-02,QQQ,Invesco QQQ Trust,ETF,Technology,607.06,607.16,602.93,605.73,43765410,0.004111,,,,,,4.1,3.55,0.55,4.09,324.245,polygon
2025-10-01,QQQ,Invesco QQQ Trust,ETF,Technology,597.17,603.79,596.34,603.25,46899612,0.004797,,,,,,4.12,3.55,0.57,4.09,324.245,polygon
2025-09-30,QQQ,Invesco QQQ Trust,ETF,Technology,598.43,600.71,596.1,600.37,46533814,0.002739,,,,,,4.16,3.6,0.56,4.22,324.245,polygon
2025-09-29,QQQ,Invesco QQQ Trust,ETF,Technology,599.11,602.05,597.41,598.73,48332934,0.004631,,,,,,4.15,3.63,0.52,4.22,324.245,polygon
2025-09-26,QQQ,Invesco QQQ Trust,ETF,Technology,594.35,596.3,591.06,595.97,54337416,0.004111,,,,,,4.2,3.63,0.57,4.22,324.245,polygon
2025-09-25,QQQ,Invesco QQQ Trust,ETF,Technology,592.2,595.115,588.5,593.53,70920209,-0.004311,,,,,,4.18,3.64,0.54,4.22,324.245,polygon
2025-09-24,QQQ,Invesco QQQ Trust,ETF,Technology,599.58,599.9,593.36,596.1,49850301,-0.003511,,,,,,4.16,3.57,0.59,4.22,324.245,polygon
2025-09-23,QQQ,Invesco QQQ Trust,ETF,Technology,602.37,602.57,596.98,598.2,64635486,-0.006642,,,,,,4.12,3.53,0.59,4.22,324.245,polygon
2025-09-22,QQQ,Invesco QQQ Trust,ETF,Technology,597.74,602.87,597.72,602.2,57154769,,,,,,,4.15,3.61,0.54,4.22,324.245,polygon
2026-09-18,SPY,SPDR S&P 500 ETF Trust,ETF,Broad Market,761.31,762.0,757.971,761.69,65395148,-0.001193,0.0667580422847916,0.06907214917498512,0.061340006650927495,,,,,0.25,,,polygon
2026-09-17,SPY,SPDR S&P 500 ETF Trust,ETF,Broad Market,763.15,763.57,759.96,762.6,49652754,0.011339,0.0770239334948006,0.07188141838578346,0.061375075263575316,,,4.94,4.67,0.27,,,polygon
2026-09-16,SPY,SPDR S&P 500 ETF Trust,ETF,Broad Market,759.5,761.67,749.6,754.05,59217653,-0.00441,0.06724726726740002,0.06323096050482946,0.05666312321572658,,,5.01,4.74,0.27,,,polygon
2026-09-15,SPY,SPDR S&P 500 ETF Trust,ETF,Broad Market,760.117,760.35,756.15,757.39,46194964,-0.004587,0.06957724492668844,0.06299935457641191,0.06728679215709514,,,5.0,4.67,0.33,,,polygon
2026-09-14,SPY,SPDR S&P 500 ETF Trust,ETF,Broad Market,759.0,763.52,757.93,760.88,43992428,-0.004462,0.06863289474086418,0.06218825012319664,0.07257766220299232,,,4.97,4.65,0.32,,,polygon
2026-09-11,SPY,SPDR S&P 500 ETF Trust,ETF,Broad Market,764.72,766.38,763.6,764.29,45512741,0.008524,0.06745288720376665,0.06203796679496501,0.07322445177954383,,,4.96,4.63,0.33,,,polygon
2026-09-10,SPY,SPDR S&P 500 ETF Trust,ETF,Broad Market,758.03,760.11,756.64,757.83,42740375,-0.005994,0.06447057232172419,0.061479083700790256,0.07871062997398483,,,4.95,4.56,0.39,,,polygon
2026-09-09,SPY,SPDR S&P 500 ETF Trust,ETF,Broad Market,764.08,764.47,760.94,762.4,32812411,-0.004648,0.061313136310605115,0.05961362167381471,0.08433996329828546,,,4.83,4.43,0.4,,,polygon
2026-09-08,SPY,SPDR S&P 500 ETF Trust,ETF,Broad Market,769.07,769.7,765.14,765.96,44746095,-0.005492,0.06017003319931161,0.061278743653623534,0.0837416506561969,,,4.8,4.39,0.41,,,polygon
2026-09-04,SPY,SPDR S&P 500 ETF Trust,ETF,Broad Market,772.01,772.87,769.0,770.19,34054199,-0.003854,0.05773575569597855,0.06074826904145756,0.0827761152765003,,,4.78,4.37,0.41,,,polygon
2026-09-03,SPY,SPDR S&P 500 ETF Trust,ETF,Broad Market,767.9,774.03,767.45,773.17,43531581,0.010468,0.05711566574141272,0.06002107056371394,0.0822321721901624,,,4.77,4.34,0.43,,,polygon
2026-09-02,SPY,SPDR S&P 500 ETF Trust,ETF,Broad Market,762.45,766.43,761.73,765.16,29566216,0.004437,0.0537629096647583,0.05535883496858792,0.08409453602927153,,,4.79,4.39,0.4,,,polygon
2026-09-01,SPY,SPDR S&P 500 ETF Trust,ETF,Broad Market,762.01,764.67,759.48,761.78,41126315,-0.00687,0.051781698289446884,0.054193662518333775,0.08372821418065993,,,4.79,4.39,0.4,,,polygon
2026-08-31,SPY,SPDR S&P 500 ETF Trust,ETF,Broad Market,767.33,767.995,764.715,767.05,38810779,-0.00299,0.05159913607641456,0.05131769859378157,0.08394627542200375,,,4.75,4.34,0.41,,,polygon
2026-08-28,SPY,SPDR S&P 500 ETF Trust,ETF,Broad Market,771.76,775.3,768.3076,769.35,36744344,-0.002269,0.053059682099914185,0.05065969993057146,0.08374493145631788,,,4.73,4.34,0.39,,,polygon
2026-08-27,SPY,SPDR S&P 500 ETF Trust,ETF,Broad Market,768.5,772.355,767.16,771.1,34557064,0.006553,0.052942119722317965,0.05337443691100755,0.08629705363379643,,,4.67,4.2,0.47,,,polygon
2026-08-26,SPY,SPDR S&P 500 ETF Trust,ETF,Broad Market,764.73,767.35,763.93,766.08,28751592,0.000222,0.05365490452218895,0.04996742247200371,0.08617713669736463,,,4.66,4.19,0.47,,,polygon
2026-08-25,SPY,SPDR S&P 500 ETF Trust,ETF,Broad Market,766.16,766.78,763.0501,765.91,27422263,0.003196,0.05455960931991825,0.0502332634373113,0.08651159066719188,,,4.64,4.17,0.47,,,polygon
2026-08-24,SPY,SPDR S&P 500 ETF Trust,ETF,Broad Market,764.78,765.22,762.08,763.47,32430886,-0.002938,0.05391275947657797,0.07215874972661038,0.08656489448794968,,,4.7,4.24,0.46,,,polygon
2026-08-21,SPY,SPDR S&P 500 ETF Trust,ETF,Broad Market,766.05,767.85,764.17,765.72,39188673,0.004091,0.053234304549699366,0.08191243099931254,0.08786325803263947,,,4.74,4.24,0.5,,,polygon
2026-08-20,SPY,SPDR S&P 500 ETF Trust,ETF,Broad Market,765.96,768.15,762.04,762.6,45520302,-0.0084,0.05579814112143926,0.0834565263529753,0.08790514831672545,,,4.69,4.19,0.5,,,polygon
2026-08-19,SPY,SPDR S&P 500 ETF Trust,ETF,Broad Market,770.36,772.47,768.1,769.06,40306023,0.002098,0.04780087264875312,0.09035129596701523,0.08759064183441254,,,4.65,4.19,0.46,,,polygon
2026-08-18,SPY,SPDR S&P 500 ETF Trust,ETF,Broad Market,768.7,769.5,766.92,767.45,43920908,-0.006756,0.047594063623801024,0.10326731859685209,0.08783750409623199,,,4.71,4.19,0.52,,,polygon
2026-08-17,SPY,SPDR S&P 500 ETF Trust,ETF,Broad Market,776.18,776.775,772.51,772.67,34356577,-0.004727,0.07412007725949293,0.10051300648364563,0.08722557397474129,,,4.72,4.19,0.53,,,polygon
2026-08-14,SPY,SPDR S&P 500 ETF Trust,ETF,Broad Market,778.54,778.8,775.4301,776.34,31367913,-0.00198,0.08410088037928759,0.09886103088932809,0.08813852862658791,,,4.68,4.17,0.51,,,polygon
2026-08-13,SPY,SPDR S&P 500 ETF Trust,ETF,Broad Market,774.87,779.37,774.111,777.88,35634483,0.006977,0.0848458680357406,0.09828522390174523,0.0880627096082245,,,4.63,4.15,0.48,,,polygon
2026-08-12,SPY,SPDR S&P 500 ETF Trust,ETF,Broad Market,774.71,774.9,771.28,772.49,33179126,0.002505,0.09728184650095616,0.10517110450049923,0.08718556681502447,,,4.68,4.2,0.48,,,polygon
2026-08-11,SPY,SPDR S&P 500 ETF Trust,ETF,Broad Market,774.53,774.61,769.2,770.56,36740555,-0.003195,0.11601229702600672,0.10528308115013219,0.08834178417087371,,,4.7,4.22,0.48,,,polygon
2026-08-10,SPY,SPDR S&P 500 ETF Trust,ETF,Broad Market,772.6,775.05,771.62,773.03,39249478,-0.000297,0.11453975999909287,0.10658885759624355,0.09362151674558056,,,4.72,4.25,0.47,,,polygon
2026-08-07,SPY,SPDR S&P 500 ETF Trust,ETF,Broad Market,771.02,773.915,769.61,773.26,43586333,0.006115,0.11441582449959567,0.10683535078393307,0.09510134827606856,,,4.65,4.19,0.46,,,polygon
2026-08-06,SPY,SPDR S&P 500 ETF Trust,ETF,Broad Market,770.21,771.82,767.46,768.56,38416896,-0.001598,0.11356514171231867,0.11064951672965766,0.09448344242895232,,,4.69,4.25,0.44,,,polygon
2026-08-05,SPY,SPDR S&P 500 ETF Trust,ETF,Broad Market,775.85,776.85,769.51,769.79,44689081,-0.001997,0.12354779120850319,0.11191751267612596,0.09438971922309576,,,4.63,4.18,0.45,,,polygon
2026-08-04,SPY,SPDR S&P 500 ETF Trust,ETF,Broad Market,760.63,773.41,760.52,771.33,69154788,0.018029,0.12329149885039802,0.11202118300651749,0.09940642147563912,,,4.63,4.2,0.43,,,polygon
2026-08-03,SPY,SPDR S&P 500 ETF Trust,ETF,Broad Market,749.44,758.58,748.8,757.67,59927538,0.014243,0.11108806718545504,0.10018251702064183,0.09292639049515361,,,4.7,4.25,0.45,,,polygon
2026-07-31,SPY,SPDR S&P 500 ETF Trust,ETF,Broad Market,744.68,748.895,737.68,747.03,62445899,0.0072,0.10048480817254375,0.09389584777322375,0.08971736816402297,,,4.75,4.28,0.47,3.63,332.813,polygon
2026-07-30,SPY,SPDR S&P 500 ETF Trust,ETF,Broad Market,736.05,742.45,734.59,741.69,66811268,0.016766,0.10306561026296523,0.09224968538768127,0.09219036949221061,,,4.68,4.23,0.45,3.63,332.813,polygon
2026-07-29,SPY,SPDR S&P 500 ETF Trust,ETF,Broad Market,739.97,742.68,729.1,729.46,70697215,-0.015388,0.08305934248031853,0.08149860672088248,0.08600781283972635,,,4.67,4.22,0.45,3.63,332.813,polygon
2026-07-28,SPY,SPDR S&P 500 ETF Trust,ETF,Broad Market,739.19,742.7901,735.98,740.86,47322247,0.002395,0.06809305773414648,0.06889425311058152,0.08808209140340963,,,4.61,4.26,0.35,3.63,332.813,polygon
2026-07-27,SPY,SPDR S&P 500 ETF Trust,ETF,Broad Market,744.91,745.53,735.87,739.09,41461194,0.000217,0.06886497100950292,0.0695763901965822,0.08864618247818362,,,4.65,4.31,0.34,3.63,332.813,polygon
2026-07-24,SPY,SPDR S&P 500 ETF Trust,ETF,Broad Market,738.51,743.72,737.29,738.93,44781983,0.001016,0.0729392675165008,0.07453931220402575,0.09511694902404902,,,4.69,4.33,0.36,3.63,332.813,polygon
2026-07-23,SPY,SPDR S&P 500 ETF Trust,ETF,Broad Market,739.37,742.56,735.21,738.18,55437332,-0.012349,0.07495531662336709,0.07449801479873154,0.10072468123145853,,,4.71,4.37,0.34,3.63,332.813,polygon
2026-07-22,SPY,SPDR S&P 500 ETF Trust,ETF,Broad Market,746.62,750.02,746.37,747.41,32836200,-0.001163,0.06900470841397503,0.0652235870937787,0.09754170885694452,,,4.67,4.31,0.36,3.63,332.813,polygon
2026-07-21,SPY,SPDR S&P 500 ETF Trust,ETF,Broad Market,746.29,749.04,744.18,748.28,34324262,0.008341,0.06977990052454407,0.06883092598313952,0.09759223709057377,,,4.63,4.26,0.37,3.63,332.813,polygon
2026-07-20,SPY,SPDR S&P 500 ETF Trust,ETF,Broad Market,747.06,748.73,741.5103,742.09,50422324,-0.001614,0.06476994782177646,0.07996357903047739,0.1101644806674245,,,4.6,4.21,0.39,3.63,332.813,polygon
2026-07-17,SPY,SPDR S&P 500 ETF Trust,ETF,Broad Market,742.08,747.29,740.8,743.29,62650961,-0.009897,0.07212585990630832,0.0829348832280938,0.11044953581337423,,,4.55,4.18,0.37,3.63,332.813,polygon
2026-07-16,SPY,SPDR S&P 500 ETF Trust,ETF,Broad Market,752.76,754.57,747.88,750.72,46409814,-0.005419,0.06287623787060115,0.0769334595630666,0.10951615431219447,,,4.57,4.16,0.41,3.63,332.813,polygon
2026-07-15,SPY,SPDR S&P 500 ETF Trust,ETF,Broad Market,754.24,755.58,750.2,754.81,43844769,0.003964,0.05968329236549373,0.07476038708249977,0.10901197687996153,,,4.55,4.13,0.42,3.63,332.813,polygon
2026-07-14,SPY,SPDR S&P 500 ETF Trust,ETF,Broad Market,750.91,753.34,748.66,751.83,35143138,0.003551,0.06376122074176016,0.0867165085718302,0.1088456865379218,,,4.58,4.18,0.4,3.63,332.813,polygon
2026-07-13,SPY,SPDR S&P 500 ETF Trust,ETF,Broad Market,752.47,753.9105,748.0,749.17,44013628,-0.007656,0.08336999595990324,0.08673243281499805,0.10871599377336978,,,4.62,4.26,0.36,3.63,332.813,polygon
2026-07-10,SPY,SPDR S&P 500 ETF Trust,ETF,Broad Market,752.05,755.42,748.1,754.95,42191313,0.00431,0.08280005002133212,0.086230058012534,0.10815418070635102,,,4.56,4.21,0.35,3.63,332.813,polygon
2026-07-09,SPY,SPDR S&P 500 ETF Trust,ETF,Broad Market,747.35,751.97,745.59,751.71,41441718,0.008465,0.08209284269839326,0.0935279846170258,0.10779991670846774,,,4.54,4.16,0.38,3.63,332.813,polygon
2026-07-08,SPY,SPDR S&P 500 ETF Trust,ETF,Broad Market,743.16,746.15,739.51,745.4,43767393,-0.003089,0.07787580363407465,0.09162912930542774,0.10725885305977544,,,4.56,4.21,0.35,3.63,332.813,polygon
2026-07-07,SPY,SPDR S&P 500 ETF Trust,ETF,Broad Market,750.22,750.96,745.21,747.71,43721494,-0.004752,0.0937107827987633,0.10485774374511868,0.10735987933356268,,,4.55,4.19,0.36,3.63,332.813,polygon
2026-07-06,SPY,SPDR S&P 500 ETF Trust,ETF,Broad Market,748.74,752.41,747.41,751.28,50673310,0.008727,0.0927947062987095,0.1047560077465755,0.10694080090308276,,,4.48,4.13,0.35,3.63,332.813,polygon
2026-07-02,SPY,SPDR S&P 500 ETF Trust,ETF,Broad Market,747.4,751.31,740.03,744.78,57505953,-0.001314,0.09179550077837,0.11260922518361821,0.10749361803405037,,,4.49,4.14,0.35,3.63,332.813,polygon
2026-07-01,SPY,SPDR S&P 500 ETF Trust,ETF,Broad Market,745.0,749.435,742.375,745.76,47100878,-0.001352,0.10192076036757948,0.12255995788093955,0.1083864930568045,,,4.48,4.17,0.31,3.63,332.813,polygon
2026-06-30,SPY,SPDR S&P 500 ETF Trust,ETF,Broad Market,741.29,748.02,740.89,746.77,55626035,0.007787,0.10377140989045704,0.12284215983776192,0.1083559296416994,,,4.44,4.14,0.3,3.63,332.568,polygon
2026-06-29,SPY,SPDR S&P 500 ETF Trust,ETF,Broad Market,736.525,741.56,732.09,741.0,58035228,0.016475,0.11802129779917042,0.12097699690157096,0.11004753603544042,,,4.38,4.1,0.28,3.63,332.568,polygon
2026-06-26,SPY,SPDR S&P 500 ETF Trust,ETF,Broad Market,728.945,736.53,716.58,728.99,71033969,-0.007231,0.10414412335004246,0.13359828496861295,0.10591195003393625,,,4.38,4.07,0.31,3.63,332.568,polygon
2026-06-25,SPY,SPDR S&P 500 ETF Trust,ETF,Broad Market,738.91,739.37,729.6,734.3,54128065,0.001446,0.11729712073609407,0.13311955097521064,0.10557783202088851,,,4.4,4.09,0.31,3.63,332.568,polygon
2026-06-24,SPY,SPDR S&P 500 ETF Trust,ETF,Broad Market,735.17,739.945,730.84,733.24,57439507,-0.000463,0.13033297201799415,0.13409324788205065,0.10556863812100388,,,4.41,4.11,0.3,3.63,332.568,polygon
2026-06-23,SPY,SPDR S&P 500 ETF Trust,ETF,Broad Market,733.81,739.63,732.3,733.58,66846780,-0.014522,0.13066672889988265,0.13428097276182668,0.10568160137202938,,,4.5,4.16,0.34,3.63,332.568,polygon
2026-06-22,SPY,SPDR S&P 500 ETF Trust,ETF,Broad Market,747.7,750.18,743.13,744.39,46628074,-0.003147,0.12010838951093226,0.12839477328012888,0.10258681655920356,,,4.51,4.24,0.27,3.63,332.568,polygon
2026-06-18,SPY,SPDR S&P 500 ETF Trust,ETF,Broad Market,747.76,748.23,743.86,746.74,80875657,0.007801,0.15117308241491598,0.12843720901213,0.1025753224733976,,,4.46,4.19,0.27,3.63,332.568,polygon
2026-06-17,SPY,SPDR S&P 500 ETF Trust,ETF,Broad Market,751.29,752.15,739.22,740.96,85945227,-0.012488,0.14898354662991817,0.1273545710505832,0.10516690524726648,,,4.49,4.2,0.29,3.63,332.568,polygon
2026-06-16,SPY,SPDR S&P 500 ETF Trust,ETF,Broad Market,754.55,755.44,749.88,750.33,67093142,-0.005962,0.14467416919672474,0.12204174450137971,0.10275939378751058,,,4.43,4.05,0.38,3.63,332.568,polygon
2026-06-15,SPY,SPDR S&P 500 ETF Trust,ETF,Broad Market,751.85,756.68,751.76,754.83,60176425,0.017634,0.1434530436187728,0.1221495153460838,0.10222258337180369,,,4.47,4.07,0.4,3.63,332.568,polygon
2026-06-12,SPY,SPDR S&P 500 ETF Trust,ETF,Broad Market,740.71,744.44,735.03,741.75,57079533,0.005408,0.1288577270914459,0.11154389996101262,0.0962220123361466,,,4.48,4.09,0.39,3.63,332.568,polygon
2026-06-11,SPY,SPDR S&P 500 ETF Trust,ETF,Broad Market,728.76,740.0,724.405,737.76,86330522,0.016997,0.1274446832866155,0.11053231958316126,0.09762860279109944,,,4.45,4.05,0.4,3.63,332.568,polygon
2026-06-10,SPY,SPDR S&P 500 ETF Trust,ETF,Broad Market,733.39,738.38,725.33,725.43,60341349,-0.015766,0.11251485825214216,0.1030607167496258,0.09157011200081104,,,4.55,4.13,0.42,3.63,332.568,polygon
2026-06-09,SPY,SPDR S&P 500 ETF Trust,ETF,Broad Market,743.63,746.9,722.59,737.05,87683517,-0.002936,0.09984835782882791,0.09408167923432852,0.08584577394935798,,,4.53,4.13,0.4,3.63,332.568,polygon
2026-06-08,SPY,SPDR S&P 500 ETF Trust,ETF,Broad Market,743.36,745.34,738.19,739.22,49319144,0.002264,0.10279293756628988,0.09371192395794128,0.08557857657981993,,,4.56,4.15,0.41,3.63,332.568,polygon
2026-06-05,SPY,SPDR S&P 500 ETF Trust,ETF,Broad Market,752.31,752.82,735.525,737.55,93989416,-0.025809,0.10349645569614177,0.09975474361747026,0.0867594655287702,,,4.55,4.17,0.38,3.63,332.568,polygon
2026-06-04,SPY,SPDR S&P 500 ETF Trust,ETF,Broad Market,752.1,758.31,751.47,757.09,49923036,0.003779,0.04366908521776386,0.06703377934492115,0.06714601416383985,,,4.47,4.05,0.42,3.63,332.568,polygon
2026-06-03,SPY,SPDR S&P 500 ETF Trust,ETF,Broad Market,758.15,758.8,753.57,754.24,51402518,-0.007017,0.053385885172526425,0.06796191290400921,0.06944427970544415,,,4.49,4.08,0.41,3.63,332.568,polygon
2026-06-02,SPY,SPDR S&P 500 ETF Trust,ETF,Broad Market,757.03,760.4,756.75,759.57,31581852,0.001358,0.05268832991636847,0.06426625650343529,0.06921227431354604,,,4.46,4.05,0.41,3.63,332.568,polygon
2026-06-01,SPY,SPDR S&P 500 ETF Trust,ETF,Broad Market,755.36,760.28,754.69,758.54,43634933,0.002723,0.053156501605098855,0.06437776233151148,0.06951198983635291,,,4.47,4.05,0.42,3.63,332.568,polygon
2026-05-29,SPY,SPDR S&P 500 ETF Trust,ETF,Broad Market,755.9,758.08,754.69,756.48,55075739,0.002491,0.07004405364577367,0.06760008335411294,0.0729612368789519,,,4.45,3.98,0.47,3.63,333.979,polygon
2026-05-28,SPY,SPDR S&P 500 ETF Trust,ETF,Broad Market,750.25,755.15,749.23,754.6,41562563,0.005517,0.07428760418104596,0.068532814192648,0.0729588165957988,,,4.45,3.99,0.46,3.63,333.979,polygon
2026-05-27,SPY,SPDR S&P 500 ETF Trust,ETF,Broad Market,750.88,751.38,748.22,750.46,42106285,-0.000173,0.0743503380560034,0.07704086836505655,0.07370174294042817,,,4.48,4.0,0.48,3.63,333.979,polygon
2026-05-26,SPY,SPDR S&P 500 ETF Trust,ETF,Broad Market,750.01,752.13,748.37,750.59,41123621,0.006639,0.0747131937556836,0.07936780736237069,0.0768891481401105,,,4.5,4.01,0.49,3.63,333.979,polygon
2026-05-22,SPY,SPDR S&P 500 ETF Trust,ETF,Broad Market,746.24,748.94,744.48,745.64,41762006,0.003931,0.07185608140314943,0.07918116220264462,0.07802855678886574,,,4.56,4.13,0.43,3.63,333.979,polygon
2026-05-21,SPY,SPDR S&P 500 ETF Trust,ETF,Broad Market,738.64,744.87,737.03,742.72,43332225,0.001983,0.07585682942452254,0.07889743569837074,0.07799842870062279,,,4.57,4.08,0.49,3.63,333.979,polygon
2026-05-20,SPY,SPDR S&P 500 ETF Trust,ETF,Broad Market,735.71,741.87,733.89,741.25,45768035,0.010249,0.0768109650177428,0.0829048598727934,0.07848487952871823,,,4.57,4.04,0.53,3.63,333.979,polygon
2026-05-19,SPY,SPDR S&P 500 ETF Trust,ETF,Broad Market,734.78,737.65,731.53,733.73,54255913,-0.006661,0.08330260850061905,0.07863739723731719,0.09058396119772402,,,4.67,4.13,0.54,3.63,333.979,polygon
2026-05-18,SPY,SPDR S&P 500 ETF Trust,ETF,Broad Market,739.83,741.415,733.39,738.65,47843865,-0.000703,0.08252965778711989,0.07726348986540726,0.08890053494480488,,,4.61,4.07,0.54,3.63,333.979,polygon
2026-05-15,SPY,SPDR S&P 500 ETF Trust,ETF,Broad Market,741.79,743.46,737.96,739.17,60410771,-0.012029,0.08408461720111164,0.07709737088008192,0.08891547120751084,,,4.59,4.09,0.5,3.63,333.979,polygon
2026-05-14,SPY,SPDR S&P 500 ETF Trust,ETF,Broad Market,743.65,749.53,743.56,748.17,45307603,0.007894,0.06881695882471651,0.06838485470858079,0.0839663946424345,,,4.47,4.0,0.47,3.63,333.979,polygon
2026-05-13,SPY,SPDR S&P 500 ETF Trust,ETF,Broad Market,738.47,743.91,735.47,742.31,44200203,0.005595,0.07135045438311294,0.06783760677891093,0.08386686895536918,,,4.46,3.98,0.48,3.63,333.979,polygon
2026-05-12,SPY,SPDR S&P 500 ETF Trust,ETF,Broad Market,736.89,738.84,731.83,738.18,54185273,-0.001515,0.07049932183824141,0.07138829001513892,0.09967437290910018,,,4.46,4.0,0.46,3.63,333.979,polygon
2026-05-11,SPY,SPDR S&P 500 ETF Trust,ETF,Broad Market,736.45,740.79,736.45,739.3,44023951,0.002278,0.07335964160609461,0.07471461115868498,0.10006680713577365,,,4.42,3.95,0.47,3.63,333.979,polygon
2026-05-08,SPY,SPDR S&P 500 ETF Trust,ETF,Broad Market,734.93,738.08,734.57,737.62,47227085,0.008256,0.07331862634073567,0.07530917944369464,0.10795054276691679,,,4.38,3.9,0.48,3.63,333.979,polygon
2026-05-07,SPY,SPDR S&P 500 ETF Trust,ETF,Broad Market,735.05,736.13,729.75,731.58,51724642,-0.003066,0.07276102836762868,0.07906027970080297,0.11490564647582152,,,4.41,3.92,0.49,3.63,333.979,polygon
2026-05-06,SPY,SPDR S&P 500 ETF Trust,ETF,Broad Market,728.16,734.59,727.82,733.83,53288940,0.013899,0.07346399079381898,0.07796428948529872,0.11470493198893904,,,4.36,3.87,0.49,3.63,333.979,polygon
2026-05-05,SPY,SPDR S&P 500 ETF Trust,ETF,Broad Market,721.77,725.04,721.4898,723.77,36933226,0.008022,0.06638528969853416,0.07149895708053718,0.11249547932066399,,,4.43,3.93,0.5,3.63,333.979,polygon
2026-05-04,SPY,SPDR S&P 500 ETF Trust,ETF,Broad Market,720.07,722.12,714.99,718.01,51950558,-0.003663,0.06708885714809112,0.07568568690975289,0.11319641151156745,,,4.45,3.95,0.5,3.63,333.979,polygon
2026-05-01,SPY,SPDR S&P 500 ETF Trust,ETF,Broad Market,721.25,724.87,720.47,720.65,43049849,0.002769,0.065984355484596,0.07764258978774304,0.11915156806137493,,,4.39,3.88,0.51,3.63,333.979,polygon
2026-04-30,SPY,SPDR S&P 500 ETF Trust,ETF,Broad Market,714.63,719.79,710.445,718.66,67240949,0.00995,0.0765612391268346,0.07796915095407864,0.1193910005339091,,,4.4,3.88,0.52,3.64,332.407,polygon
2026-04-29,SPY,SPDR S&P 500 ETF Trust,ETF,Broad Market,711.0,712.2,708.37,711.58,41859227,-0.000155,0.0698792468719155,0.0751211799294858,0.1221518611405651,,,4.42,3.92,0.5,3.64,332.407,polygon
2026-04-28,SPY,SPDR S&P 500 ETF Trust,ETF,Broad Market,711.815,712.88,709.25,711.69,43117436,-0.004866,0.07391939058937186,0.10100696429798742,0.12217416083650834,,,4.36,3.84,0.52,3.64,332.407,polygon
2026-04-27,SPY,SPDR S&P 500 ETF Trust,ETF,Broad Market,713.17,715.63,712.295,715.17,33135943,0.001723,0.07962185678492524,0.0987583198190527,0.1229419958535726,,,4.35,3.78,0.57,3.64,332.407,polygon
2026-04-24,SPY,SPDR S&P 500 ETF Trust,ETF,Broad Market,710.75,714.47,709.01,713.94,45181957,0.007749,0.08400581085268329,0.0988737891540435,0.1237606698477601,,,4.31,3.78,0.53,3.64,332.407,polygon
2026-04-23,SPY,SPDR S&P 500 ETF Trust,ETF,Broad Market,709.5,712.3598,702.2803,708.45,56173990,-0.003881,0.08226412321987774,0.09791410604604436,0.1274833449114366,,,4.34,3.83,0.51,3.64,332.407,polygon
2026-04-22,SPY,SPDR S&P 500 ETF Trust,ETF,Broad Market,709.15,711.45,708.22,711.21,42518498,0.010127,0.08038891947194578,0.09691445230708462,0.12718602621680547,,,4.3,3.79,0.51,3.64,332.407,polygon
2026-04-21,SPY,SPDR S&P 500 ETF Trust,ETF,Broad Market,710.28,711.275,702.64,704.08,58941384,-0.006547,0.10999438342508586,0.12075465625611614,0.12579969334548075,,,4.3,3.78,0.52,3.64,332.407,polygon
2026-04-20,SPY,SPDR S&P 500 ETF Trust,ETF,Broad Market,708.78,709.91,706.14,708.72,43546812,-0.002,0.10475881449845563,0.11874214110911474,0.12596921327462282,,,4.26,3.72,0.54,3.64,332.407,polygon
2026-04-17,SPY,SPDR S&P 500 ETF Trust,ETF,Broad Market,706.14,712.39,705.76,710.14,70661926,0.012086,0.10290713791143617,0.1324689741935337,0.12911078945225488,,,4.26,3.71,0.55,3.64,332.407,polygon
2026-04-16,SPY,SPDR S&P 500 ETF Trust,ETF,Broad Market,701.06,702.78,698.53,701.66,49972363,0.002457,0.09883622282727214,0.14326892886705234,0.12754815318036825,,,4.32,3.78,0.54,3.64,332.407,polygon
2026-04-15,SPY,SPDR S&P 500 ETF Trust,ETF,Broad Market,695.26,700.28,694.2,699.94,58240384,0.007891,0.09986176803046386,0.14359842673325404,0.1282064836996479,,,4.29,3.76,0.53,3.64,332.407,polygon
2026-04-14,SPY,SPDR S&P 500 ETF Trust,ETF,Broad Market,687.69,694.58,687.66,694.46,63480529,0.012185,0.13208092409036892,0.14350936707920287,0.1286683723779701,,,4.26,3.76,0.5,3.64,332.407,polygon
2026-04-13,SPY,SPDR S&P 500 ETF Trust,ETF,Broad Market,677.41,686.3,676.58,686.1,54185819,0.009772,0.1316982791615502,0.14256052192911842,0.1262544171798184,,,4.3,3.78,0.52,3.64,332.407,polygon
2026-04-10,SPY,SPDR S&P 500 ETF Trust,ETF,Broad Market,681.32,682.03,678.45,679.46,42253456,-0.000662,0.14829680752000654,0.15076270763192975,0.12498189863482152,,,4.31,3.81,0.5,3.64,332.407,polygon
2026-04-09,SPY,SPDR S&P 500 ETF Trust,ETF,Broad Market,674.84,681.16,673.77,679.91,57134445,0.005769,0.1642511195380647,0.1510240105707589,0.12545655404197528,,,4.29,3.78,0.51,3.64,332.407,polygon
2026-04-08,SPY,SPDR S&P 500 ETF Trust,ETF,Broad Market,676.39,677.08,671.46,676.01,93606114,0.025469,0.16419096645439052,0.15633002501473495,0.1261204096909642,,,4.29,3.79,0.5,3.64,332.407,polygon
2026-04-07,SPY,SPDR S&P 500 ETF Trust,ETF,Broad Market,656.65,659.61,651.06,659.22,69980362,0.00044,0.14077885651327404,0.13768302211905298,0.11560016890321491,,,4.33,3.81,0.52,3.64,332.407,polygon
2026-04-06,SPY,SPDR S&P 500 ETF Trust,ETF,Broad Market,655.86,659.72,655.52,658.93,39105758,0.004727,0.14512322556271776,0.14107279370491843,0.11726775468405709,,,4.34,3.84,0.5,3.64,332.407,polygon
2026-04-02,SPY,SPDR S&P 500 ETF Trust,ETF,Broad Market,646.42,658.2,645.11,655.83,68358713,0.0009,0.15691590075178105,0.14116079847776478,0.11787330404646883,,,4.31,3.79,0.52,3.64,332.407,polygon
2026-04-01,SPY,SPDR S&P 500 ETF Trust,ETF,Broad Market,653.9,658.52,653.0,655.24,97841472,0.007535,0.1570283781525018,0.14741965321911565,0.11788976122163361,,,4.33,3.81,0.52,3.64,332.407,polygon
2026-03-31,SPY,SPDR S&P 500 ETF Trust,ETF,Broad Market,638.94,651.54,637.98,650.34,152534102,0.029068,0.16097777273451863,0.1451675027960464,0.11725356452776556,,,4.3,3.79,0.51,3.64,330.293,polygon
2026-03-30,SPY,SPDR S&P 500 ETF Trust,ETF,Broad Market,640.11,640.37,629.28,631.97,99275851,-0.003343,0.11951001367876057,0.11396269104136417,0.100064651448806,,,4.35,3.82,0.53,3.64,330.293,polygon
2026-03-27,SPY,SPDR S&P 500 ETF Trust,ETF,Broad Market,642.5,642.66,633.105,634.09,103649368,-0.017052,0.12745830397555777,0.11833536363823702,0.10004866022676047,,,4.44,3.88,0.56,3.64,330.293,polygon
2026-03-26,SPY,SPDR S&P 500 ETF Trust,ETF,Broad Market,652.06,654.85,644.82,645.09,96494375,-0.017859,0.11595885969567848,0.11435417293304338,0.09898551069186753,,,4.42,3.96,0.46,3.64,330.293,polygon
2026-03-25,SPY,SPDR S&P 500 ETF Trust,ETF,Broad Market,658.67,660.89,654.24,656.82,90653787,0.005573,0.11137728294510021,0.10428495841806121,0.0925554041021756,,,4.33,3.84,0.49,3.64,330.293,polygon
2026-03-24,SPY,SPDR S&P 500 ETF Trust,ETF,Broad Market,651.32,657.03,649.88,653.18,96457478,-0.003357,0.1084826121262685,0.10522311717425328,0.09164328953347083,,,4.39,3.9,0.49,3.64,330.293,polygon
2026-03-23,SPY,SPDR S&P 500 ETF Trust,ETF,Broad Market,658.07,662.615,653.94,655.38,134802732,0.0105,0.10831768832882135,0.10731496626156482,0.09227525448247477,,,4.34,3.83,0.51,3.64,330.293,polygon
2026-03-20,SPY,SPDR S&P 500 ETF Trust,ETF,Broad Market,656.51,656.69,644.72,648.57,163617522,-0.01702,0.10603633360515112,0.10138312010510439,0.09823298037793114,,,4.39,3.88,0.51,3.64,330.293,polygon
2026-03-19,SPY,SPDR S&P 500 ETF Trust,ETF,Broad Market,656.97,662.98,655.17,659.8,111272539,-0.002464,0.09942966110300334,0.09097395482438829,0.09535632002270181,,,4.25,3.79,0.46,3.64,330.293,polygon
2026-03-18,SPY,SPDR S&P 500 ETF Trust,ETF,Broad Market,668.36,669.72,661.19,661.43,82062576,-0.013954,0.10038590792583617,0.09171443031033173,0.09567542393455856,,,4.26,3.76,0.5,3.64,330.293,polygon
2026-03-17,SPY,SPDR S&P 500 ETF Trust,ETF,Broad Market,672.39,674.44,669.7,670.79,87128044,0.002631,0.0940007100255703,0.08816199244108557,0.09300061326888998,,,4.2,3.68,0.52,3.64,330.293,polygon
2026-03-16,SPY,SPDR S&P 500 ETF Trust,ETF,Broad Market,668.38,672.07,667.12,669.03,82023130,0.010177,0.09727876198252304,0.09070484251741152,0.09346789858068968,,,4.23,3.68,0.55,3.64,330.293,polygon
2026-03-13,SPY,SPDR S&P 500 ETF Trust,ETF,Broad Market,669.27,672.335,661.36,662.29,97200242,-0.00566,0.0884704063075332,0.08887034182247852,0.0908915983083475,,,4.28,3.73,0.55,3.64,330.293,polygon
2026-03-12,SPY,SPDR S&P 500 ETF Trust,ETF,Broad Market,671.16,671.65,665.87,666.06,108882246,-0.015185,0.08802807302405952,0.09121840293308717,0.090355685000065,,,4.27,3.76,0.51,3.64,330.293,polygon
2026-03-11,SPY,SPDR S&P 500 ETF Trust,ETF,Broad Market,677.58,680.08,673.34,676.33,68441672,-0.001255,0.07438724923563353,0.08062583725896522,0.0850945246942196,,,4.21,3.64,0.57,3.64,330.293,polygon
2026-03-10,SPY,SPDR S&P 500 ETF Trust,ETF,Broad Market,677.72,683.36,674.76,677.18,81505315,-0.001607,0.08143700282840764,0.08214626771275949,0.08556128733774998,,,4.15,3.57,0.58,3.64,330.293,polygon
2026-03-09,SPY,SPDR S&P 500 ETF Trust,ETF,Broad Market,666.39,679.92,662.39,678.27,102667711,0.00876,0.08585795930692072,0.08222329140948222,0.08624194171198682,,,4.12,3.56,0.56,3.64,330.293,polygon
2026-03-06,SPY,SPDR S&P 500 ETF Trust,ETF,Broad Market,673.41,676.11,669.76,672.38,100686951,-0.013107,0.08594319765936306,0.07785611511569465,0.08419784455235704,,,4.15,3.56,0.59,3.64,330.293,polygon
2026-03-05,SPY,SPDR S&P 500 ETF Trust,ETF,Broad Market,682.08,685.53,675.61,681.31,106606464,-0.005576,0.0788062739101833,0.0814594854855359,0.0806317688887231,,,4.13,3.57,0.56,3.64,330.293,polygon
2026-03-04,SPY,SPDR S&P 500 ETF Trust,ETF,Broad Market,681.63,687.09,679.62,685.13,79182244,0.007055,0.07691307627814303,0.08002688621375845,0.08321164419463997,,,4.09,3.54,0.55,3.64,330.293,polygon
2026-03-03,SPY,SPDR S&P 500 ETF Trust,ETF,Broad Market,675.06,682.61,669.66,680.33,105003113,-0.008814,0.07486312888554573,0.07714532874641786,0.09224463431018262,,,4.06,3.51,0.55,3.64,330.293,polygon
2026-03-02,SPY,SPDR S&P 500 ETF Trust,ETF,Broad Market,678.7,688.62,678.02,686.38,87477198,0.000569,0.06804647572410483,0.07466029313648363,0.0905072276606509,,,4.05,3.47,0.58,3.64,330.293,polygon
2026-02-27,SPY,SPDR S&P 500 ETF Trust,ETF,Broad Market,683.09,686.86,681.64,685.99,83308868,-0.004802,0.06805429964241728,0.09314863541084183,0.0906865010201005,,,3.97,3.38,0.59,3.64,327.46,polygon
2026-02-26,SPY,SPDR S&P 500 ETF Trust,ETF,Broad Market,693.28,693.3,684.35,689.3,71670990,-0.005554,0.08610157815453442,0.09942639170408814,0.09071201903872424,,,4.02,3.42,0.6,3.64,327.46,polygon
2026-02-25,SPY,SPDR S&P 500 ETF Trust,ETF,Broad Market,690.18,693.68,690.1,693.15,56369479,0.008438,0.08385009492837478,0.09909030075723171,0.09008692249383125,,,4.05,3.45,0.6,3.64,327.46,polygon
2026-02-24,SPY,SPDR S&P 500 ETF Trust,ETF,Broad Market,681.9,688.35,680.0,687.35,73798727,0.007269,0.07858483762876568,0.09899731590364225,0.08842202024897694,,,4.04,3.43,0.61,3.64,327.46,polygon
2026-02-23,SPY,SPDR S&P 500 ETF Trust,ETF,Broad Market,687.83,690.0,680.371,682.39,90558087,-0.010211,0.07599206620948985,0.09768036181792411,0.08819907280421334,,,4.03,3.43,0.6,3.64,327.46,polygon
2026-02-20,SPY,SPDR S&P 500 ETF Trust,ETF,Broad Market,682.32,690.06,681.73,689.43,100033986,0.007232,0.0943642689552069,0.09352536392790783,0.08565531956052483,,,4.08,3.48,0.6,3.64,327.46,polygon
2026-02-19,SPY,SPDR S&P 500 ETF Trust,ETF,Broad Market,683.84,686.18,681.5475,684.48,58649363,-0.002637,0.10205869692304745,0.09094023750469693,0.08456661034247182,,,4.08,3.47,0.61,3.64,327.46,polygon
2026-02-18,SPY,SPDR S&P 500 ETF Trust,ETF,Broad Market,684.02,689.15,682.83,686.29,73570341,0.005038,0.10303205109610704,0.09072528405396442,0.08532096308283423,,,4.09,3.47,0.62,3.64,327.46,polygon
2026-02-17,SPY,SPDR S&P 500 ETF Trust,ETF,Broad Market,680.14,684.94,675.78,682.85,81354660,0.001613,0.10497587619838798,0.09022547735870416,0.0857922543551767,,,4.05,3.43,0.62,3.64,327.46,polygon
2026-02-13,SPY,SPDR S&P 500 ETF Trust,ETF,Broad Market,681.69,686.28,677.52,681.75,96267487,0.000705,0.1065998095730369,0.09146739415261042,0.08581110619950284,,,4.04,3.4,0.64,3.64,327.46,polygon
2026-02-12,SPY,SPDR S&P 500 ETF Trust,ETF,Broad Market,694.24,695.35,680.37,681.27,118828963,-0.015449,0.10675018577083209,0.0914380912020481,0.08713566181409876,,,4.09,3.47,0.62,3.64,327.46,polygon
2026-02-11,SPY,SPDR S&P 500 ETF Trust,ETF,Broad Market,696.39,697.14,689.18,691.96,76353872,-0.000231,0.09264438022933401,0.08062707642019593,0.08103158250365974,,,4.18,3.52,0.66,3.64,327.46,polygon
2026-02-10,SPY,SPDR S&P 500 ETF Trust,ETF,Broad Market,694.95,696.54,691.66,692.12,65185725,-0.002637,0.09264559608403301,0.08683422622671755,0.08137790004489684,,,4.16,3.45,0.71,3.64,327.46,polygon
2026-02-09,SPY,SPDR S&P 500 ETF Trust,ETF,Broad Market,689.42,695.87,688.34,693.95,73885192,0.004822,0.09331061325185099,0.10622003178311826,0.08118632779322091,,,4.22,3.48,0.74,3.64,327.46,polygon
2026-02-06,SPY,SPDR S&P 500 ETF Trust,ETF,Broad Market,681.46,692.31,680.85,690.62,89127566,0.019185,0.09347746656201163,0.1053058232859283,0.08090669692778163,,,4.22,3.5,0.72,3.64,327.46,polygon
2026-02-05,SPY,SPDR S&P 500 ETF Trust,ETF,Broad Market,680.94,683.69,675.79,677.62,113610812,-0.012489,0.06345239808157553,0.08897580125621973,0.07131196269628717,,,4.21,3.47,0.74,3.64,327.46,polygon
2026-02-04,SPY,SPDR S&P 500 ETF Trust,ETF,Broad Market,690.35,691.45,681.76,686.19,105204600,-0.004844,0.05042844543591541,0.082587227040561,0.06766603146041078,,,4.29,3.57,0.72,3.64,327.46,polygon
2026-02-03,SPY,SPDR S&P 500 ETF Trust,ETF,Broad Market,696.21,696.96,684.03,689.53,107904611,-0.008455,0.06101207642081681,0.08164795315698786,0.06792799606901187,,,4.28,3.57,0.71,3.64,327.46,polygon
2026-02-02,SPY,SPDR S&P 500 ETF Trust,ETF,Broad Market,689.58,696.93,689.425,695.41,79286458,0.004971,0.0911568106185098,0.0779699010051477,0.06697850262903958,,,4.29,3.57,0.72,3.64,327.46,polygon
2026-01-30,SPY,SPDR S&P 500 ETF Trust,ETF,Broad Market,691.79,694.21,687.12,691.97,101835131,-0.002983,0.08958801625822682,0.07899732195025379,0.07046887913821533,,,4.26,3.52,0.74,3.64,326.588,polygon
2026-01-29,SPY,SPDR S&P 500 ETF Trust,ETF,Broad Market,696.39,697.06,684.83,694.04,97486198,-0.001984,0.08938631510112209,0.0784523506882697,0.07042047140165182,,,4.24,3.53,0.71,3.64,326.588,polygon
2026-01-28,SPY,SPDR S&P 500 ETF Trust,ETF,Broad Market,697.05,697.84,693.94,695.42,61172165,-0.000101,0.09088275645306287,0.07883691113941836,0.0703607107148304,,,4.26,3.56,0.7,3.64,326.588,polygon
2026-01-27,SPY,SPDR S&P 500 ETF Trust,ETF,Broad Market,694.18,696.53,693.57,695.49,55506147,0.003984,0.09117716874496594,0.08057284134093251,0.07397168855174525,,,4.24,3.53,0.71,3.64,326.588,polygon
2026-01-26,SPY,SPDR S&P 500 ETF Trust,ETF,Broad Market,690.49,694.13,689.92,692.73,60473813,0.005078,0.09023844545736727,0.08196408860982232,0.0736838272799471,,,4.22,3.56,0.66,3.64,326.588,polygon
2026-01-23,SPY,SPDR S&P 500 ETF Trust,ETF,Broad Market,688.15,690.96,687.16,689.23,63059578,0.000363,0.09148389381442203,0.08091545312391107,0.07419255576971746,,,4.24,3.6,0.64,3.64,326.588,polygon
2026-01-22,SPY,SPDR S&P 500 ETF Trust,ETF,Broad Market,689.85,691.125,686.92,688.98,77112243,0.005223,0.09147359543885944,0.08400758790426156,0.07422011320309509,,,4.26,3.61,0.65,3.64,326.588,polygon
2026-01-21,SPY,SPDR S&P 500 ETF Trust,ETF,Broad Market,679.65,688.735,678.13,685.4,127844467,0.011541,0.09002920404986607,0.08266254935702774,0.07372708825808959,,,4.26,3.6,0.66,3.64,326.588,polygon
2026-01-20,SPY,SPDR S&P 500 ETF Trust,ETF,Broad Market,681.49,684.77,676.57,677.58,111623277,-0.020357,0.08251525822160555,0.07551800761267302,0.06986808609043545,,,4.3,3.6,0.7,3.64,326.588,polygon
2026-01-16,SPY,SPDR S&P 500 ETF Trust,ETF,Broad Market,693.66,694.25,690.1,691.66,79289200,-0.000838,0.04555301249180013,0.04611639773139507,0.05545419194321676,,,4.24,3.59,0.65,3.64,326.588,polygon
2026-01-15,SPY,SPDR S&P 500 ETF Trust,ETF,Broad Market,694.57,695.45,691.25,692.24,77861974,0.002723,0.04543833423818515,0.0470915747194582,0.05581204006014729,,,4.17,3.56,0.61,3.64,326.588,polygon
2026-01-14,SPY,SPDR S&P 500 ETF Trust,ETF,Broad Market,691.0,691.72,686.04,690.36,94676684,-0.004915,0.052815002107423535,0.04823328664656634,0.05567671383738056,,,4.15,3.51,0.64,3.64,326.588,polygon
2026-01-13,SPY,SPDR S&P 500 ETF Trust,ETF,Broad Market,695.49,696.09,691.35,693.77,78309726,-0.002,0.04972389601607096,0.04860889866580657,0.05554177939889818,,,4.18,3.53,0.65,3.64,326.588,polygon
2026-01-12,SPY,SPDR S&P 500 ETF Trust,ETF,Broad Market,690.68,696.09,690.63,695.16,63976002,0.00157,0.050962981018263,0.050396444738788064,0.056341997593670694,,,4.19,3.54,0.65,3.64,326.588,polygon
2026-01-09,SPY,SPDR S&P 500 ETF Trust,ETF,Broad Market,690.63,695.31,689.18,694.07,80125467,0.006613,0.050780797667217666,0.05390670220438401,0.05785351977716589,,,4.18,3.54,0.64,3.64,326.588,polygon
2026-01-08,SPY,SPDR S&P 500 ETF Trust,ETF,Broad Market,688.82,690.615,687.49,689.51,64019200,-0.000102,0.046910560116268936,0.06198035729793243,0.05936562204956639,,,4.19,3.49,0.7,3.64,326.588,polygon
2026-01-07,SPY,SPDR S&P 500 ETF Trust,ETF,Broad Market,692.19,693.96,689.32,689.58,75588337,-0.003223,0.04936446372186373,0.0626757764865565,0.0660044231250747,,,4.15,3.47,0.68,3.64,326.588,polygon
2026-01-06,SPY,SPDR S&P 500 ETF Trust,ETF,Broad Market,687.93,692.315,687.78,691.81,69273827,0.005947,0.05157276533689377,0.061998676547025865,0.06807806168875465,,,4.18,3.47,0.71,3.64,326.588,polygon
2026-01-05,SPY,SPDR S&P 500 ETF Trust,ETF,Broad Market,686.54,689.43,686.375,687.72,71927191,0.00666,0.05175400340137537,0.06793044117145686,0.07508004387807692,,,4.17,3.46,0.71,3.64,326.588,polygon
2026-01-02,SPY,SPDR S&P 500 ETF Trust,ETF,Broad Market,685.71,686.87,679.82,683.17,89377203,0.001833,0.0530885645207092,0.06532946822986774,0.07434028444641583,,,4.19,3.47,0.72,3.64,326.588,polygon
2025-12-31,SPY,SPDR S&P 500 ETF Trust,ETF,Broad Market,687.14,687.36,681.71,681.92,74144801,-0.007409,0.06699134170740366,0.06804151171987674,0.07654179741929187,,,4.18,3.47,0.71,3.72,326.031,polygon
2025-12-30,SPY,SPDR S&P 500 ETF Trust,ETF,Broad Market,687.445,688.555,686.58,687.01,47160671,-0.001221,0.06202279091720325,0.06441512580371693,0.07747897623623633,,,4.14,3.45,0.69,3.72,326.031,polygon
2025-12-29,SPY,SPDR S&P 500 ETF Trust,ETF,Broad Market,687.54,689.2,686.07,687.85,62559503,-0.003564,0.06212858630442431,0.06495521653348324,0.07741643888134775,,,4.12,3.45,0.67,3.72,326.031,polygon
2025-12-26,SPY,SPDR S&P 500 ETF Trust,ETF,Broad Market,690.64,691.66,689.27,690.31,41613347,-0.000101,0.0722333375783012,0.06419583045648479,0.08465250715412387,,,4.14,3.46,0.68,3.72,326.031,polygon
2025-12-24,SPY,SPDR S&P 500 ETF Trust,ETF,Broad Market,687.95,690.83,687.8,690.38,39445560,0.003518,0.07264472234689105,0.06419738028122893,0.08465429110484775,,,4.15,3.47,0.68,3.72,326.031,polygon
2025-12-23,SPY,SPDR S&P 500 ETF Trust,ETF,Broad Market,683.92,688.2,683.87,687.96,64839951,0.00457,0.07517660363423444,0.06417392109671688,0.08448540585207645,,,4.18,3.48,0.7,3.72,326.031,polygon
2025-12-22,SPY,SPDR S&P 500 ETF Trust,ETF,Broad Market,683.94,685.36,680.5868,684.83,69556733,0.00623,0.07367476167192102,0.0630869829631716,0.08971995126161508,,,4.17,3.44,0.73,3.72,326.031,polygon
2025-12-19,SPY,SPDR S&P 500 ETF Trust,ETF,Broad Market,676.59,681.09,676.47,680.59,103599543,0.00609,0.07088332166948931,0.06192574237562118,0.08889505951494567,,,4.16,3.48,0.68,3.72,326.031,polygon
2025-12-18,SPY,SPDR S&P 500 ETF Trust,ETF,Broad Market,677.6,680.74,674.9,676.47,108650128,0.007551,0.06750869384463949,0.06140285749653467,0.09087452839506585,,,4.12,3.46,0.66,3.72,326.031,polygon
2025-12-17,SPY,SPDR S&P 500 ETF Trust,ETF,Broad Market,679.89,680.435,671.195,671.4,110625198,-0.011004,0.06106140576945535,0.06072826746903629,0.08980780199984913,,,4.16,3.49,0.67,3.72,326.031,polygon
2025-12-16,SPY,SPDR S&P 500 ETF Trust,ETF,Broad Market,679.23,681.08,674.98,678.87,122030631,-0.002732,0.050310803149223045,0.057692978156760465,0.09027243919642425,,,4.15,3.48,0.67,3.72,326.031,polygon
2025-12-15,SPY,SPDR S&P 500 ETF Trust,ETF,Broad Market,685.74,685.76,679.25,680.73,90810952,-0.001511,0.04988885925553967,0.06985832489996505,0.09019394356580844,,,4.18,3.51,0.67,3.72,326.031,polygon
2025-12-12,SPY,SPDR S&P 500 ETF Trust,ETF,Broad Market,688.17,688.88,679.1744,681.76,113160347,-0.010752,0.05216110396568719,0.07390431999019226,0.09039186985415536,,,4.19,3.52,0.67,3.72,326.031,polygon
2025-12-11,SPY,SPDR S&P 500 ETF Trust,ETF,Broad Market,685.14,689.25,682.165,689.17,86173678,0.002327,0.03885555776435003,0.0812767068012477,0.09052084147475416,,,4.14,3.52,0.62,3.72,326.031,polygon
2025-12-10,SPY,SPDR S&P 500 ETF Trust,ETF,Broad Market,682.56,688.97,681.31,687.57,85671334,0.006632,0.04415663232945865,0.08156361926853781,0.09040115790398712,,,4.13,3.54,0.59,3.72,326.031,polygon
2025-12-09,SPY,SPDR S&P 500 ETF Trust,ETF,Broad Market,683.15,685.385,682.59,683.04,58310055,-0.000863,0.04937829305783869,0.08474039296404255,0.08952705486346169,,,4.18,3.61,0.57,3.72,326.031,polygon
2025-12-08,SPY,SPDR S&P 500 ETF Trust,ETF,Broad Market,686.59,686.64,681.57,683.63,55231462,-0.003004,0.06769012505712259,0.0896752724233421,0.0927034946362058,,,4.17,3.57,0.6,3.72,326.031,polygon
2025-12-05,SPY,SPDR S&P 500 ETF Trust,ETF,Broad Market,685.47,688.39,684.58,685.69,79241045,0.0019,0.07097469533466473,0.08906415835505799,0.09388559002535654,,,4.14,3.56,0.58,3.72,326.031,polygon
2025-12-04,SPY,SPDR S&P 500 ETF Trust,ETF,Broad Market,685.3,685.37,681.34,684.39,61970336,0.000731,0.09387451546485198,0.10222876016165505,0.09452803501108825,,,4.11,3.52,0.59,3.72,326.031,polygon
2025-12-03,SPY,SPDR S&P 500 ETF Trust,ETF,Broad Market,680.57,684.91,679.69,683.89,57238481,0.003463,0.0941594008712204,0.10221989480778212,0.09522377311033482,,,4.06,3.49,0.57,3.72,326.031,polygon
2025-12-02,SPY,SPDR S&P 500 ETF Trust,ETF,Broad Market,681.92,683.82,679.3275,681.53,62953844,0.001852,0.10016116689706571,0.10193621391616144,0.09499927674848982,,,4.09,3.51,0.58,3.72,326.031,polygon
2025-12-01,SPY,SPDR S&P 500 ETF Trust,ETF,Broad Market,678.81,682.99,678.74,680.27,61201193,-0.004565,0.10646302426667198,0.11130892953078836,0.09718055752116271,,,4.09,3.54,0.55,3.72,326.031,polygon
2025-11-28,SPY,SPDR S&P 500 ETF Trust,ETF,Broad Market,680.86,683.665,680.5,683.39,49212030,0.005458,0.10485173531390395,0.11028530015780186,0.09720898290434343,,,4.02,3.47,0.55,3.88,325.063,polygon
2025-11-26,SPY,SPDR S&P 500 ETF Trust,ETF,Broad Market,677.63,681.7,676.72,679.68,71879597,0.006903,0.1195789560918676,0.11411370638993443,0.0978310978127487,,,4.0,3.45,0.55,3.88,325.063,polygon
2025-11-25,SPY,SPDR S&P 500 ETF Trust,ETF,Broad Market,668.63,676.21,664.48,675.02,81077088,0.009406,0.11679666374028418,0.11277137634441338,0.09726085387127696,,,4.01,3.43,0.58,3.88,325.063,polygon
2025-11-24,SPY,SPDR S&P 500 ETF Trust,ETF,Broad Market,662.69,670.06,661.59,668.73,80437940,0.014719,0.11168343077982025,0.11426326590192495,0.09545971045153614,,,4.04,3.46,0.58,3.88,325.063,polygon
2025-11-21,SPY,SPDR S&P 500 ETF Trust,ETF,Broad Market,655.05,664.55,650.85,659.03,123956203,0.009961,0.11323989321536844,0.10500013287245272,0.0958661382826731,,,4.06,3.51,0.55,3.88,325.063,polygon
2025-11-20,SPY,SPDR S&P 500 ETF Trust,ETF,Broad Market,672.91,675.56,651.89,652.53,165293521,-0.015242,0.1065710269987081,0.10059654957384576,0.10921007123562791,,,4.1,3.55,0.55,3.88,325.063,polygon
2025-11-19,SPY,SPDR S&P 500 ETF Trust,ETF,Broad Market,660.78,667.34,658.745,662.63,94702955,0.003863,0.0999298947159303,0.0960683785337907,0.10485236990045377,,,4.13,3.58,0.55,3.88,325.063,polygon
2025-11-18,SPY,SPDR S&P 500 ETF Trust,ETF,Broad Market,662.095,665.12,655.86,660.08,114467488,-0.008398,0.0996933009946819,0.09501007288844032,0.10528937879350349,,,4.12,3.58,0.54,3.88,325.063,polygon
2025-11-17,SPY,SPDR S&P 500 ETF Trust,ETF,Broad Market,669.7,673.71,662.17,665.67,90456105,-0.009316,0.10359462374564811,0.09322956667413179,0.1041565481604197,,,4.13,3.6,0.53,3.88,325.063,polygon
2025-11-14,SPY,SPDR S&P 500 ETF Trust,ETF,Broad Market,665.38,675.66,663.265,671.93,96846672,-0.000164,0.09974820099721415,0.09670038657547284,0.1026331595232745,,,4.14,3.62,0.52,3.88,325.063,polygon
2025-11-13,SPY,SPDR S&P 500 ETF Trust,ETF,Broad Market,680.5,680.86,670.52,672.04,103457788,-0.016594,0.10069332976811454,0.09972149779091602,0.10263218042409238,,,4.11,3.58,0.53,3.88,325.063,polygon
2025-11-12,SPY,SPDR S&P 500 ETF Trust,ETF,Broad Market,684.79,684.96,680.945,683.38,62312484,0.000556,0.0906162790039284,0.08752726313218644,0.09648634812375162,,,4.08,3.56,0.52,3.88,325.063,polygon
2025-11-11,SPY,SPDR S&P 500 ETF Trust,ETF,Broad Market,679.95,683.57,678.73,683.0,58953385,0.002289,0.0906078366230203,0.08922928750411437,0.09668605322288709,,,4.13,3.58,0.55,3.88,325.063,polygon
2025-11-10,SPY,SPDR S&P 500 ETF Trust,ETF,Broad Market,677.235,682.18,675.03,681.44,75842888,0.015604,0.09074727700513847,0.08909520077001419,0.09685480574164593,,,4.13,3.58,0.55,3.88,325.063,polygon
2025-11-07,SPY,SPDR S&P 500 ETF Trust,ETF,Broad Market,667.91,671.08,661.205,670.97,100592443,0.000985,0.08315050493686381,0.08259471273098207,0.09179712598819753,,,4.11,3.55,0.56,3.88,325.063,polygon
2025-11-06,SPY,SPDR S&P 500 ETF Trust,ETF,Broad Market,676.47,677.38,668.72,670.31,85035298,-0.010729,0.08823724792239747,0.08401692889740749,0.09247231999218826,,,4.11,3.57,0.54,3.88,325.063,polygon
2025-11-05,SPY,SPDR S&P 500 ETF Trust,ETF,Broad Market,674.98,680.86,674.17,677.58,74402376,0.003465,0.0814617646722726,0.08009766715134509,0.09014730615747665,,,4.17,3.63,0.54,3.88,325.063,polygon
2025-11-04,SPY,SPDR S&P 500 ETF Trust,ETF,Broad Market,676.11,679.96,674.58,675.24,78426969,-0.011854,0.0832691144182774,0.08044557005900439,0.09021609999791126,,,4.1,3.58,0.52,3.88,325.063,polygon
2025-11-03,SPY,SPDR S&P 500 ETF Trust,ETF,Broad Market,685.67,685.8,679.94,683.34,57315025,0.001877,0.07052094021085016,0.07137994878524065,0.08740341880907693,,,4.13,3.6,0.53,3.88,325.063,polygon
2025-10-31,SPY,SPDR S&P 500 ETF Trust,ETF,Broad Market,685.04,685.08,679.24,682.06,87164122,0.00328,0.07780769210445547,0.08242922222542412,,,,4.11,3.6,0.51,4.09,324.245,polygon
2025-10-30,SPY,SPDR S&P 500 ETF Trust,ETF,Broad Market,683.9,685.94,679.83,679.83,76335751,-0.010998,0.0790192523581593,0.1171570056472841,,,,4.11,3.61,0.5,4.09,324.245,polygon
2025-10-29,SPY,SPDR S&P 500 ETF Trust,ETF,Broad Market,688.72,689.7,682.87,687.39,85362207,0.00048,0.07166255254265418,0.11249978908465423,,,,4.08,3.59,0.49,4.09,324.245,polygon
2025-10-28,SPY,SPDR S&P 500 ETF Trust,ETF,Broad Market,687.05,688.905,684.83,687.06,61738073,0.002656,0.0722133326185365,0.11351756509300706,,,,3.99,3.47,0.52,4.09,324.245,polygon
2025-10-27,SPY,SPDR S&P 500 ETF Trust,ETF,Broad Market,682.73,685.54,682.115,685.24,63339790,0.011798,0.07284977446191096,0.11415268637687057,,,,4.01,3.48,0.53,4.09,324.245,polygon
2025-10-24,SPY,SPDR S&P 500 ETF Trust,ETF,Broad Market,676.46,678.47,675.65,677.25,74356527,0.008173,0.0796860234742551,0.10964692668306958,,,,4.02,3.48,0.54,4.09,324.245,polygon
2025-10-23,SPY,SPDR S&P 500 ETF Trust,ETF,Broad Market,668.12,672.7101,667.8,671.76,65604461,0.00593,0.12558061753765215,0.10716307644785046,,,,4.01,3.48,0.53,4.09,324.245,polygon
2025-10-22,SPY,SPDR S&P 500 ETF Trust,ETF,Broad Market,672.0,672.0,663.3,667.8,80564006,-0.005199,0.1240924492491098,0.10580909450623967,,,,3.97,3.45,0.52,4.09,324.245,polygon
2025-10-21,SPY,SPDR S&P 500 ETF Trust,ETF,Broad Market,671.44,672.99,669.981,671.29,56249034,-1.5e-05,0.12463270574395577,0.10508747966848565,,,,3.98,3.45,0.53,4.09,324.245,polygon
2025-10-20,SPY,SPDR S&P 500 ETF Trust,ETF,Broad Market,667.32,672.21,667.27,671.3,60493350,0.010401,0.12535274180293354,0.10557167053303207,,,,4.0,3.46,0.54,4.09,324.245,polygon
2025-10-17,SPY,SPDR S&P 500 ETF Trust,ETF,Broad Market,659.5,665.755,658.14,664.39,96500870,0.005676,0.12039374561115598,0.10157232084165942,,,,4.02,3.46,0.56,4.09,324.245,polygon
2025-10-16,SPY,SPDR S&P 500 ETF Trust,ETF,Broad Market,666.82,668.71,657.11,660.64,110563346,-0.00681,0.11841628808086817,0.10159724327399995,,,,3.99,3.41,0.58,4.09,324.245,polygon
2025-10-15,SPY,SPDR S&P 500 ETF Trust,ETF,Broad Market,666.82,670.23,658.93,665.17,81702555,0.00444,0.11634479331661143,0.10047677544942624,,,,4.05,3.5,0.55,4.09,324.245,polygon
2025-10-14,SPY,SPDR S&P 500 ETF Trust,ETF,Broad Market,657.17,665.83,653.17,662.23,88779560,-0.001222,0.11587910735191707,0.10011785417907472,,,,4.03,3.48,0.55,4.09,324.245,polygon
2025-10-13,SPY,SPDR S&P 500 ETF Trust,ETF,Broad Market,660.65,665.13,659.7679,663.04,79560517,0.015344,0.1166529732585027,0.10129501323090678,,,,4.05,3.52,0.53,4.09,324.245,polygon
2025-10-10,SPY,SPDR S&P 500 ETF Trust,ETF,Broad Market,672.13,673.95,652.84,653.02,159422589,-0.027028,0.10333700637336032,,,,,4.05,3.52,0.53,4.09,324.245,polygon
2025-10-09,SPY,SPDR S&P 500 ETF Trust,ETF,Broad Market,673.53,673.94,669.21,671.16,66501941,-0.002897,0.03878559384396996,,,,,4.14,3.6,0.54,4.09,324.245,polygon
2025-10-08,SPY,SPDR S&P 500 ETF Trust,ETF,Broad Market,670.25,673.2056,669.42,673.11,60702241,0.005963,0.04131225064224966,,,,,4.13,3.58,0.55,4.09,324.245,polygon
2025-10-07,SPY,SPDR S&P 500 ETF Trust,ETF,Broad Market,672.54,672.99,667.67,669.12,72020067,-0.003708,0.039198536145305794,,,,,4.14,3.57,0.57,4.09,324.245,polygon
2025-10-06,SPY,SPDR S&P 500 ETF Trust,ETF,Broad Market,671.62,672.51,669.455,671.61,54623260,0.003586,0.04189083458936477,,,,,4.18,3.6,0.58,4.09,324.245,polygon
2025-10-03,SPY,SPDR S&P 500 ETF Trust,ETF,Broad Market,669.99,672.675,668.16,669.21,70494350,-1.5e-05,,,,,,4.13,3.58,0.55,4.09,324.245,polygon
2025-10-02,SPY,SPDR S&P 500 ETF Trust,ETF,Broad Market,670.45,670.565,666.78,669.22,56895993,0.001152,,,,,,4.1,3.55,0.55,4.09,324.245,polygon
2025-10-01,SPY,SPDR S&P 500 ETF Trust,ETF,Broad Market,663.17,669.37,663.06,668.45,72545369,0.003407,,,,,,4.12,3.55,0.57,4.09,324.245,polygon
2025-09-30,SPY,SPDR S&P 500 ETF Trust,ETF,Broad Market,662.93,666.65,661.61,666.18,86288028,0.003767,,,,,,4.16,3.6,0.56,4.22,324.245,polygon
2025-09-29,SPY,SPDR S&P 500 ETF Trust,ETF,Broad Market,664.36,665.28,661.86,663.68,73499015,0.00281,,,,,,4.15,3.63,0.52,4.22,324.245,polygon
2025-09-26,SPY,SPDR S&P 500 ETF Trust,ETF,Broad Market,659.51,662.37,657.88,661.82,69179209,0.005729,,,,,,4.2,3.63,0.57,4.22,324.245,polygon
2025-09-25,SPY,SPDR S&P 500 ETF Trust,ETF,Broad Market,657.94,659.4056,654.405,658.05,89622067,-0.004614,,,,,,4.18,3.64,0.54,4.22,324.245,polygon
2025-09-24,SPY,SPDR S&P 500 ETF Trust,ETF,Broad Market,664.51,664.61,659.67,661.1,68082229,-0.003181,,,,,,4.16,3.57,0.59,4.22,324.245,polygon
2025-09-23,SPY,SPDR S&P 500 ETF Trust,ETF,Broad Market,666.72,667.34,661.98,663.21,81708872,-0.005444,,,,,,4.12,3.53,0.59,4.22,324.245,polygon
2025-09-22,SPY,SPDR S&P 500 ETF Trust,ETF,Broad Market,662.2,667.29,662.17,666.84,69452201,,,,,,,4.15,3.61,0.54,4.22,324.245,polygon
2026-09-18,TSLA,"Tesla, Inc.",Equity,Automotive & Energy,369.0,370.8999938964844,360.75,364.2699890136719,51819200,-0.00527,0.48233117278203513,0.44077500746387294,0.571308359522613,,,,,0.25,,,yfinance
2026-09-17,TSLA,"Tesla, Inc.",Equity,Automotive & Energy,367.4800109863281,374.1199951171875,363.2200012207031,366.20001220703125,38924100,0.022677,0.5005489022741599,0.44097845112180406,0.5721195150241174,,,4.94,4.67,0.27,,,yfinance
2026-09-16,TSLA,"Tesla, Inc.",Equity,Automotive & Energy,357.92999267578125,365.1000061035156,354.8900146484375,358.0799865722656,32177400,0.004207,0.49729781159085984,0.44208042651633267,0.5825722437242735,,,5.01,4.74,0.27,,,yfinance
2026-09-15,TSLA,"Tesla, Inc.",Equity,Automotive & Energy,358.75,362.3900146484375,354.04998779296875,356.5799865722656,30317700,-0.006658,0.49877334269905715,0.4437382015332918,0.5830815017994148,,,5.0,4.67,0.33,,,yfinance
2026-09-14,TSLA,"Tesla, Inc.",Equity,Automotive & Energy,359.7799987792969,367.7300109863281,357.0400085449219,358.9700012207031,32477200,-0.017705,0.49801669768378454,0.451501198147233,0.5835309425802441,,,4.97,4.65,0.32,,,yfinance
2026-09-11,TSLA,"Tesla, Inc.",Equity,Automotive & Energy,364.20001220703125,368.6600036621094,361.6000061035156,365.44000244140625,30153000,0.005171,0.5060733380037091,0.44641794641214977,0.5838927535207891,,,4.96,4.63,0.33,,,yfinance
2026-09-10,TSLA,"Tesla, Inc.",Equity,Automotive & Energy,360.6000061035156,369.2099914550781,357.67999267578125,363.55999755859375,29667200,-0.011555,0.5114111697806836,0.45429437384860144,0.5844322079520552,,,4.95,4.56,0.39,,,yfinance
2026-09-09,TSLA,"Tesla, Inc.",Equity,Automotive & Energy,368.25,375.44000244140625,366.0,367.80999755859375,32564300,-0.000951,0.5081672279084758,0.46379845842356915,0.5847401711732275,,,4.83,4.43,0.4,,,yfinance
2026-09-08,TSLA,"Tesla, Inc.",Equity,Automotive & Energy,357.1000061035156,370.0,355.75,368.1600036621094,51078800,0.039765,0.5077316718390837,0.4646340913849574,0.5861375444801472,,,4.8,4.39,0.41,,,yfinance
2026-09-04,TSLA,"Tesla, Inc.",Equity,Automotive & Energy,362.07000732421875,364.69000244140625,351.32000732421875,354.0799865722656,65018200,-0.059224,0.4998972395499993,0.45650069801437904,0.5880258749341649,,,4.78,4.37,0.41,,,yfinance
2026-09-03,TSLA,"Tesla, Inc.",Equity,Automotive & Energy,365.82000732421875,384.0400085449219,365.82000732421875,376.3699951171875,63601000,0.054228,0.4414665195122099,0.42016503820968487,0.5800704309755147,,,4.77,4.34,0.43,,,yfinance
2026-09-02,TSLA,"Tesla, Inc.",Equity,Automotive & Energy,360.4100036621094,360.6199951171875,349.9200134277344,357.010009765625,33951900,0.002584,0.4172958020429297,0.6110626285493804,0.5722038485668208,,,4.79,4.39,0.4,,,yfinance
2026-09-01,TSLA,"Tesla, Inc.",Equity,Automotive & Energy,360.8999938964844,362.70001220703125,352.9599914550781,356.0899963378906,36193900,-0.032233,0.41933095707186174,0.6118261010002867,0.5802453427578218,,,4.79,4.39,0.4,,,yfinance
2026-08-31,TSLA,"Tesla, Inc.",Equity,Automotive & Energy,347.2099914550781,368.9200134277344,347.1499938964844,367.95001220703125,61732300,0.055054,0.40789821849657315,0.6095515272710751,0.5926278599797317,,,4.75,4.34,0.41,,,yfinance
2026-08-28,TSLA,"Tesla, Inc.",Equity,Automotive & Energy,357.1000061035156,358.79998779296875,345.20001220703125,348.75,32972200,-0.01708,0.3726864291634441,0.5934628011968363,0.5814502041782501,,,4.73,4.34,0.39,,,yfinance
2026-08-27,TSLA,"Tesla, Inc.",Equity,Automotive & Energy,346.1600036621094,355.739990234375,345.45001220703125,354.80999755859375,30136200,0.025996,0.3756743694261637,0.5960003219266434,0.5807501682758541,,,4.67,4.2,0.47,,,yfinance
2026-08-26,TSLA,"Tesla, Inc.",Equity,Automotive & Energy,345.2699890136719,351.92999267578125,342.5299987792969,345.82000732421875,28573000,-0.012648,0.39242655777997026,0.5898041203772941,0.5794618396375182,,,4.66,4.19,0.47,,,yfinance
2026-08-25,TSLA,"Tesla, Inc.",Equity,Automotive & Energy,349.5799865722656,357.0,349.20001220703125,350.25,29816700,0.003725,0.3890580032086479,0.5892740115672273,0.5860444084620078,,,4.64,4.17,0.47,,,yfinance
2026-08-24,TSLA,"Tesla, Inc.",Equity,Automotive & Energy,361.4100036621094,363.239990234375,348.260009765625,348.95001220703125,39190500,-0.038334,0.3941008158128226,0.5892593701639175,0.5862469149913004,,,4.7,4.24,0.46,,,yfinance
2026-08-21,TSLA,"Tesla, Inc.",Equity,Automotive & Energy,349.8800048828125,366.5,346.8999938964844,362.8599853515625,59224000,0.051372,0.37296414208198037,0.5861203757030836,0.581845081169078,,,4.74,4.24,0.5,,,yfinance
2026-08-20,TSLA,"Tesla, Inc.",Equity,Automotive & Energy,346.20001220703125,347.5,338.9599914550781,345.1300048828125,30766400,-0.01706,0.6507968995500839,0.5638956381609576,0.572547910007535,,,4.69,4.19,0.5,,,yfinance
2026-08-19,TSLA,"Tesla, Inc.",Equity,Automotive & Energy,338.8900146484375,351.6199951171875,335.70001220703125,351.1199951171875,36735400,0.042301,0.649882178307924,0.5725214962814428,0.5735159684567044,,,4.65,4.19,0.46,,,yfinance
2026-08-18,TSLA,"Tesla, Inc.",Equity,Automotive & Energy,333.2200012207031,340.5299987792969,331.1199951171875,336.8699951171875,27994500,-0.007162,0.6379162355083443,0.5583167147668264,0.5679294011877358,,,4.71,4.19,0.52,,,yfinance
2026-08-17,TSLA,"Tesla, Inc.",Equity,Automotive & Energy,340.69000244140625,345.45001220703125,337.4800109863281,339.29998779296875,26037100,-0.008677,0.6440512707130702,0.5674941895475715,0.5679702438848735,,,4.72,4.19,0.53,,,yfinance
2026-08-14,TSLA,"Tesla, Inc.",Equity,Automotive & Energy,342.3299865722656,351.260009765625,335.3299865722656,342.2699890136719,45437100,0.006795,0.6480967603918062,0.6044164689077799,0.5724744999064992,,,4.68,4.17,0.51,,,yfinance
2026-08-13,TSLA,"Tesla, Inc.",Equity,Automotive & Energy,327.20001220703125,341.6400146484375,325.239990234375,339.9599914550781,34708300,0.038014,0.6463634762417793,0.6392718658968879,0.5726156780902889,,,4.63,4.15,0.48,,,yfinance
2026-08-12,TSLA,"Tesla, Inc.",Equity,Automotive & Energy,335.0,335.5,323.6400146484375,327.510009765625,28698900,-0.015925,0.6261074711295862,0.6277324163084423,0.5688130074305237,,,4.68,4.2,0.48,,,yfinance
2026-08-11,TSLA,"Tesla, Inc.",Equity,Automotive & Energy,332.79998779296875,336.20001220703125,329.5299987792969,332.80999755859375,23345200,0.005833,0.6270418287011686,0.6329581950903402,0.5755958340869047,,,4.7,4.22,0.48,,,yfinance
2026-08-10,TSLA,"Tesla, Inc.",Equity,Automotive & Energy,326.6000061035156,332.04998779296875,326.1499938964844,330.8800048828125,25003800,0.007,0.6302998898463481,0.6821553475455179,0.5751732205205949,,,4.72,4.25,0.47,,,yfinance
2026-08-07,TSLA,"Tesla, Inc.",Equity,Automotive & Energy,322.3399963378906,333.7300109863281,321.25,328.5799865722656,39492300,0.028323,0.6290968168774944,0.6830843074226505,0.5783790106417552,,,4.65,4.19,0.46,,,yfinance
2026-08-06,TSLA,"Tesla, Inc.",Equity,Automotive & Energy,317.04998779296875,323.0,315.5199890136719,319.5299987792969,26033800,-0.006282,0.6316904861398607,0.6762878482537792,0.5760178640042287,,,4.69,4.25,0.44,,,yfinance
2026-08-05,TSLA,"Tesla, Inc.",Equity,Automotive & Energy,323.4200134277344,327.1400146484375,320.2799987792969,321.54998779296875,27820800,-0.017718,0.6329191497744587,0.6769941597477668,0.5829175798109062,,,4.63,4.18,0.45,,,yfinance
2026-08-04,TSLA,"Tesla, Inc.",Equity,Automotive & Energy,324.0,329.57000732421875,320.7900085449219,327.3500061035156,33318300,0.016362,0.641229459312828,0.6941023574589211,0.5892142661886423,,,4.63,4.2,0.43,,,yfinance
2026-08-03,TSLA,"Tesla, Inc.",Equity,Automotive & Energy,310.9599914550781,324.6499938964844,310.42999267578125,322.0799865722656,38281400,0.034928,0.688298151962576,0.6928133807261498,0.5924435683752926,,,4.7,4.25,0.45,,,yfinance
2026-07-31,TSLA,"Tesla, Inc.",Equity,Automotive & Energy,309.69000244140625,315.5,301.9700012207031,311.2099914550781,36630600,0.007641,0.7076416654197202,0.6837207485207939,0.5899454641101882,,,4.75,4.28,0.47,3.63,332.813,yfinance
2026-07-30,TSLA,"Tesla, Inc.",Equity,Automotive & Energy,302.70001220703125,310.8699951171875,301.3299865722656,308.8500061035156,38005400,0.035298,0.7091453396049687,0.6829999008625914,0.5895313628641229,,,4.68,4.23,0.45,3.63,332.813,yfinance
2026-07-29,TSLA,"Tesla, Inc.",Equity,Automotive & Energy,307.1400146484375,309.05999755859375,297.3800048828125,298.32000732421875,39478000,-0.029664,0.6986700047148006,0.6705001671803986,0.584281483985049,,,4.67,4.22,0.45,3.63,332.813,yfinance
2026-07-28,TSLA,"Tesla, Inc.",Equity,Automotive & Energy,305.92999267578125,311.1600036621094,300.69000244140625,307.44000244140625,39802400,-0.005756,0.7716821675484965,0.6708862632173372,0.5846334017252396,,,4.61,4.26,0.35,3.63,332.813,yfinance
2026-07-27,TSLA,"Tesla, Inc.",Equity,Automotive & Energy,313.239990234375,317.0,304.2799987792969,309.2200012207031,44919400,-0.012171,0.7754275992281208,0.6755213161640737,0.5872239984691231,,,4.65,4.31,0.34,3.63,332.813,yfinance
2026-07-24,TSLA,"Tesla, Inc.",Equity,Automotive & Energy,320.7200012207031,322.9599914550781,306.510009765625,313.0299987792969,62760000,-0.020833,0.775837971329238,0.6929147088487525,0.5870294055324411,,,4.69,4.33,0.36,3.63,332.813,yfinance
2026-07-23,TSLA,"Tesla, Inc.",Equity,Automotive & Energy,341.0,342.1099853515625,315.739990234375,319.69000244140625,115606400,-0.145237,0.7750262464150685,0.6980146824251207,0.585895317084839,,,4.71,4.37,0.34,3.63,332.813,yfinance
2026-07-22,TSLA,"Tesla, Inc.",Equity,Automotive & Energy,375.5299987792969,380.1700134277344,372.8999938964844,374.010009765625,30646100,-0.012984,0.5917177805437023,0.5407975640234746,0.49019596451339065,,,4.67,4.31,0.36,3.63,332.813,yfinance
2026-07-21,TSLA,"Tesla, Inc.",Equity,Automotive & Energy,371.1700134277344,384.07000732421875,369.9800109863281,378.92999267578125,32735300,0.025327,0.5929330272446575,0.5572346527251933,0.48964655705959914,,,4.63,4.26,0.37,3.63,332.813,yfinance
2026-07-20,TSLA,"Tesla, Inc.",Equity,Automotive & Energy,386.04998779296875,386.6099853515625,369.42999267578125,369.57000732421875,33901500,-0.029592,0.5864492685832037,0.5838610279580261,0.4924870065452245,,,4.6,4.21,0.39,3.63,332.813,yfinance
2026-07-17,TSLA,"Tesla, Inc.",Equity,Automotive & Energy,381.7799987792969,385.69000244140625,377.2200012207031,380.8399963378906,31394600,-0.026134,0.5819561075808757,0.5792913248708143,0.48874136590500333,,,4.55,4.18,0.37,3.63,332.813,yfinance
2026-07-16,TSLA,"Tesla, Inc.",Equity,Automotive & Energy,392.3500061035156,395.30999755859375,385.32000732421875,391.05999755859375,29269100,-0.008619,0.5776929041129165,0.5752505601340212,0.48675242019188153,,,4.57,4.16,0.41,3.63,332.813,yfinance
2026-07-15,TSLA,"Tesla, Inc.",Equity,Automotive & Energy,399.3999938964844,406.5899963378906,390.6600036621094,394.4599914550781,31549800,-0.004341,0.5791669258080205,0.578242295000741,0.48824442106724303,,,4.55,4.13,0.42,3.63,332.813,yfinance
2026-07-14,TSLA,"Tesla, Inc.",Equity,Automotive & Energy,399.04998779296875,402.2200012207031,394.760009765625,396.17999267578125,23385000,0.003597,0.5829363206604592,0.592775082424354,0.49199561140622866,,,4.58,4.18,0.4,3.63,332.813,yfinance
2026-07-13,TSLA,"Tesla, Inc.",Equity,Automotive & Energy,404.6099853515625,405.57000732421875,391.3699951171875,394.760009765625,32809200,-0.031881,0.60373773888452,0.5932796637327478,0.4922256932111427,,,4.62,4.26,0.36,3.63,332.813,yfinance
2026-07-10,TSLA,"Tesla, Inc.",Equity,Automotive & Energy,410.489990234375,413.1600036621094,402.80999755859375,407.760009765625,33410000,0.002976,0.6086535700676537,0.5873630982937128,0.5098313707456595,,,4.56,4.21,0.35,3.63,332.813,yfinance
2026-07-09,TSLA,"Tesla, Inc.",Equity,Automotive & Energy,393.989990234375,407.8599853515625,390.8599853515625,406.54998779296875,37835000,0.031696,0.6184458087593196,0.5895057295826925,0.5137732914194102,,,4.54,4.16,0.38,3.63,332.813,yfinance
2026-07-08,TSLA,"Tesla, Inc.",Equity,Automotive & Energy,399.3800048828125,399.6300048828125,390.510009765625,394.05999755859375,33844900,-0.021941,0.6289486864612611,0.5841229409959957,0.510513085781343,,,4.56,4.21,0.35,3.63,332.813,yfinance
2026-07-07,TSLA,"Tesla, Inc.",Equity,Automotive & Energy,416.9599914550781,419.55999755859375,401.8800048828125,402.8999938964844,38149900,-0.040189,0.6682487562989333,0.5844219294011238,0.5082246318200243,,,4.55,4.19,0.36,3.63,332.813,yfinance
2026-07-06,TSLA,"Tesla, Inc.",Equity,Automotive & Energy,397.5,420.0,390.5,419.7699890136719,54727900,0.066895,0.6543116522667047,0.5721187821071655,0.5000990335006199,,,4.48,4.13,0.35,3.63,332.813,yfinance
2026-07-02,TSLA,"Tesla, Inc.",Equity,Automotive & Energy,428.010009765625,432.3500061035156,389.29998779296875,393.45001220703125,73717700,-0.074888,0.609954582382102,0.5473562354765574,0.4840936333024609,,,4.49,4.14,0.35,3.63,332.813,yfinance
2026-07-01,TSLA,"Tesla, Inc.",Equity,Automotive & Energy,421.4599914550781,432.8599853515625,418.0899963378906,425.29998779296875,40127900,0.011174,0.5505590985763545,0.49857562761935,0.456566361257041,,,4.48,4.17,0.31,3.63,332.813,yfinance
2026-06-30,TSLA,"Tesla, Inc.",Equity,Automotive & Energy,406.0,424.5400085449219,406.0,420.6000061035156,43385600,0.02127,0.5732882512699652,0.5053924609520967,0.4590753682441255,,,4.44,4.14,0.3,3.63,332.568,yfinance
2026-06-29,TSLA,"Tesla, Inc.",Equity,Automotive & Energy,381.7900085449219,413.2699890136719,379.29998779296875,411.8399963378906,57645800,0.084617,0.5687008503192605,0.5201856761070361,0.4726432741881672,,,4.38,4.1,0.28,3.63,332.568,yfinance
2026-06-26,TSLA,"Tesla, Inc.",Equity,Automotive & Energy,370.1499938964844,387.79998779296875,368.6000061035156,379.7099914550781,53434100,0.012236,0.47992154212704125,0.4556891251250205,0.4453404631215986,,,4.38,4.07,0.31,3.63,332.568,yfinance
2026-06-25,TSLA,"Tesla, Inc.",Equity,Automotive & Energy,375.2699890136719,379.1199951171875,371.2200012207031,375.1199951171875,30138800,-0.001092,0.4817377177633689,0.46255222265976553,0.45419042341251165,,,4.4,4.09,0.31,3.63,332.568,yfinance
2026-06-24,TSLA,"Tesla, Inc.",Equity,Automotive & Energy,380.0799865722656,384.5799865722656,373.04998779296875,375.5299987792969,37081400,-0.015932,0.48889719355623756,0.4665397225182518,0.45587404155406697,,,4.41,4.11,0.3,3.63,332.568,yfinance
2026-06-23,TSLA,"Tesla, Inc.",Equity,Automotive & Energy,392.6099853515625,392.8699951171875,379.05999755859375,381.6099853515625,50420200,-0.057869,0.4950649592939353,0.48221604524827844,0.45839358806601593,,,4.5,4.16,0.34,3.63,332.568,yfinance
2026-06-22,TSLA,"Tesla, Inc.",Equity,Automotive & Energy,394.8500061035156,414.75,394.3999938964844,405.04998779296875,47819500,0.011386,0.45249241304384846,0.46792037888670557,0.4477969689761642,,,4.51,4.24,0.27,3.63,332.568,yfinance
2026-06-18,TSLA,"Tesla, Inc.",Equity,Automotive & Energy,398.1000061035156,402.5199890136719,384.70001220703125,400.489990234375,58384700,0.010369,0.46533371489890063,0.47637687008396845,0.4474881364599857,,,4.46,4.19,0.27,3.63,332.568,yfinance
2026-06-17,TSLA,"Tesla, Inc.",Equity,Automotive & Energy,401.5299987792969,405.94000244140625,393.760009765625,396.3800048828125,43534300,-0.020462,0.46603521879263277,0.480444620891473,0.44716665978831394,,,4.49,4.2,0.29,3.63,332.568,yfinance
2026-06-16,TSLA,"Tesla, Inc.",Equity,Automotive & Energy,404.1099853515625,412.4200134277344,400.5400085449219,404.6600036621094,40255500,-0.015785,0.47151203474789466,0.47696606825897886,0.4501847757265577,,,4.43,4.05,0.38,3.63,332.568,yfinance
2026-06-15,TSLA,"Tesla, Inc.",Equity,Automotive & Energy,412.3699951171875,416.0,407.1000061035156,411.1499938964844,45620500,0.011613,0.4966567396802,0.4743236151191764,0.4543598266124969,,,4.47,4.07,0.4,3.63,332.568,yfinance
2026-06-12,TSLA,"Tesla, Inc.",Equity,Automotive & Energy,399.489990234375,406.67999267578125,386.760009765625,406.42999267578125,63514500,0.018239,0.4935978307158027,0.47785082532301376,0.458995143657483,,,4.48,4.09,0.39,3.63,332.568,yfinance
2026-06-11,TSLA,"Tesla, Inc.",Equity,Automotive & Energy,388.2799987792969,399.5400085449219,380.6600036621094,399.1499938964844,45324300,0.046018,0.4995631236433432,0.47964755547468285,0.45881522088343385,,,4.45,4.05,0.4,3.63,332.568,yfinance
2026-06-10,TSLA,"Tesla, Inc.",Equity,Automotive & Energy,391.5400085449219,397.0899963378906,380.1499938964844,381.5899963378906,49695600,-0.038041,0.4718806088820942,0.4630375084680374,0.449606599222819,,,4.55,4.13,0.42,3.63,332.568,yfinance
2026-06-09,TSLA,"Tesla, Inc.",Equity,Automotive & Energy,411.0299987792969,418.5,384.239990234375,396.67999267578125,59940200,-0.030004,0.48237038734464244,0.448552311510185,0.4430853219125156,,,4.53,4.13,0.4,3.63,332.568,yfinance
2026-06-08,TSLA,"Tesla, Inc.",Equity,Automotive & Energy,396.3299865722656,412.94000244140625,394.7200012207031,408.95001220703125,50328800,0.045908,0.4940508917445352,0.4382895606763785,0.43896506798887236,,,4.56,4.15,0.41,3.63,332.568,yfinance
2026-06-05,TSLA,"Tesla, Inc.",Equity,Automotive & Energy,420.5,424.67999267578125,388.5899963378906,391.0,63420200,-0.065599,0.48123551881401017,0.420018556840602,0.43404489413823916,,,4.55,4.17,0.38,3.63,332.568,yfinance
2026-06-04,TSLA,"Tesla, Inc.",Equity,Automotive & Energy,419.8399963378906,426.3500061035156,417.1600036621094,418.45001220703125,35323300,-0.012391,0.4216743417521288,0.3830191501214916,0.4130766057375048,,,4.47,4.05,0.42,3.63,332.568,yfinance
2026-06-03,TSLA,"Tesla, Inc.",Equity,Automotive & Energy,418.70001220703125,433.6000061035156,416.0,423.70001220703125,44500700,-9.4e-05,0.4198429571245058,0.3803602062618244,0.41215312506339713,,,4.49,4.08,0.41,3.63,332.568,yfinance
2026-06-02,TSLA,"Tesla, Inc.",Equity,Automotive & Energy,418.2200012207031,424.4200134277344,413.6499938964844,423.739990234375,37596000,0.0189,0.4196264367622579,0.3841221943960011,0.41222294549268795,,,4.46,4.05,0.41,3.63,332.568,yfinance
2026-06-01,TSLA,"Tesla, Inc.",Equity,Automotive & Energy,427.489990234375,429.6000061035156,415.42999267578125,415.8800048828125,44937900,-0.045687,0.42225118898880576,0.38657626898418607,0.4132302658287484,,,4.47,4.05,0.42,3.63,332.568,yfinance
2026-05-29,TSLA,"Tesla, Inc.",Equity,Automotive & Energy,439.8500061035156,441.07000732421875,428.1400146484375,435.7900085449219,45176800,-0.014273,0.3839984882065576,0.36708290130252386,0.4013843675816551,,,4.45,3.98,0.47,3.63,333.979,yfinance
2026-05-28,TSLA,"Tesla, Inc.",Equity,Automotive & Energy,437.6199951171875,443.9599914550781,436.29998779296875,442.1000061035156,32435000,0.003951,0.3803694411926228,0.3647451934371783,0.4055456304823167,,,4.45,3.99,0.46,3.63,333.979,yfinance
2026-05-27,TSLA,"Tesla, Inc.",Equity,Automotive & Energy,442.8900146484375,445.6000061035156,435.5199890136719,440.3599853515625,44656500,0.015614,0.3836205321760749,0.4165504632997203,0.40995426589045947,,,4.48,4.0,0.48,3.63,333.979,yfinance
2026-05-26,TSLA,"Tesla, Inc.",Equity,Automotive & Energy,430.260009765625,435.20001220703125,426.1199951171875,433.5899963378906,45658900,0.017793,0.38243282750052726,0.42287392884601394,0.4089134788717349,,,4.5,4.01,0.49,3.63,333.979,yfinance
2026-05-22,TSLA,"Tesla, Inc.",Equity,Automotive & Energy,422.6700134277344,431.510009765625,420.510009765625,426.010009765625,46104700,0.019529,0.3803838382109357,0.4217611871631156,0.4087886637022671,,,4.56,4.13,0.43,3.63,333.979,yfinance
2026-05-21,TSLA,"Tesla, Inc.",Equity,Automotive & Energy,422.17999267578125,426.95001220703125,412.8999938964844,417.8500061035156,42636900,0.001414,0.40423076133160724,0.4201556605325177,0.40936893408885366,,,4.57,4.08,0.49,3.63,333.979,yfinance
2026-05-20,TSLA,"Tesla, Inc.",Equity,Automotive & Energy,407.6000061035156,417.4599914550781,406.3900146484375,417.260009765625,45294700,0.032541,0.40416476563377496,0.41989884130967303,0.41128614976310984,,,4.57,4.04,0.53,3.63,333.979,yfinance
2026-05-19,TSLA,"Tesla, Inc.",Equity,Automotive & Energy,403.1600036621094,405.6300048828125,393.6300048828125,404.1099853515625,46500600,-0.014342,0.3956352148517422,0.4153041013061717,0.4088692116539143,,,4.67,4.13,0.54,3.63,333.979,yfinance
2026-05-18,TSLA,"Tesla, Inc.",Equity,Automotive & Energy,419.2699890136719,421.1300048828125,405.3299865722656,409.989990234375,52474200,-0.029012,0.3992119854659666,0.4167132525372063,0.41233267371365295,,,4.61,4.07,0.54,3.63,333.979,yfinance
2026-05-15,TSLA,"Tesla, Inc.",Equity,Automotive & Energy,433.9800109863281,434.6600036621094,422.0,422.239990234375,52688700,-0.047507,0.3947378701485887,0.41177443786849677,0.40776509789130877,,,4.59,4.09,0.5,3.63,333.979,yfinance
2026-05-14,TSLA,"Tesla, Inc.",Equity,Automotive & Energy,446.489990234375,451.9800109863281,441.1600036621094,443.29998779296875,46070400,-0.004424,0.3488583461342986,0.4202404153327714,0.39471999787653267,,,4.47,4.0,0.47,3.63,333.979,yfinance
2026-05-13,TSLA,"Tesla, Inc.",Equity,Automotive & Energy,436.6700134277344,453.3999938964844,430.2099914550781,445.2699890136719,68283200,0.02727,0.41743745012008504,0.4232338200653264,0.3945429168552417,,,4.46,3.98,0.48,3.63,333.979,yfinance
2026-05-12,TSLA,"Tesla, Inc.",Equity,Automotive & Energy,441.4100036621094,447.79998779296875,422.260009765625,433.45001220703125,60569300,-0.025955,0.42106117456237924,0.4343478695735069,0.39254818570763966,,,4.46,4.0,0.46,3.63,333.979,yfinance
2026-05-11,TSLA,"Tesla, Inc.",Equity,Automotive & Energy,422.1600036621094,449.1600036621094,416.79998779296875,445.0,78376100,0.03887,0.40004769526152023,0.4296565761760711,0.38851682490759526,,,4.42,3.95,0.47,3.63,333.979,yfinance
2026-05-08,TSLA,"Tesla, Inc.",Equity,Automotive & Energy,416.4800109863281,431.20001220703125,416.3900146484375,428.3500061035156,65050000,0.040215,0.38821880348034615,0.43063858519316606,0.3847502382444482,,,4.38,3.9,0.48,3.63,333.979,yfinance
2026-05-07,TSLA,"Tesla, Inc.",Equity,Automotive & Energy,407.4800109863281,415.8299865722656,402.1199951171875,411.7900085449219,64294200,0.032754,0.373456197277404,0.4336494611650415,0.37621750387908065,,,4.41,3.92,0.49,3.63,333.979,yfinance
2026-05-06,TSLA,"Tesla, Inc.",Equity,Automotive & Energy,386.25,401.67999267578125,384.0199890136719,398.7300109863281,53465400,0.024039,0.3684256166622895,0.4245893187533645,0.3721919406991192,,,4.36,3.87,0.49,3.63,333.979,yfinance
2026-05-05,TSLA,"Tesla, Inc.",Equity,Automotive & Energy,395.19000244140625,402.1199951171875,389.0,389.3699951171875,47780600,-0.008,0.3721213388105991,0.41950144139222595,0.37015465133240305,,,4.43,3.93,0.5,3.63,333.979,yfinance
2026-05-04,TSLA,"Tesla, Inc.",Equity,Automotive & Energy,390.2300109863281,394.6400146484375,384.79998779296875,392.510009765625,48765100,0.004324,0.3809902429969389,0.4297162964274769,0.37681832428332673,,,4.45,3.95,0.5,3.63,333.979,yfinance
2026-05-01,TSLA,"Tesla, Inc.",Equity,Automotive & Energy,382.489990234375,397.82000732421875,378.79998779296875,390.82000732421875,65338300,0.024081,0.4336072405800124,0.4415224399860854,0.3793019850473188,,,4.39,3.88,0.51,3.63,333.979,yfinance
2026-04-30,TSLA,"Tesla, Inc.",Equity,Automotive & Energy,372.75,384.75,368.1700134277344,381.6300048828125,51076000,0.023686,0.4345982124268253,0.4461580378965517,0.38363829231427987,,,4.4,3.88,0.52,3.64,332.407,yfinance
2026-04-29,TSLA,"Tesla, Inc.",Equity,Automotive & Energy,375.3999938964844,376.3999938964844,370.0400085449219,372.79998779296875,45384800,-0.008563,0.45482656160009144,0.4421607221510353,0.3800929869832694,,,4.42,3.92,0.5,3.64,332.407,yfinance
2026-04-28,TSLA,"Tesla, Inc.",Equity,Automotive & Energy,374.67999267578125,382.2900085449219,372.5400085449219,376.0199890136719,50864400,-0.006998,0.4589581703659998,0.44299009995692434,0.38168240363665734,,,4.36,3.84,0.52,3.64,332.407,yfinance
2026-04-27,TSLA,"Tesla, Inc.",Equity,Automotive & Energy,372.0899963378906,380.7799987792969,364.0199890136719,378.6700134277344,66735800,0.006298,0.4696964890580005,0.44420214869666846,0.3881905606829472,,,4.35,3.78,0.57,3.64,332.407,yfinance
2026-04-24,TSLA,"Tesla, Inc.",Equity,Automotive & Energy,373.5,382.760009765625,370.7300109863281,376.29998779296875,62893300,0.006904,0.4865387119189599,0.44431320823361176,0.39384567349061633,,,4.31,3.78,0.53,3.64,332.407,yfinance
2026-04-23,TSLA,"Tesla, Inc.",Equity,Automotive & Energy,375.2799987792969,386.0,368.3900146484375,373.7200012207031,93969500,-0.035586,0.4866946488655209,0.45202582066007435,0.3934571748042562,,,4.34,3.83,0.51,3.64,332.407,yfinance
2026-04-22,TSLA,"Tesla, Inc.",Equity,Automotive & Energy,387.57000732421875,393.010009765625,385.29998779296875,387.510009765625,62362800,0.002821,0.4700231896027955,0.4458675516725828,0.3874347803660534,,,4.3,3.79,0.51,3.64,332.407,yfinance
2026-04-21,TSLA,"Tesla, Inc.",Equity,Automotive & Energy,393.0,393.95001220703125,385.2200012207031,386.4200134277344,50530600,-0.01549,0.4842540829438974,0.44578140010045075,0.39194661001982056,,,4.3,3.78,0.52,3.64,332.407,yfinance
2026-04-20,TSLA,"Tesla, Inc.",Equity,Automotive & Energy,402.5799865722656,406.79998779296875,388.3299865722656,392.5,64603900,-0.020269,0.49596418515829505,0.44391596483623513,0.3910074129941505,,,4.26,3.72,0.54,3.64,332.407,yfinance
2026-04-17,TSLA,"Tesla, Inc.",Equity,Automotive & Energy,395.9200134277344,409.2799987792969,391.6499938964844,400.6199951171875,90640000,0.030136,0.5041804207688112,0.44453238341102913,0.3988502337189471,,,4.26,3.71,0.55,3.64,332.407,yfinance
2026-04-16,TSLA,"Tesla, Inc.",Equity,Automotive & Energy,393.80999755859375,394.05999755859375,381.79998779296875,388.8999938964844,63515100,-0.007782,0.496279245888886,0.43527837529203206,0.3985145430351753,,,4.32,3.78,0.54,3.64,332.407,yfinance
2026-04-15,TSLA,"Tesla, Inc.",Equity,Automotive & Energy,366.8299865722656,394.6499938964844,362.5,391.95001220703125,113810400,0.076194,0.49697815148237384,0.4465695243931745,0.407245948215213,,,4.29,3.76,0.53,3.64,332.407,yfinance
2026-04-14,TSLA,"Tesla, Inc.",Equity,Automotive & Energy,357.6700134277344,367.6300048828125,354.7699890136719,364.20001220703125,59979600,0.033426,0.4213977165814393,0.3950499421058136,0.3758277740091567,,,4.26,3.76,0.5,3.64,332.407,yfinance
2026-04-13,TSLA,"Tesla, Inc.",Equity,Automotive & Energy,350.07000732421875,356.3500061035156,348.57000732421875,352.4200134277344,53617500,0.009944,0.40049644005660806,0.3802695976875687,0.36830186520350944,,,4.3,3.78,0.52,3.64,332.407,yfinance
2026-04-10,TSLA,"Tesla, Inc.",Equity,Automotive & Energy,346.2900085449219,350.3599853515625,342.739990234375,348.95001220703125,51336000,0.009635,0.406478424574884,0.3789561112746872,0.3683589900044668,,,4.31,3.81,0.5,3.64,332.407,yfinance
2026-04-09,TSLA,"Tesla, Inc.",Equity,Automotive & Energy,343.1499938964844,348.8800048828125,337.25,345.6199951171875,62164000,0.006905,0.4145662791377177,0.3790340491070633,0.3672480380604617,,,4.29,3.78,0.51,3.64,332.407,yfinance
2026-04-08,TSLA,"Tesla, Inc.",Equity,Automotive & Energy,363.7900085449219,364.5,339.6700134277344,343.25,78838600,-0.009808,0.4127075709612072,0.38451204647530096,0.3675255475802383,,,4.29,3.79,0.5,3.64,332.407,yfinance
2026-04-07,TSLA,"Tesla, Inc.",Equity,Automotive & Energy,346.44000244140625,348.0199890136719,337.239990234375,346.6499938964844,74515400,-0.017488,0.41464087036190556,0.3936213976444796,0.3709422935276761,,,4.33,3.81,0.52,3.64,332.407,yfinance
2026-04-06,TSLA,"Tesla, Inc.",Equity,Automotive & Energy,362.5899963378906,367.7200012207031,346.6400146484375,352.82000732421875,77697600,-0.021548,0.41639169821089095,0.398489695520036,0.3708860492325886,,,4.34,3.84,0.5,3.64,332.407,yfinance
2026-04-02,TSLA,"Tesla, Inc.",Equity,Automotive & Energy,364.20001220703125,370.2799987792969,359.0299987792969,360.5899963378906,83031200,-0.054215,0.4130797427572747,0.3956079320143644,0.3688930202122743,,,4.31,3.79,0.52,3.64,332.407,yfinance
2026-04-01,TSLA,"Tesla, Inc.",Equity,Automotive & Energy,378.6300048828125,383.1400146484375,374.0799865722656,381.260009765625,58683800,0.025582,0.39222721727831245,0.36460682421074486,0.3616537305034973,,,4.33,3.81,0.52,3.64,332.407,yfinance
2026-03-31,TSLA,"Tesla, Inc.",Equity,Automotive & Energy,361.510009765625,373.3299865722656,361.0,371.75,75534900,0.046358,0.389560017422421,0.35527491305883274,0.36357481577230943,,,4.3,3.79,0.51,3.64,330.293,yfinance
2026-03-30,TSLA,"Tesla, Inc.",Equity,Automotive & Energy,365.8599853515625,367.2900085449219,352.1400146484375,355.2799987792969,67954400,-0.018102,0.3472364568888662,0.32567327044235256,0.3525919601985158,,,4.35,3.82,0.53,3.64,330.293,yfinance
2026-03-27,TSLA,"Tesla, Inc.",Equity,Automotive & Energy,369.69000244140625,369.8599853515625,359.4700012207031,361.8299865722656,62065700,-0.027626,0.3459462309295517,0.32380984321717304,0.3515940152810171,,,4.44,3.88,0.56,3.64,330.293,yfinance
2026-03-26,TSLA,"Tesla, Inc.",Equity,Automotive & Energy,381.6000061035156,384.44000244140625,371.8699951171875,372.1099853515625,55522900,-0.03586,0.3412935452862302,0.3228917042855062,0.3483397674824258,,,4.42,3.96,0.46,3.64,330.293,yfinance
2026-03-25,TSLA,"Tesla, Inc.",Equity,Automotive & Energy,389.989990234375,396.2300109863281,385.010009765625,385.95001220703125,55157300,0.007623,0.33204173908895596,0.31003571142960695,0.3470872404003188,,,4.33,3.84,0.49,3.64,330.293,yfinance
2026-03-24,TSLA,"Tesla, Inc.",Equity,Automotive & Energy,376.55999755859375,387.4800109863281,376.30999755859375,383.0299987792969,60004900,0.005724,0.34281741704671254,0.3150529087587128,0.34819495816149265,,,4.39,3.9,0.49,3.64,330.293,yfinance
2026-03-23,TSLA,"Tesla, Inc.",Equity,Automotive & Energy,373.0899963378906,385.3299865722656,372.7300109863281,380.8500061035156,74606000,0.035031,0.3543326635731964,0.3183782090407716,0.34769938236734704,,,4.34,3.83,0.51,3.64,330.293,yfinance
2026-03-20,TSLA,"Tesla, Inc.",Equity,Automotive & Energy,379.8500061035156,379.8900146484375,364.4599914550781,367.9599914550781,78628600,-0.032448,0.32666415471866667,0.3183421883127172,0.33834463785404034,,,4.39,3.88,0.51,3.64,330.293,yfinance
2026-03-19,TSLA,"Tesla, Inc.",Equity,Automotive & Energy,387.2699890136719,387.2699890136719,378.7300109863281,380.29998779296875,67078300,-0.031774,0.31127919720616026,0.31066751330263753,0.3356372130813444,,,4.25,3.79,0.46,3.64,330.293,yfinance
2026-03-18,TSLA,"Tesla, Inc.",Equity,Automotive & Energy,399.0,403.07000732421875,392.30999755859375,392.7799987792969,50853100,-0.016255,0.2937642112603128,0.31639961991002347,0.33039637472365446,,,4.26,3.76,0.5,3.64,330.293,yfinance
2026-03-17,TSLA,"Tesla, Inc.",Equity,Automotive & Energy,395.69000244140625,400.1199951171875,393.0,399.2699890136719,46890500,0.009379,0.29380104356533926,0.3136716478549005,0.33797616682054865,,,4.2,3.68,0.52,3.64,330.293,yfinance
2026-03-16,TSLA,"Tesla, Inc.",Equity,Automotive & Energy,396.2200012207031,403.7300109863281,394.4200134277344,395.55999755859375,58068300,0.011145,0.29109597192204845,0.31619766965951845,0.3491500773202086,,,4.23,3.68,0.55,3.64,330.293,yfinance
2026-03-13,TSLA,"Tesla, Inc.",Equity,Automotive & Energy,399.1700134277344,400.20001220703125,389.95001220703125,391.20001220703125,58504100,-0.009645,0.2979959431773134,0.33035125672893284,0.3547262169810579,,,4.28,3.73,0.55,3.64,330.293,yfinance
2026-03-12,TSLA,"Tesla, Inc.",Equity,Automotive & Energy,405.17999267578125,406.5,394.6499938964844,395.010009765625,60973800,-0.031411,0.2998787011892671,0.3434161647186804,0.3629875917440947,,,4.27,3.76,0.51,3.64,330.293,yfinance
2026-03-11,TSLA,"Tesla, Inc.",Equity,Automotive & Energy,402.2799987792969,416.3800048828125,402.1499938964844,407.82000732421875,62559900,0.021491,0.2906062248197522,0.33238106634738007,0.36256055184914476,,,4.21,3.64,0.57,3.64,330.293,yfinance
2026-03-10,TSLA,"Tesla, Inc.",Equity,Automotive & Energy,402.2200012207031,406.5899963378906,398.19000244140625,399.239990234375,59258700,0.001405,0.2852902606051856,0.32577377669327007,0.35983303835518815,,,4.15,3.57,0.58,3.64,330.293,yfinance
2026-03-09,TSLA,"Tesla, Inc.",Equity,Automotive & Energy,390.04998779296875,401.5899963378906,381.3999938964844,398.67999267578125,67018900,0.004915,0.3110934784573981,0.3357156988708687,0.36127386164591735,,,4.12,3.56,0.56,3.64,330.293,yfinance
2026-03-06,TSLA,"Tesla, Inc.",Equity,Automotive & Energy,398.0899963378906,402.3500061035156,394.2099914550781,396.7300109863281,64054600,-0.021748,0.3197088858189877,0.3348237977084177,0.36223658185715385,,,4.15,3.56,0.59,3.64,330.293,yfinance
2026-03-05,TSLA,"Tesla, Inc.",Equity,Automotive & Energy,401.57000732421875,408.6199951171875,399.4200134277344,405.54998779296875,51925900,-0.000961,0.33794486112131306,0.35451724783871724,0.36610660602742573,,,4.13,3.57,0.56,3.64,330.293,yfinance
2026-03-04,TSLA,"Tesla, Inc.",Equity,Automotive & Energy,397.8500061035156,408.3299865722656,394.5799865722656,405.94000244140625,68305500,0.034427,0.33802117837912177,0.3655412694096525,0.36615168191144604,,,4.09,3.54,0.55,3.64,330.293,yfinance
2026-03-03,TSLA,"Tesla, Inc.",Equity,Automotive & Energy,395.0899963378906,396.3399963378906,385.3900146484375,392.42999267578125,62617300,-0.027001,0.3173611416408418,0.369214877636207,0.3607827408606741,,,4.06,3.51,0.55,3.64,330.293,yfinance
2026-03-02,TSLA,"Tesla, Inc.",Equity,Automotive & Energy,390.6000061035156,404.5400085449219,388.25,403.32000732421875,55088300,0.002012,0.3305323656058764,0.36228575893833304,0.36702088269638056,,,4.05,3.47,0.58,3.64,330.293,yfinance
2026-02-27,TSLA,"Tesla, Inc.",Equity,Automotive & Energy,402.94000244140625,407.1199951171875,398.1099853515625,402.510009765625,56890100,-0.014856,0.34999262935811976,0.3620263236189565,0.36697166659170455,,,3.97,3.38,0.59,3.64,327.46,yfinance
2026-02-26,TSLA,"Tesla, Inc.",Equity,Automotive & Energy,414.4200134277344,416.80999755859375,403.6600036621094,408.5799865722656,53602500,-0.021131,0.3476927682712581,0.36302775657444053,0.36583651740492673,,,4.02,3.42,0.6,3.64,327.46,yfinance
2026-02-25,TSLA,"Tesla, Inc.",Equity,Automotive & Energy,412.1499938964844,420.3399963378906,412.1499938964844,417.3999938964844,54809700,0.019591,0.34210575660412257,0.3588642202953377,0.36379001262674704,,,4.05,3.45,0.6,3.64,327.46,yfinance
2026-02-24,TSLA,"Tesla, Inc.",Equity,Automotive & Energy,399.5,410.82000732421875,397.6400146484375,409.3800048828125,58579500,0.023885,0.3472593416811436,0.3545601519161642,0.36326059407074,,,4.04,3.43,0.61,3.64,327.46,yfinance
2026-02-23,TSLA,"Tesla, Inc.",Equity,Automotive & Energy,407.2900085449219,407.70001220703125,394.0400085449219,399.8299865722656,69680000,-0.029115,0.33245493136663545,0.3529018236007598,0.3599261040533096,,,4.03,3.43,0.6,3.64,327.46,yfinance
2026-02-20,TSLA,"Tesla, Inc.",Equity,Automotive & Energy,408.29998779296875,414.70001220703125,405.5,411.82000732421875,57912200,0.000267,0.35675937502282706,0.34549683857237845,0.3799741808387737,,,4.08,3.48,0.6,3.64,327.46,yfinance
2026-02-19,TSLA,"Tesla, Inc.",Equity,Automotive & Energy,407.25,415.25,404.1099853515625,411.7099914550781,51019600,0.000948,0.3724631311949959,0.3455013259986643,0.380689876458062,,,4.08,3.47,0.61,3.64,327.46,yfinance
2026-02-18,TSLA,"Tesla, Inc.",Equity,Automotive & Energy,411.1099853515625,416.8999938964844,409.5799865722656,411.32000732421875,45921400,0.00168,0.3993826869743707,0.36484722753184295,0.383496266051912,,,4.09,3.47,0.62,3.64,327.46,yfinance
2026-02-17,TSLA,"Tesla, Inc.",Equity,Automotive & Energy,412.3599853515625,413.7200012207031,400.510009765625,410.6300048828125,59678800,-0.016314,0.39903735321386846,0.3775393363691773,0.3837188636230499,,,4.05,3.43,0.62,3.64,327.46,yfinance
2026-02-13,TSLA,"Tesla, Inc.",Equity,Automotive & Energy,414.30999755859375,424.05999755859375,410.8800048828125,417.44000244140625,51434100,0.000887,0.3961042409620586,0.38180639052258564,0.3842183090499393,,,4.04,3.4,0.64,3.64,327.46,yfinance
2026-02-12,TSLA,"Tesla, Inc.",Equity,Automotive & Energy,430.29998779296875,436.2300109863281,414.0,417.07000732421875,61933400,-0.026152,0.3995300901260877,0.3823449975613942,0.38486597368496467,,,4.09,3.47,0.62,3.64,327.46,yfinance
2026-02-11,TSLA,"Tesla, Inc.",Equity,Automotive & Energy,427.9599914550781,436.3500061035156,420.0299987792969,428.2699890136719,57362000,0.007196,0.39058180117880464,0.3766950744574952,0.3808564164613754,,,4.18,3.52,0.66,3.64,327.46,yfinance
2026-02-10,TSLA,"Tesla, Inc.",Equity,Automotive & Energy,418.0799865722656,427.25,417.0,425.2099914550781,64450200,0.018906,0.3911303012791303,0.3859295919924413,0.4065656386835389,,,4.16,3.45,0.71,3.64,327.46,yfinance
2026-02-09,TSLA,"Tesla, Inc.",Equity,Automotive & Energy,409.9100036621094,421.25,407.2900085449219,417.32000732421875,54484300,0.015106,0.3926703602460592,0.3831223461757982,0.40675706336216144,,,4.22,3.48,0.74,3.64,327.46,yfinance
2026-02-06,TSLA,"Tesla, Inc.",Equity,Automotive & Energy,400.8699951171875,414.54998779296875,397.75,411.1099853515625,62677100,0.034994,0.3903614354593123,0.37870973472314373,0.4061014649504388,,,4.22,3.5,0.72,3.64,327.46,yfinance
2026-02-05,TSLA,"Tesla, Inc.",Equity,Automotive & Energy,397.0199890136719,402.1000061035156,387.5299987792969,397.2099914550781,72819800,-0.021674,0.3668448252829897,0.3592771439293986,0.4066868662584114,,,4.21,3.47,0.74,3.64,327.46,yfinance
2026-02-04,TSLA,"Tesla, Inc.",Equity,Automotive & Energy,420.4599914550781,423.8999938964844,399.17999267578125,406.010009765625,74606900,-0.0378,0.38564028922569893,0.3620687145844893,0.4112701624980498,,,4.29,3.57,0.72,3.64,327.46,yfinance
2026-02-03,TSLA,"Tesla, Inc.",Equity,Automotive & Energy,424.2699890136719,428.55999755859375,413.69000244140625,421.9599914550781,56886500,0.000356,0.38439597933322023,0.3483990177224427,0.41018638337869023,,,4.28,3.57,0.71,3.64,327.46,yfinance
2026-02-02,TSLA,"Tesla, Inc.",Equity,Automotive & Energy,421.2900085449219,427.1499938964844,414.5,421.80999755859375,58739500,-0.019981,0.39346897489925065,0.3656216441593823,0.4186249554727264,,,4.29,3.57,0.72,3.64,327.46,yfinance
2026-01-30,TSLA,"Tesla, Inc.",Equity,Automotive & Energy,425.3500061035156,439.8800048828125,422.70001220703125,430.4100036621094,82626100,0.033249,0.389546265212321,0.3843710901240571,0.4302547008959592,,,4.26,3.52,0.74,3.64,326.588,yfinance
2026-01-29,TSLA,"Tesla, Inc.",Equity,Automotive & Energy,437.79998779296875,440.2300109863281,414.6199951171875,416.55999755859375,81686100,-0.034534,0.36859551009121,0.38233020568729537,0.4280719532094932,,,4.24,3.53,0.71,3.64,326.588,yfinance
2026-01-28,TSLA,"Tesla, Inc.",Equity,Automotive & Energy,431.9100036621094,438.260009765625,430.1000061035156,431.4599914550781,54857400,0.0013,0.36669746211119675,0.38733351609628575,0.42930076844838494,,,4.26,3.56,0.7,3.64,326.588,yfinance
2026-01-27,TSLA,"Tesla, Inc.",Equity,Automotive & Energy,437.4100036621094,437.5199890136719,430.69000244140625,430.8999938964844,37733100,-0.009881,0.3704342404771562,0.3961132668288953,0.44002526688092863,,,4.24,3.53,0.71,3.64,326.588,yfinance
2026-01-26,TSLA,"Tesla, Inc.",Equity,Automotive & Energy,445.0,445.0400085449219,434.2799987792969,435.20001220703125,49397400,-0.030864,0.3705364619236549,0.39615631798076184,0.43968934146141814,,,4.22,3.56,0.66,3.64,326.588,yfinance
2026-01-23,TSLA,"Tesla, Inc.",Equity,Automotive & Energy,447.42999267578125,452.42999267578125,444.0400085449219,449.05999755859375,56771400,-0.000668,0.35824665852586046,0.3879066443463628,0.4367010167544479,,,4.24,3.6,0.64,3.64,326.588,yfinance
2026-01-22,TSLA,"Tesla, Inc.",Equity,Automotive & Energy,435.1600036621094,449.5,432.6300048828125,449.3599853515625,71546700,0.041535,0.3645005190316205,0.3895342748042299,0.445231460387428,,,4.26,3.61,0.65,3.64,326.588,yfinance
2026-01-21,TSLA,"Tesla, Inc.",Equity,Automotive & Energy,421.6600036621094,438.20001220703125,419.6199951171875,431.44000244140625,68124000,0.029076,0.32758175581541565,0.3834011970525386,0.442990691470126,,,4.26,3.6,0.66,3.64,326.588,yfinance
2026-01-20,TSLA,"Tesla, Inc.",Equity,Automotive & Energy,429.3599853515625,430.7300109863281,417.44000244140625,419.25,63187300,-0.041714,0.3348643470759982,0.3725527281300925,0.44143651882898405,,,4.3,3.6,0.7,3.64,326.588,yfinance
2026-01-16,TSLA,"Tesla, Inc.",Equity,Automotive & Energy,439.5,447.25,435.260009765625,437.5,60220600,-0.00244,0.3417568310761359,0.35690368896810404,0.43306136200695794,,,4.24,3.59,0.65,3.64,326.588,yfinance
2026-01-15,TSLA,"Tesla, Inc.",Equity,Automotive & Energy,441.1300048828125,445.3599853515625,437.6499938964844,438.57000732421875,49465800,-0.001434,0.36331635835666304,0.37576193594749374,0.43359069992936244,,,4.17,3.56,0.61,3.64,326.588,yfinance
2026-01-14,TSLA,"Tesla, Inc.",Equity,Automotive & Energy,442.80999755859375,443.9100036621094,434.2200012207031,439.20001220703125,57259500,-0.017889,0.387469448398268,0.3757995955671479,0.43526228222394503,,,4.15,3.51,0.64,3.64,326.588,yfinance
2026-01-13,TSLA,"Tesla, Inc.",Equity,Automotive & Energy,450.20001220703125,451.80999755859375,443.95001220703125,447.20001220703125,53719200,-0.00392,0.39514287607858695,0.37159542772960114,0.43642155063071725,,,4.18,3.53,0.65,3.64,326.588,yfinance
2026-01-12,TSLA,"Tesla, Inc.",Equity,Automotive & Energy,441.2300109863281,454.29998779296875,438.0,448.9599914550781,61649600,0.008876,0.39651490107071435,0.37180464205917646,0.43748421133195997,,,4.19,3.54,0.65,3.64,326.588,yfinance
2026-01-09,TSLA,"Tesla, Inc.",Equity,Automotive & Energy,435.95001220703125,449.04998779296875,430.3900146484375,445.010009765625,67331500,0.021134,0.39841051390733,0.37390335408920666,0.43798903237363485,,,4.18,3.54,0.64,3.64,326.588,yfinance
2026-01-08,TSLA,"Tesla, Inc.",Equity,Automotive & Energy,427.8900146484375,436.8900146484375,424.3699951171875,435.79998779296875,57041100,0.010176,0.39393833445789905,0.36964084291063387,0.4371172486277738,,,4.19,3.49,0.7,3.64,326.588,yfinance
2026-01-07,TSLA,"Tesla, Inc.",Equity,Automotive & Energy,435.8999938964844,438.3699951171875,431.2900085449219,431.4100036621094,59828800,-0.00358,0.40892271584019607,0.4139364232688546,0.44989298904343444,,,4.15,3.47,0.68,3.64,326.588,yfinance
2026-01-06,TSLA,"Tesla, Inc.",Equity,Automotive & Energy,446.3800048828125,448.25,428.7799987792969,432.9599914550781,89093800,-0.041424,0.4090862052160786,0.41542253716280003,0.4626045386640588,,,4.18,3.47,0.71,3.64,326.588,yfinance
2026-01-05,TSLA,"Tesla, Inc.",Equity,Automotive & Energy,447.989990234375,457.54998779296875,444.57000732421875,451.6700134277344,67940800,0.031045,0.38718336620114424,0.40000226428550517,0.454446922726316,,,4.17,3.46,0.71,3.64,326.588,yfinance
2026-01-02,TSLA,"Tesla, Inc.",Equity,Automotive & Energy,457.79998779296875,458.3399963378906,435.29998779296875,438.07000732421875,85535400,-0.025905,0.3975893649221938,0.39198769969789543,0.4508723446853934,,,4.19,3.47,0.72,3.64,326.588,yfinance
2025-12-31,TSLA,"Tesla, Inc.",Equity,Automotive & Energy,456.1000061035156,456.54998779296875,449.29998779296875,449.7200012207031,49078000,-0.010365,0.3853733423187984,0.3878097744572252,0.4573732303659704,,,4.18,3.47,0.71,3.72,326.031,yfinance
2025-12-30,TSLA,"Tesla, Inc.",Equity,Automotive & Energy,461.0899963378906,463.1199951171875,453.8299865722656,454.42999267578125,59238500,-0.011335,0.3827896012754093,0.3862921871134261,0.46960916310512885,,,4.14,3.45,0.69,3.72,326.031,yfinance
2025-12-29,TSLA,"Tesla, Inc.",Equity,Automotive & Energy,469.0,469.3999938964844,459.0,459.6400146484375,66263000,-0.032724,0.3797873080497596,0.38358424573082733,0.4699652695160756,,,4.12,3.45,0.67,3.72,326.031,yfinance
2025-12-26,TSLA,"Tesla, Inc.",Equity,Automotive & Energy,485.2300109863281,489.0899963378906,473.82000732421875,475.19000244140625,58780700,-0.021034,0.3576391667653255,0.4254207286313742,0.47748198925173824,,,4.14,3.46,0.68,3.72,326.031,yfinance
2025-12-24,TSLA,"Tesla, Inc.",Equity,Automotive & Energy,488.4800109863281,490.8999938964844,476.79998779296875,485.3999938964844,41285400,-0.00033,0.3438828045232632,0.4251589777612448,0.4797241671603493,,,4.15,3.47,0.68,3.72,326.031,yfinance
2025-12-23,TSLA,"Tesla, Inc.",Equity,Automotive & Energy,489.3999938964844,491.9700012207031,482.8399963378906,485.55999755859375,58223600,-0.006486,0.3982252027568064,0.4275757554931274,0.47972569218223543,,,4.18,3.48,0.7,3.72,326.031,yfinance
2025-12-22,TSLA,"Tesla, Inc.",Equity,Automotive & Energy,489.8800048828125,498.8299865722656,485.3299865722656,488.7300109863281,86916100,0.015648,0.4006016516429844,0.43705114664418115,0.4795306905079846,,,4.17,3.44,0.73,3.72,326.031,yfinance
2025-12-19,TSLA,"Tesla, Inc.",Equity,Automotive & Energy,488.1199951171875,490.489990234375,474.7200012207031,481.20001220703125,103305400,-0.004489,0.4149702140749855,0.4519464692688802,0.48492531305789577,,,4.16,3.48,0.68,3.72,326.031,yfinance
2025-12-18,TSLA,"Tesla, Inc.",Equity,Automotive & Energy,478.1600036621094,490.8599853515625,473.1199951171875,483.3699951171875,95168400,0.034478,0.41240697763794004,0.46495617590356025,0.4942246635039489,,,4.12,3.46,0.66,3.72,326.031,yfinance
2025-12-17,TSLA,"Tesla, Inc.",Equity,Automotive & Energy,488.2200012207031,495.2799987792969,466.20001220703125,467.260009765625,106490400,-0.046175,0.4126132946137307,0.4684824479524143,0.49576622020088906,,,4.16,3.49,0.67,3.72,326.031,yfinance
2025-12-16,TSLA,"Tesla, Inc.",Equity,Automotive & Energy,472.2099914550781,491.5,465.8299865722656,489.8800048828125,107608100,0.030654,0.3636796645863391,0.47379251453250604,0.4872678469298988,,,4.15,3.48,0.67,3.72,326.031,yfinance
2025-12-15,TSLA,"Tesla, Inc.",Equity,Automotive & Energy,469.44000244140625,481.7699890136719,467.6600036621094,475.30999755859375,114542200,0.035624,0.355607855356438,0.47152929914386504,,,,4.18,3.51,0.67,3.72,326.031,yfinance
2025-12-12,TSLA,"Tesla, Inc.",Equity,Automotive & Energy,448.0899963378906,463.010009765625,441.6700134277344,458.9599914550781,95656700,0.027009,0.43009060421595735,0.47261747487543165,,,,4.19,3.52,0.67,3.72,326.031,yfinance
2025-12-11,TSLA,"Tesla, Inc.",Equity,Automotive & Energy,448.95001220703125,449.2699890136719,440.3299865722656,446.8900146484375,55979500,-0.010101,0.4286298713467461,0.4868395726878758,,,,4.14,3.52,0.62,3.72,326.031,yfinance
2025-12-10,TSLA,"Tesla, Inc.",Equity,Automotive & Energy,446.07000732421875,456.8800048828125,443.6099853515625,451.45001220703125,63257500,0.014107,0.42953093209465326,0.4861477581185202,,,,4.13,3.54,0.59,3.72,326.031,yfinance
2025-12-09,TSLA,"Tesla, Inc.",Equity,Automotive & Energy,437.5400085449219,452.3900146484375,435.70001220703125,445.1700134277344,62367400,0.012717,0.4445569372933875,0.48726856209688113,,,,4.18,3.61,0.57,3.72,326.031,yfinance
2025-12-08,TSLA,"Tesla, Inc.",Equity,Automotive & Energy,447.45001220703125,449.75,435.25,439.5799865722656,69165800,-0.03389,0.4625312372183315,0.5015476418975223,,,,4.17,3.57,0.6,3.72,326.031,yfinance
2025-12-05,TSLA,"Tesla, Inc.",Equity,Automotive & Energy,453.0299987792969,458.8699951171875,451.6600036621094,455.0,56427500,0.001034,0.4635789417190075,0.501609127844858,,,,4.14,3.56,0.58,3.72,326.031,yfinance
2025-12-04,TSLA,"Tesla, Inc.",Equity,Automotive & Energy,449.94000244140625,454.6300048828125,445.3900146484375,454.5299987792969,71906500,0.017437,0.4839299202872502,0.5056876734113372,,,,4.11,3.52,0.59,3.72,326.031,yfinance
2025-12-03,TSLA,"Tesla, Inc.",Equity,Automotive & Energy,432.1000061035156,447.9200134277344,431.1099853515625,446.739990234375,87483000,0.04077,0.5143794196873178,0.5040226529531637,,,,4.06,3.49,0.57,3.72,326.031,yfinance
2025-12-02,TSLA,"Tesla, Inc.",Equity,Automotive & Energy,430.80999755859375,436.79998779296875,422.1199951171875,429.239990234375,69336600,-0.002092,0.5017376896329939,0.4906246992188043,,,,4.09,3.51,0.58,3.72,326.031,yfinance
2025-12-01,TSLA,"Tesla, Inc.",Equity,Automotive & Energy,425.32000732421875,433.6600036621094,425.2900085449219,430.1400146484375,57463600,-7e-05,0.5202336384957729,0.493922375474223,,,,4.09,3.54,0.55,3.72,326.031,yfinance
2025-11-28,TSLA,"Tesla, Inc.",Equity,Automotive & Energy,426.5899963378906,432.92999267578125,426.20001220703125,430.1700134277344,36252900,0.008416,0.5444456073282954,0.49922878559755945,,,,4.02,3.47,0.55,3.88,325.063,yfinance
2025-11-26,TSLA,"Tesla, Inc.",Equity,Automotive & Energy,423.95001220703125,426.94000244140625,416.8900146484375,426.5799865722656,63463000,0.01712,0.5431716094791808,0.5004151596774042,,,,4.0,3.45,0.55,3.88,325.063,yfinance
2025-11-25,TSLA,"Tesla, Inc.",Equity,Automotive & Energy,414.4200134277344,420.4800109863281,405.95001220703125,419.3999938964844,71915600,0.003878,0.5435789394837199,0.49949494796233573,,,,4.01,3.43,0.58,3.88,325.063,yfinance
2025-11-24,TSLA,"Tesla, Inc.",Equity,Automotive & Energy,402.1700134277344,421.7200012207031,401.0899963378906,417.7799987792969,96806400,0.068245,0.5659905921868786,0.5010575092706853,,,,4.04,3.46,0.58,3.88,325.063,yfinance
2025-11-21,TSLA,"Tesla, Inc.",Equity,Automotive & Energy,402.32000732421875,402.79998779296875,383.760009765625,391.0899963378906,100460600,-0.010475,0.5195240235367433,0.4868438288854569,,,,4.06,3.51,0.55,3.88,325.063,yfinance
2025-11-20,TSLA,"Tesla, Inc.",Equity,Automotive & Energy,414.6300048828125,428.94000244140625,394.739990234375,395.2300109863281,113548800,-0.021684,0.5289011492119083,0.5076165076488167,,,,4.1,3.55,0.55,3.88,325.063,yfinance
2025-11-19,TSLA,"Tesla, Inc.",Equity,Automotive & Energy,406.17999267578125,411.7799987792969,398.5,403.989990234375,72047700,0.006829,0.5254970678358465,0.5046928790872982,,,,4.13,3.58,0.55,3.88,325.063,yfinance
2025-11-18,TSLA,"Tesla, Inc.",Equity,Automotive & Energy,405.3800048828125,408.8999938964844,393.7099914550781,401.25,80688600,-0.018757,0.5243344179575019,0.5059887323190216,,,,4.12,3.58,0.54,3.88,325.063,yfinance
2025-11-17,TSLA,"Tesla, Inc.",Equity,Automotive & Energy,398.739990234375,423.9599914550781,398.739990234375,408.9200134277344,102214300,0.011302,0.5278942867970879,0.519151274519617,,,,4.13,3.6,0.53,3.88,325.063,yfinance
2025-11-14,TSLA,"Tesla, Inc.",Equity,Automotive & Energy,386.29998779296875,412.19000244140625,382.7799987792969,404.3500061035156,105506700,0.005871,0.5343815682418918,0.5430159674576518,,,,4.14,3.62,0.52,3.88,325.063,yfinance
2025-11-13,TSLA,"Tesla, Inc.",Equity,Automotive & Energy,423.1300048828125,424.5,396.3399963378906,401.989990234375,118948000,-0.066442,0.5349657445989477,0.5436035992360312,,,,4.11,3.58,0.53,3.88,325.063,yfinance
2025-11-12,TSLA,"Tesla, Inc.",Equity,Automotive & Energy,442.1499938964844,442.3299865722656,426.55999755859375,430.6000061035156,58513500,-0.020518,0.48244092366280406,0.5281948618760159,,,,4.08,3.56,0.52,3.88,325.063,yfinance
2025-11-11,TSLA,"Tesla, Inc.",Equity,Automotive & Energy,439.3999938964844,442.489990234375,432.3599853515625,439.6199951171875,60533200,-0.0126,0.47987876582725675,0.5344853759928603,,,,4.13,3.58,0.55,3.88,325.063,yfinance
2025-11-10,TSLA,"Tesla, Inc.",Equity,Automotive & Energy,439.6000061035156,449.6700134277344,433.3599853515625,445.2300109863281,76515900,0.036576,0.510018347344669,0.5333014823378044,,,,4.13,3.58,0.55,3.88,325.063,yfinance
2025-11-07,TSLA,"Tesla, Inc.",Equity,Automotive & Energy,437.9200134277344,439.3599853515625,421.8800048828125,429.5199890136719,103471500,-0.036756,0.5301264369781107,0.5228510506299623,,,,4.11,3.55,0.56,3.88,325.063,yfinance
2025-11-06,TSLA,"Tesla, Inc.",Equity,Automotive & Energy,461.9599914550781,467.45001220703125,435.0899963378906,445.9100036621094,109622900,-0.034973,0.5137842572174969,0.5235192429667256,,,,4.11,3.57,0.54,3.88,325.063,yfinance
2025-11-05,TSLA,"Tesla, Inc.",Equity,Automotive & Energy,452.04998779296875,466.3299865722656,440.7099914550781,462.07000732421875,85573000,0.040089,0.4977234557320788,0.5298618828189031,,,,4.17,3.63,0.54,3.88,325.063,yfinance
2025-11-04,TSLA,"Tesla, Inc.",Equity,Automotive & Energy,454.4599914550781,460.2200012207031,443.6000061035156,444.260009765625,87756600,-0.051476,0.5065779894799024,0.5296774249139894,,,,4.1,3.58,0.52,3.88,325.063,yfinance
2025-11-03,TSLA,"Tesla, Inc.",Equity,Automotive & Energy,455.989990234375,474.07000732421875,453.79998779296875,468.3699951171875,84595200,0.025867,0.5027049322202621,0.5083602655148781,,,,4.13,3.6,0.53,3.88,325.063,yfinance
2025-10-31,TSLA,"Tesla, Inc.",Equity,Automotive & Energy,446.75,458.0,443.69000244140625,456.55999755859375,83135800,0.037401,0.500203983275237,,,,,4.11,3.6,0.51,4.09,324.245,yfinance
2025-10-30,TSLA,"Tesla, Inc.",Equity,Automotive & Energy,451.04998779296875,455.05999755859375,439.6099853515625,440.1000061035156,72447900,-0.046391,0.5176752362849556,,,,,4.11,3.61,0.5,4.09,324.245,yfinance
2025-10-29,TSLA,"Tesla, Inc.",Equity,Automotive & Energy,462.5,465.70001220703125,452.6499938964844,461.510009765625,67983500,0.002085,0.5032308428319946,,,,,4.08,3.59,0.49,4.09,324.245,yfinance
2025-10-28,TSLA,"Tesla, Inc.",Equity,Automotive & Energy,454.7799987792969,467.0,451.6000061035156,460.54998779296875,80185700,0.01797,0.5032620691246842,,,,,3.99,3.47,0.52,4.09,324.245,yfinance
2025-10-27,TSLA,"Tesla, Inc.",Equity,Automotive & Energy,439.9800109863281,460.1600036621094,438.69000244140625,452.4200134277344,105867500,0.043115,0.500234160102936,,,,,4.01,3.48,0.53,4.09,324.245,yfinance
2025-10-24,TSLA,"Tesla, Inc.",Equity,Automotive & Energy,446.8299865722656,451.67999267578125,430.1700134277344,433.7200012207031,94727800,-0.033988,0.49741221153769594,,,,,4.02,3.48,0.54,4.09,324.245,yfinance
2025-10-23,TSLA,"Tesla, Inc.",Equity,Automotive & Energy,420.0,449.3999938964844,413.8999938964844,448.9800109863281,126709800,0.022803,0.5078155491203172,,,,,4.01,3.48,0.53,4.09,324.245,yfinance
2025-10-22,TSLA,"Tesla, Inc.",Equity,Automotive & Energy,443.45001220703125,445.5400085449219,429.0,438.9700012207031,84023500,-0.008202,0.5198145174998872,,,,,3.97,3.45,0.52,4.09,324.245,yfinance
2025-10-21,TSLA,"Tesla, Inc.",Equity,Automotive & Energy,445.760009765625,449.29998779296875,442.04998779296875,442.6000061035156,54412200,-0.010795,0.5238773863040845,,,,,3.98,3.45,0.53,4.09,324.245,yfinance
2025-10-20,TSLA,"Tesla, Inc.",Equity,Automotive & Energy,443.8699951171875,449.79998779296875,440.6099853515625,447.42999267578125,63719000,0.018484,,,,,,4.0,3.46,0.54,4.09,324.245,yfinance
2025-10-17,TSLA,"Tesla, Inc.",Equity,Automotive & Energy,425.5,441.4599914550781,423.6000061035156,439.30999755859375,89331600,0.02463,,,,,,4.02,3.46,0.56,4.09,324.245,yfinance
2025-10-16,TSLA,"Tesla, Inc.",Equity,Automotive & Energy,434.7300109863281,439.3500061035156,421.30999755859375,428.75,77189900,-0.014708,,,,,,3.99,3.41,0.58,4.09,324.245,yfinance
2025-10-15,TSLA,"Tesla, Inc.",Equity,Automotive & Energy,434.8999938964844,440.510009765625,426.3299865722656,435.1499938964844,71558200,0.013769,,,,,,4.05,3.5,0.55,4.09,324.245,yfinance
2025-10-14,TSLA,"Tesla, Inc.",Equity,Automotive & Energy,426.7900085449219,434.20001220703125,417.8599853515625,429.239990234375,72669400,-0.015279,,,,,,4.03,3.48,0.55,4.09,324.245,yfinance
2025-10-13,TSLA,"Tesla, Inc.",Equity,Automotive & Energy,423.5299987792969,436.8900146484375,419.70001220703125,435.8999938964844,79552800,0.054197,,,,,,4.05,3.52,0.53,4.09,324.245,yfinance
2025-10-10,TSLA,"Tesla, Inc.",Equity,Automotive & Energy,436.5400085449219,443.1300048828125,411.45001220703125,413.489990234375,112107900,-0.050627,,,,,,4.05,3.52,0.53,4.09,324.245,yfinance
2025-10-09,TSLA,"Tesla, Inc.",Equity,Automotive & Energy,431.80999755859375,436.3500061035156,426.17999267578125,435.5400085449219,69339900,-0.00718,,,,,,4.14,3.6,0.54,4.09,324.245,yfinance
2025-10-08,TSLA,"Tesla, Inc.",Equity,Automotive & Energy,437.57000732421875,441.3299865722656,425.2300109863281,438.69000244140625,71192100,0.01293,,,,,,4.13,3.58,0.55,4.09,324.245,yfinance
2025-10-07,TSLA,"Tesla, Inc.",Equity,Automotive & Energy,447.82000732421875,452.67999267578125,432.45001220703125,433.0899963378906,102296100,-0.044479,,,,,,4.14,3.57,0.57,4.09,324.245,yfinance
2025-10-06,TSLA,"Tesla, Inc.",Equity,Automotive & Energy,440.75,453.54998779296875,436.69000244140625,453.25,85324900,0.054487,,,,,,4.18,3.6,0.58,4.09,324.245,yfinance
2025-10-03,TSLA,"Tesla, Inc.",Equity,Automotive & Energy,443.2900085449219,446.7699890136719,416.5799865722656,429.8299865722656,133188200,-0.014151,,,,,,4.13,3.58,0.55,4.09,324.245,yfinance
2025-10-02,TSLA,"Tesla, Inc.",Equity,Automotive & Energy,470.5400085449219,470.75,435.57000732421875,436.0,137009000,-0.05106,,,,,,4.1,3.55,0.55,4.09,324.245,yfinance
2025-10-01,TSLA,"Tesla, Inc.",Equity,Automotive & Energy,443.79998779296875,462.2900085449219,440.75,459.4599914550781,98122300,0.033144,,,,,,4.12,3.55,0.57,4.09,324.245,yfinance
2025-09-30,TSLA,"Tesla, Inc.",Equity,Automotive & Energy,441.5199890136719,445.0,433.1199951171875,444.7200012207031,74358000,0.003407,,,,,,4.16,3.6,0.56,4.22,324.245,yfinance
2025-09-29,TSLA,"Tesla, Inc.",Equity,Automotive & Energy,444.3500061035156,450.9800109863281,439.5,443.2099914550781,79491500,0.006381,,,,,,4.15,3.63,0.52,4.22,324.245,yfinance
2025-09-26,TSLA,"Tesla, Inc.",Equity,Automotive & Energy,428.29998779296875,440.4700012207031,421.0199890136719,440.3999938964844,101628200,0.040176,,,,,,4.2,3.63,0.57,4.22,324.245,yfinance
2025-09-25,TSLA,"Tesla, Inc.",Equity,Automotive & Energy,435.239990234375,435.3500061035156,419.0799865722656,423.3900146484375,96746400,-0.043813,,,,,,4.18,3.64,0.54,4.22,324.245,yfinance
2025-09-24,TSLA,"Tesla, Inc.",Equity,Automotive & Energy,429.8299865722656,444.2099914550781,429.0299987792969,442.7900085449219,93133600,0.039779,,,,,,4.16,3.57,0.59,4.22,324.245,yfinance
2025-09-23,TSLA,"Tesla, Inc.",Equity,Automotive & Energy,439.8800048828125,440.9700012207031,423.7200012207031,425.8500061035156,83422700,-0.019253,,,,,,4.12,3.53,0.59,4.22,324.245,yfinance
2025-09-22,TSLA,"Tesla, Inc.",Equity,Automotive & Energy,431.1099853515625,444.9800109863281,429.1300048828125,434.2099914550781,97108800,,,,,,,4.15,3.61,0.54,4.22,324.245,yfinance
